x,y
-100.0,-199.0
-99.93331110370123,-198.86662220740246
-99.86662220740247,-198.73324441480494
-99.7999333111037,-198.5998666222074
-99.73324441480493,-198.46648882960986
-99.66655551850617,-198.33311103701234
-99.5998666222074,-198.1997332444148
-99.53317772590863,-198.06635545181726
-99.46648882960987,-197.93297765921974
-99.3997999333111,-197.7995998666222
-99.33311103701234,-197.6662220740247
-99.26642214071357,-197.53284428142715
-99.1997332444148,-197.3994664888296
-99.13304434811604,-197.2660886962321
-99.06635545181727,-197.13271090363455
-98.9996665555185,-196.999333111037
-98.93297765921974,-196.8659553184395
-98.86628876292097,-196.73257752584195
-98.7995998666222,-196.5991997332444
-98.73291097032345,-196.4658219406469
-98.66622207402467,-196.33244414804935
-98.5995331777259,-196.1990663554518
-98.53284428142715,-196.0656885628543
-98.46615538512837,-195.93231077025675
-98.3994664888296,-195.7989329776592
-98.33277759253085,-195.6655551850617
-98.26608869623207,-195.53217739246415
-98.19939979993332,-195.39879959986663
-98.13271090363455,-195.2654218072691
-98.06602200733577,-195.13204401467155
-97.99933311103702,-194.99866622207404
-97.93264421473825,-194.8652884294765
-97.86595531843948,-194.73191063687895
-97.79926642214072,-194.59853284428144
-97.73257752584195,-194.4651550516839
-97.66588862954318,-194.33177725908635
-97.59919973324442,-194.19839946648884
-97.53251083694565,-194.0650216738913
-97.46582194064688,-193.93164388129375
-97.39913304434812,-193.79826608869624
-97.33244414804935,-193.6648882960987
-97.26575525175059,-193.53151050350118
-97.19906635545182,-193.39813271090364
-97.13237745915305,-193.2647549183061
-97.06568856285429,-193.13137712570858
-96.99899966655552,-192.99799933311104
-96.93231077025675,-192.8646215405135
-96.86562187395799,-192.73124374791598
-96.79893297765922,-192.59786595531844
-96.73224408136045,-192.4644881627209
-96.66555518506169,-192.33111037012338
-96.59886628876292,-192.19773257752584
-96.53217739246415,-192.0643547849283
-96.46548849616539,-191.93097699233078
-96.39879959986662,-191.79759919973324
-96.33211070356785,-191.6642214071357
-96.26542180726909,-191.53084361453818
-96.19873291097032,-191.39746582194064
-96.13204401467155,-191.2640880293431
-96.06535511837279,-191.13071023674559
-95.99866622207402,-190.99733244414804
-95.93197732577526,-190.86395465155053
-95.8652884294765,-190.730576858953
-95.79859953317772,-190.59719906635544
-95.73191063687896,-190.46382127375793
-95.6652217405802,-190.3304434811604
-95.59853284428142,-190.19706568856284
-95.53184394798267,-190.06368789596533
-95.4651550516839,-189.9303101033678
-95.39846615538512,-189.79693231077025
-95.33177725908637,-189.66355451817273
-95.2650883627876,-189.5301767255752
-95.19839946648882,-189.39679893297765
-95.13171057019007,-189.26342114038013
-95.0650216738913,-189.1300433477826
-94.99833277759254,-188.99666555518507
-94.93164388129377,-188.86328776258753
-94.864954984995,-188.72990996999
-94.79826608869624,-188.59653217739248
-94.73157719239747,-188.46315438479493
-94.6648882960987,-188.3297765921974
-94.59819939979994,-188.19639879959988
-94.53151050350117,-188.06302100700233
-94.4648216072024,-187.9296432144048
-94.39813271090364,-187.79626542180728
-94.33144381460487,-187.66288762920973
-94.2647549183061,-187.5295098366122
-94.19806602200734,-187.39613204401468
-94.13137712570857,-187.26275425141714
-94.0646882294098,-187.1293764588196
-93.99799933311104,-186.99599866622208
-93.93131043681227,-186.86262087362454
-93.8646215405135,-186.729243081027
-93.79793264421474,-186.59586528842948
-93.73124374791597,-186.46248749583194
-93.66455485161721,-186.32910970323442
-93.59786595531844,-186.19573191063688
-93.53117705901967,-186.06235411803934
-93.46448816272091,-185.92897632544182
-93.39779926642214,-185.79559853284428
-93.33111037012337,-185.66222074024674
-93.26442147382461,-185.52884294764922
-93.19773257752584,-185.39546515505168
-93.13104368122707,-185.26208736245414
-93.06435478492831,-185.12870956985662
-92.99766588862954,-184.99533177725908
-92.93097699233078,-184.86195398466157
-92.86428809603201,-184.72857619206403
-92.79759919973324,-184.59519839946648
-92.73091030343448,-184.46182060686897
-92.66422140713571,-184.32844281427143
-92.59753251083694,-184.19506502167388
-92.53084361453818,-184.06168722907637
-92.46415471823941,-183.92830943647883
-92.39746582194064,-183.79493164388128
-92.33077692564189,-183.66155385128377
-92.26408802934311,-183.52817605868623
-92.19739913304434,-183.39479826608869
-92.13071023674559,-183.26142047349117
-92.06402134044681,-183.12804268089363
-91.99733244414804,-182.9946648882961
-91.93064354784929,-182.86128709569857
-91.86395465155051,-182.72790930310103
-91.79726575525174,-182.5945315105035
-91.73057685895299,-182.46115371790597
-91.66388796265421,-182.32777592530843
-91.59719906635544,-182.1943981327109
-91.53051017005669,-182.06102034011337
-91.46382127375792,-181.92764254751583
-91.39713237745916,-181.79426475491832
-91.33044348116039,-181.66088696232077
-91.26375458486162,-181.52750916972323
-91.19706568856286,-181.39413137712572
-91.13037679226409,-181.26075358452817
-91.06368789596532,-181.12737579193063
-90.99699899966656,-180.99399799933312
-90.93031010336779,-180.86062020673558
-90.86362120706902,-180.72724241413803
-90.79693231077026,-180.59386462154052
-90.73024341447149,-180.46048682894298
-90.66355451817273,-180.32710903634546
-90.59686562187396,-180.19373124374792
-90.53017672557519,-180.06035345115038
-90.46348782927643,-179.92697565855286
-90.39679893297766,-179.79359786595532
-90.33011003667889,-179.66022007335778
-90.26342114038013,-179.52684228076026
-90.19673224408136,-179.39346448816272
-90.13004334778259,-179.26008669556518
-90.06335445148383,-179.12670890296766
-89.99666555518506,-178.99333111037012
-89.92997665888629,-178.85995331777258
-89.86328776258753,-178.72657552517506
-89.79659886628876,-178.59319773257752
-89.72990996998999,-178.45981993997998
-89.66322107369123,-178.32644214738247
-89.59653217739246,-178.19306435478492
-89.52984328109369,-178.05968656218738
-89.46315438479493,-177.92630876958987
-89.39646548849616,-177.79293097699232
-89.32977659219739,-177.65955318439478
-89.26308769589863,-177.52617539179727
-89.19639879959986,-177.39279759919972
-89.1297099033011,-177.2594198066022
-89.06302100700233,-177.12604201400467
-88.99633211070356,-176.99266422140713
-88.9296432144048,-176.8592864288096
-88.86295431810603,-176.72590863621207
-88.79626542180726,-176.59253084361453
-88.7295765255085,-176.459153051017
-88.66288762920973,-176.32577525841947
-88.59619873291098,-176.19239746582195
-88.5295098366122,-176.0590196732244
-88.46282094031343,-175.92564188062687
-88.39613204401468,-175.79226408802936
-88.3294431477159,-175.6588862954318
-88.26275425141714,-175.52550850283427
-88.19606535511838,-175.39213071023676
-88.1293764588196,-175.2587529176392
-88.06268756252084,-175.12537512504167
-87.99599866622208,-174.99199733244416
-87.92930976992331,-174.85861953984661
-87.86262087362454,-174.72524174724907
-87.79593197732578,-174.59186395465156
-87.72924308102701,-174.45848616205402
-87.66255418472824,-174.32510836945647
-87.59586528842948,-174.19173057685896
-87.52917639213071,-174.05835278426142
-87.46248749583194,-173.92497499166387
-87.39579859953318,-173.79159719906636
-87.32910970323441,-173.65821940646882
-87.26242080693564,-173.52484161387127
-87.19573191063688,-173.39146382127376
-87.12904301433811,-173.25808602867622
-87.06235411803935,-173.1247082360787
-86.99566522174058,-172.99133044348116
-86.92897632544181,-172.85795265088362
-86.86228742914305,-172.7245748582861
-86.79559853284428,-172.59119706568856
-86.72890963654551,-172.45781927309102
-86.66222074024675,-172.3244414804935
-86.59553184394798,-172.19106368789596
-86.52884294764921,-172.05768589529842
-86.46215405135045,-171.9243081027009
-86.39546515505168,-171.79093031010336
-86.32877625875292,-171.65755251750585
-86.26208736245415,-171.5241747249083
-86.19539846615538,-171.39079693231076
-86.12870956985662,-171.25741913971325
-86.06202067355785,-171.1240413471157
-85.99533177725908,-170.99066355451816
-85.92864288096033,-170.85728576192065
-85.86195398466155,-170.7239079693231
-85.79526508836278,-170.59053017672557
-85.72857619206403,-170.45715238412805
-85.66188729576525,-170.3237745915305
-85.59519839946648,-170.19039679893297
-85.52850950316773,-170.05701900633545
-85.46182060686895,-169.9236412137379
-85.39513171057018,-169.79026342114037
-85.32844281427143,-169.65688562854285
-85.26175391797265,-169.5235078359453
-85.19506502167388,-169.39013004334777
-85.12837612537513,-169.25675225075025
-85.06168722907636,-169.1233744581527
-84.99499833277758,-168.98999666555517
-84.92830943647883,-168.85661887295765
-84.86162054018006,-168.7232410803601
-84.7949316438813,-168.5898632877626
-84.72824274758253,-168.45648549516505
-84.66155385128376,-168.3231077025675
-84.594864954985,-168.18972990997
-84.52817605868623,-168.05635211737246
-84.46148716238746,-167.9229743247749
-84.3947982660887,-167.7895965321774
-84.32810936978993,-167.65621873957986
-84.26142047349116,-167.5228409469823
-84.1947315771924,-167.3894631543848
-84.12804268089363,-167.25608536178726
-84.06135378459487,-167.12270756918974
-83.9946648882961,-166.9893297765922
-83.92797599199733,-166.85595198399466
-83.86128709569857,-166.72257419139714
-83.7945981993998,-166.5891963987996
-83.72790930310103,-166.45581860620206
-83.66122040680227,-166.32244081360454
-83.5945315105035,-166.189063021007
-83.52784261420473,-166.05568522840946
-83.46115371790597,-165.92230743581194
-83.3944648216072,-165.7889296432144
-83.32777592530843,-165.65555185061686
-83.26108702900967,-165.52217405801935
-83.1943981327109,-165.3887962654218
-83.12770923641213,-165.25541847282426
-83.06102034011337,-165.12204068022675
-82.9943314438146,-164.9886628876292
-82.92764254751583,-164.85528509503166
-82.86095365121707,-164.72190730243415
-82.7942647549183,-164.5885295098366
-82.72757585861953,-164.45515171723906
-82.66088696232077,-164.32177392464155
-82.594198066022,-164.188396132044
-82.52750916972323,-164.05501833944646
-82.46082027342447,-163.92164054684895
-82.3941313771257,-163.7882627542514
-82.32744248082695,-163.6548849616539
-82.26075358452817,-163.52150716905635
-82.19406468822942,-163.38812937645883
-82.12737579193065,-163.2547515838613
-82.06068689563187,-163.12137379126375
-81.99399799933312,-162.98799599866624
-81.92730910303435,-162.8546182060687
-81.86062020673558,-162.72124041347115
-81.79393131043682,-162.58786262087364
-81.72724241413805,-162.4544848282761
-81.66055351783928,-162.32110703567855
-81.59386462154052,-162.18772924308104
-81.52717572524175,-162.0543514504835
-81.46048682894298,-161.92097365788595
-81.39379793264422,-161.78759586528844
-81.32710903634545,-161.6542180726909
-81.26042014004668,-161.52084028009335
-81.19373124374792,-161.38746248749584
-81.12704234744915,-161.2540846948983
-81.06035345115038,-161.12070690230075
-80.99366455485162,-160.98732910970324
-80.92697565855285,-160.8539513171057
-80.86028676225408,-160.72057352450815
-80.79359786595532,-160.58719573191064
-80.72690896965655,-160.4538179393131
-80.66022007335778,-160.32044014671555
-80.59353117705902,-160.18706235411804
-80.52684228076025,-160.0536845615205
-80.46015338446148,-159.92030676892296
-80.39346448816272,-159.78692897632544
-80.32677559186395,-159.6535511837279
-80.26008669556519,-159.52017339113038
-80.19339779926642,-159.38679559853284
-80.12670890296765,-159.2534178059353
-80.06002000666889,-159.12004001333779
-79.99333111037012,-158.98666222074024
-79.92664221407136,-158.85328442814273
-79.8599533177726,-158.7199066355452
-79.79326442147382,-158.58652884294764
-79.72657552517506,-158.45315105035013
-79.6598866288763,-158.3197732577526
-79.59319773257752,-158.18639546515504
-79.52650883627877,-158.05301767255753
-79.45981993998,-157.91963987996
-79.39313104368122,-157.78626208736245
-79.32644214738247,-157.65288429476493
-79.2597532510837,-157.5195065021674
-79.19306435478492,-157.38612870956985
-79.12637545848617,-157.25275091697233
-79.0596865621874,-157.1193731243748
-78.99299766588862,-156.98599533177725
-78.92630876958987,-156.85261753917973
-78.8596198732911,-156.7192397465822
-78.79293097699232,-156.58586195398465
-78.72624208069357,-156.45248416138713
-78.6595531843948,-156.3191063687896
-78.59286428809602,-156.18572857619205
-78.52617539179727,-156.05235078359453
-78.4594864954985,-155.918972990997
-78.39279759919972,-155.78559519839945
-78.32610870290097,-155.65221740580193
-78.2594198066022,-155.5188396132044
-78.19273091030342,-155.38546182060685
-78.12604201400467,-155.25208402800934
-78.0593531177059,-155.1187062354118
-77.99266422140714,-154.98532844281428
-77.92597532510837,-154.85195065021674
-77.8592864288096,-154.7185728576192
-77.79259753251084,-154.58519506502168
-77.72590863621207,-154.45181727242414
-77.65921973991331,-154.31843947982662
-77.59253084361454,-154.18506168722908
-77.52584194731577,-154.05168389463154
-77.45915305101701,-153.91830610203402
-77.39246415471824,-153.78492830943648
-77.32577525841947,-153.65155051683894
-77.25908636212071,-153.51817272424142
-77.19239746582194,-153.38479493164388
-77.12570856952317,-153.25141713904634
-77.05901967322441,-153.11803934644882
-76.99233077692564,-152.98466155385128
-76.92564188062687,-152.85128376125374
-76.85895298432811,-152.71790596865623
-76.79226408802934,-152.58452817605868
-76.72557519173057,-152.45115038346114
-76.65888629543181,-152.31777259086363
-76.59219739913304,-152.18439479826608
-76.52550850283427,-152.05101700566854
-76.45881960653551,-151.91763921307103
-76.39213071023674,-151.78426142047348
-76.32544181393797,-151.65088362787594
-76.25875291763921,-151.51750583527843
-76.19206402134044,-151.38412804268089
-76.12537512504167,-151.25075025008334
-76.05868622874291,-151.11737245748583
-75.99199733244414,-150.9839946648883
-75.92530843614537,-150.85061687229074
-75.85861953984661,-150.71723907969323
-75.79193064354784,-150.5838612870957
-75.72524174724909,-150.45048349449817
-75.65855285095031,-150.31710570190063
-75.59186395465156,-150.18372790930312
-75.52517505835279,-150.05035011670557
-75.45848616205402,-149.91697232410803
-75.39179726575526,-149.78359453151052
-75.32510836945649,-149.65021673891297
-75.25841947315772,-149.51683894631543
-75.19173057685896,-149.38346115371792
-75.12504168056019,-149.25008336112037
-75.05835278426142,-149.11670556852283
-74.99166388796266,-148.98332777592532
-74.92497499166389,-148.84994998332778
-74.85828609536512,-148.71657219073023
-74.79159719906636,-148.58319439813272
-74.72490830276759,-148.44981660553518
-74.65821940646882,-148.31643881293763
-74.59153051017006,-148.18306102034012
-74.52484161387129,-148.04968322774258
-74.45815271757252,-147.91630543514503
-74.39146382127376,-147.78292764254752
-74.32477492497499,-147.64954984994998
-74.25808602867622,-147.51617205735243
-74.19139713237746,-147.38279426475492
-74.12470823607869,-147.24941647215738
-74.05801933977992,-147.11603867955984
-73.99133044348116,-146.98266088696232
-73.92464154718239,-146.84928309436478
-73.85795265088362,-146.71590530176724
-73.79126375458486,-146.58252750916972
-73.72457485828609,-146.44914971657218
-73.65788596198733,-146.31577192397467
-73.59119706568856,-146.18239413137712
-73.52450816938979,-146.04901633877958
-73.45781927309103,-145.91563854618207
-73.39113037679226,-145.78226075358452
-73.3244414804935,-145.648882960987
-73.25775258419473,-145.51550516838947
-73.19106368789596,-145.38212737579192
-73.1243747915972,-145.2487495831944
-73.05768589529843,-145.11537179059687
-72.99099699899966,-144.98199399799933
-72.9243081027009,-144.8486162054018
-72.85761920640213,-144.71523841280427
-72.79093031010336,-144.58186062020673
-72.7242414138046,-144.4484828276092
-72.65755251750583,-144.31510503501167
-72.59086362120706,-144.18172724241413
-72.5241747249083,-144.0483494498166
-72.45748582860953,-143.91497165721907
-72.39079693231076,-143.78159386462153
-72.324108036012,-143.648216072024
-72.25741913971324,-143.51483827942647
-72.19073024341446,-143.38146048682893
-72.1240413471157,-143.2480826942314
-72.05735245081694,-143.11470490163387
-71.99066355451816,-142.98132710903633
-71.92397465821941,-142.84794931643881
-71.85728576192064,-142.71457152384127
-71.79059686562186,-142.58119373124373
-71.72390796932311,-142.44781593864622
-71.65721907302434,-142.31443814604867
-71.59053017672557,-142.18106035345113
-71.52384128042681,-142.04768256085362
-71.45715238412804,-141.91430476825607
-71.39046348782928,-141.78092697565856
-71.32377459153051,-141.64754918306102
-71.25708569523174,-141.51417139046347
-71.19039679893298,-141.38079359786596
-71.12370790263421,-141.24741580526842
-71.05701900633545,-141.1140380126709
-70.99033011003668,-140.98066022007336
-70.92364121373791,-140.84728242747582
-70.85695231743915,-140.7139046348783
-70.79026342114038,-140.58052684228076
-70.72357452484161,-140.44714904968322
-70.65688562854285,-140.3137712570857
-70.59019673224408,-140.18039346448816
-70.52350783594531,-140.04701567189062
-70.45681893964655,-139.9136378792931
-70.39013004334778,-139.78026008669556
-70.32344114704901,-139.64688229409802
-70.25675225075025,-139.5135045015005
-70.19006335445148,-139.38012670890296
-70.12337445815271,-139.24674891630542
-70.05668556185395,-139.1133711237079
-69.98999666555518,-138.97999333111036
-69.92330776925641,-138.84661553851282
-69.85661887295765,-138.7132377459153
-69.78992997665888,-138.57985995331777
-69.72324108036011,-138.44648216072022
-69.65655218406135,-138.3131043681227
-69.58986328776258,-138.17972657552517
-69.52317439146381,-138.04634878292762
-69.45648549516505,-137.9129709903301
-69.38979659886628,-137.77959319773257
-69.32310770256751,-137.64621540513502
-69.25641880626875,-137.5128376125375
-69.18972990996998,-137.37945981993997
-69.12304101367123,-137.24608202734245
-69.05635211737246,-137.1127042347449
-68.9896632210737,-136.9793264421474
-68.92297432477493,-136.84594864954985
-68.85628542847616,-136.7125708569523
-68.7895965321774,-136.5791930643548
-68.72290763587863,-136.44581527175725
-68.65621873957986,-136.3124374791597
-68.5895298432811,-136.1790596865622
-68.52284094698233,-136.04568189396466
-68.45615205068356,-135.9123041013671
-68.3894631543848,-135.7789263087696
-68.32277425808603,-135.64554851617206
-68.25608536178726,-135.5121707235745
-68.1893964654885,-135.378792930977
-68.12270756918973,-135.24541513837946
-68.05601867289096,-135.1120373457819
-67.9893297765922,-134.9786595531844
-67.92264088029343,-134.84528176058686
-67.85595198399466,-134.71190396798931
-67.7892630876959,-134.5785261753918
-67.72257419139713,-134.44514838279426
-67.65588529509836,-134.31177059019672
-67.5891963987996,-134.1783927975992
-67.52250750250083,-134.04501500500166
-67.45581860620206,-133.91163721240412
-67.3891297099033,-133.7782594198066
-67.32244081360453,-133.64488162720906
-67.25575191730576,-133.51150383461152
-67.189063021007,-133.378126042014
-67.12237412470824,-133.2447482494165
-67.05568522840946,-133.11137045681892
-66.9889963321107,-132.9779926642214
-66.92230743581194,-132.8446148716239
-66.85561853951316,-132.71123707902632
-66.7889296432144,-132.5778592864288
-66.72224074691565,-132.4444814938313
-66.65555185061687,-132.31110370123375
-66.5888629543181,-132.1777259086362
-66.52217405801935,-132.0443481160387
-66.45548516172057,-131.91097032344115
-66.3887962654218,-131.7775925308436
-66.32210736912305,-131.6442147382461
-66.25541847282427,-131.51083694564855
-66.1887295765255,-131.377459153051
-66.12204068022675,-131.2440813604535
-66.05535178392797,-131.11070356785595
-65.9886628876292,-130.9773257752584
-65.92197399133045,-130.8439479826609
-65.85528509503168,-130.71057019006335
-65.7885961987329,-130.5771923974658
-65.72190730243415,-130.4438146048683
-65.65521840613538,-130.31043681227075
-65.5885295098366,-130.1770590196732
-65.52184061353785,-130.0436812270757
-65.45515171723908,-129.91030343447815
-65.3884628209403,-129.7769256418806
-65.32177392464155,-129.6435478492831
-65.25508502834278,-129.51017005668555
-65.188396132044,-129.376792264088
-65.12170723574525,-129.2434144714905
-65.05501833944648,-129.11003667889295
-64.9883294431477,-128.9766588862954
-64.92164054684895,-128.8432810936979
-64.85495165055019,-128.70990330110038
-64.7882627542514,-128.5765255085028
-64.72157385795265,-128.4431477159053
-64.65488496165389,-128.30976992330778
-64.5881960653551,-128.1763921307102
-64.52150716905635,-128.0430143381127
-64.45481827275759,-127.90963654551518
-64.38812937645882,-127.77625875291764
-64.32144048016005,-127.6428809603201
-64.25475158386129,-127.50950316772258
-64.18806268756252,-127.37612537512504
-64.12137379126375,-127.2427475825275
-64.05468489496499,-127.10936978992999
-63.98799599866622,-126.97599199733244
-63.92130710236746,-126.84261420473491
-63.854618206068686,-126.70923641213737
-63.78792930976992,-126.57585861953984
-63.72124041347116,-126.44248082694232
-63.654551517172386,-126.30910303434477
-63.58786262087362,-126.17572524174724
-63.52117372457486,-126.04234744914972
-63.45448482827609,-125.90896965655217
-63.38779593197732,-125.77559186395465
-63.32110703567856,-125.64221407135712
-63.254418139379794,-125.50883627875959
-63.18772924308102,-125.37545848616205
-63.12104034678226,-125.24208069356452
-63.054351450483495,-125.10870290096699
-62.98766255418472,-124.97532510836945
-62.92097365788596,-124.84194731577192
-62.854284761587195,-124.70856952317439
-62.78759586528843,-124.57519173057686
-62.72090696898966,-124.44181393797932
-62.654218072690895,-124.30843614538179
-62.58752917639213,-124.17505835278426
-62.52084028009336,-124.04168056018672
-62.454151383794596,-123.90830276758919
-62.38746248749583,-123.77492497499166
-62.32077359119706,-123.64154718239412
-62.254084694898296,-123.50816938979659
-62.18739579859953,-123.37479159719906
-62.12070690230077,-123.24141380460154
-62.054018006001996,-123.10803601200399
-61.98732910970323,-122.97465821940646
-61.92064021340447,-122.84128042680894
-61.8539513171057,-122.7079026342114
-61.78726242080693,-122.57452484161387
-61.72057352450817,-122.44114704901634
-61.653884628209404,-122.30776925641881
-61.58719573191063,-122.17439146382127
-61.52050683561187,-122.04101367122374
-61.453817939313105,-121.90763587862621
-61.38712904301433,-121.77425808602867
-61.32044014671557,-121.64088029343114
-61.253751250416805,-121.50750250083361
-61.187062354118034,-121.37412470823607
-61.12037345781927,-121.24074691563854
-61.053684561520505,-121.10736912304101
-60.98699566522174,-120.97399133044348
-60.92030676892297,-120.84061353784594
-60.853617872624206,-120.70723574524841
-60.78692897632544,-120.57385795265088
-60.72024008002667,-120.44048016005334
-60.653551183727906,-120.30710236745581
-60.58686228742914,-120.17372457485828
-60.52017339113038,-120.04034678226076
-60.453484494831606,-119.90696898966321
-60.38679559853284,-119.77359119706568
-60.32010670223408,-119.64021340446816
-60.25341780593531,-119.50683561187061
-60.18672890963654,-119.37345781927309
-60.12004001333778,-119.24008002667556
-60.053351117039014,-119.10670223407803
-59.98666222074024,-118.97332444148049
-59.91997332444148,-118.83994664888296
-59.853284428142715,-118.70656885628543
-59.78659553184394,-118.57319106368789
-59.71990663554518,-118.43981327109036
-59.653217739246415,-118.30643547849283
-59.586528842947644,-118.17305768589529
-59.51983994664888,-118.03967989329776
-59.453151050350115,-117.90630210070023
-59.38646215405135,-117.7729243081027
-59.31977325775258,-117.63954651550516
-59.253084361453816,-117.50616872290763
-59.18639546515505,-117.3727909303101
-59.11970656885628,-117.23941313771256
-59.053017672557516,-117.10603534511503
-58.98632877625875,-116.9726575525175
-58.91963987995999,-116.83927975991998
-58.852950983661216,-116.70590196732243
-58.78626208736245,-116.5725241747249
-58.71957319106369,-116.43914638212738
-58.65288429476492,-116.30576858952983
-58.58619539846615,-116.1723907969323
-58.51950650216739,-116.03901300433478
-58.45281760586862,-115.90563521173723
-58.38612870956985,-115.7722574191397
-58.31943981327109,-115.63887962654218
-58.252750916972325,-115.50550183394465
-58.18606202067355,-115.3721240413471
-58.11937312437479,-115.23874624874958
-58.052684228076025,-115.10536845615205
-57.985995331777254,-114.97199066355451
-57.91930643547849,-114.83861287095698
-57.852617539179725,-114.70523507835945
-57.78592864288096,-114.57185728576192
-57.71923974658219,-114.43847949316438
-57.652550850283426,-114.30510170056685
-57.58586195398466,-114.17172390796932
-57.51917305768589,-114.03834611537178
-57.452484161387126,-113.90496832277425
-57.38579526508836,-113.77159053017672
-57.31910636878959,-113.63821273757918
-57.252417472490826,-113.50483494498165
-57.18572857619206,-113.37145715238412
-57.1190396798933,-113.2380793597866
-57.05235078359453,-113.10470156718905
-56.98566188729576,-112.97132377459153
-56.918972990997,-112.837945981994
-56.85228409469823,-112.70456818939645
-56.78559519839946,-112.57119039679893
-56.7189063021007,-112.4378126042014
-56.652217405801935,-112.30443481160387
-56.58552850950316,-112.17105701900633
-56.5188396132044,-112.0376792264088
-56.452150716905635,-111.90430143381127
-56.385461820606864,-111.77092364121373
-56.3187729243081,-111.6375458486162
-56.252084028009335,-111.50416805601867
-56.18539513171057,-111.37079026342114
-56.1187062354118,-111.2374124708236
-56.052017339113036,-111.10403467822607
-55.98532844281427,-110.97065688562854
-55.9186395465155,-110.837279093031
-55.851950650216736,-110.70390130043347
-55.78526175391797,-110.57052350783594
-55.7185728576192,-110.4371457152384
-55.651883961320436,-110.30376792264087
-55.58519506502167,-110.17039013004334
-55.51850616872291,-110.03701233744582
-55.45181727242414,-109.90363454484827
-55.38512837612537,-109.77025675225075
-55.31843947982661,-109.63687895965322
-55.25175058352784,-109.50350116705567
-55.18506168722907,-109.37012337445815
-55.11837279093031,-109.23674558186062
-55.051683894631545,-109.10336778926309
-54.98499499833277,-108.96998999666555
-54.91830610203401,-108.83661220406802
-54.851617205735245,-108.70323441147049
-54.784928309436474,-108.56985661887295
-54.71823941313771,-108.43647882627542
-54.651550516838945,-108.30310103367789
-54.584861620540174,-108.16972324108035
-54.51817272424141,-108.03634544848282
-54.451483827942646,-107.90296765588529
-54.38479493164388,-107.76958986328776
-54.31810603534511,-107.63621207069022
-54.251417139046346,-107.50283427809269
-54.18472824274758,-107.36945648549516
-54.11803934644881,-107.23607869289762
-54.051350450150046,-107.10270090030009
-53.98466155385128,-106.96932310770256
-53.91797265755252,-106.83594531510504
-53.85128376125375,-106.7025675225075
-53.78459486495498,-106.56918972990997
-53.71790596865622,-106.43581193731244
-53.65121707235745,-106.3024341447149
-53.58452817605868,-106.16905635211737
-53.51783927975992,-106.03567855951984
-53.451150383461155,-105.90230076692231
-53.38446148716238,-105.76892297432477
-53.31777259086362,-105.63554518172724
-53.251083694564855,-105.50216738912971
-53.184394798266084,-105.36878959653217
-53.11770590196732,-105.23541180393464
-53.051017005668555,-105.10203401133711
-52.984328109369784,-104.96865621873957
-52.91763921307102,-104.83527842614204
-52.850950316772256,-104.70190063354451
-52.78426142047349,-104.56852284094698
-52.71757252417472,-104.43514504834944
-52.650883627875956,-104.30176725575191
-52.58419473157719,-104.16838946315438
-52.51750583527842,-104.03501167055684
-52.450816938979656,-103.90163387795931
-52.38412804268089,-103.76825608536178
-52.31743914638213,-103.63487829276426
-52.25075025008336,-103.50150050016671
-52.18406135378459,-103.36812270756919
-52.11737245748583,-103.23474491497166
-52.05068356118706,-103.10136712237411
-51.98399466488829,-102.96798932977659
-51.91730576858953,-102.83461153717906
-51.85061687229076,-102.70123374458151
-51.78392797599199,-102.56785595198399
-51.71723907969323,-102.43447815938646
-51.650550183394465,-102.30110036678893
-51.583861287095694,-102.16772257419139
-51.51717239079693,-102.03434478159386
-51.450483494498165,-101.90096698899633
-51.383794598199394,-101.76758919639879
-51.31710570190063,-101.63421140380126
-51.250416805601866,-101.50083361120373
-51.1837279093031,-101.3674558186062
-51.11703901300433,-101.23407802600866
-51.050350116705566,-101.10070023341113
-50.9836612204068,-100.9673224408136
-50.91697232410803,-100.83394464821606
-50.850283427809266,-100.70056685561853
-50.7835945315105,-100.567189063021
-50.71690563521173,-100.43381127042346
-50.65021673891297,-100.30043347782593
-50.5835278426142,-100.1670556852284
-50.51683894631544,-100.03367789263088
-50.45015005001667,-99.90030010003333
-50.3834611537179,-99.7669223074358
-50.31677225741914,-99.63354451483828
-50.25008336112037,-99.50016672224073
-50.1833944648216,-99.3667889296432
-50.11670556852284,-99.23341113704568
-50.050016672224075,-99.10003334444815
-49.983327775925304,-98.96665555185061
-49.91663887962654,-98.83327775925308
-49.849949983327775,-98.69989996665555
-49.783261087029004,-98.56652217405801
-49.71657219073024,-98.43314438146048
-49.649883294431476,-98.29976658886295
-49.58319439813271,-98.16638879626542
-49.51650550183394,-98.03301100366788
-49.449816605535176,-97.89963321107035
-49.38312770923641,-97.76625541847282
-49.31643881293764,-97.63287762587528
-49.249749916638876,-97.49949983327775
-49.18306102034011,-97.36612204068022
-49.11637212404134,-97.23274424808268
-49.04968322774258,-97.09936645548515
-48.98299433144381,-96.96598866288763
-48.91630543514505,-96.8326108702901
-48.84961653884628,-96.69923307769255
-48.78292764254751,-96.56585528509503
-48.71623874624875,-96.4324774924975
-48.64954984994998,-96.29909969989995
-48.58286095365121,-96.16572190730243
-48.51617205735245,-96.0323441147049
-48.449483161053685,-95.89896632210737
-48.382794264754914,-95.76558852950983
-48.31610536845615,-95.6322107369123
-48.249416472157385,-95.49883294431477
-48.182727575858614,-95.36545515171723
-48.11603867955985,-95.2320773591197
-48.049349783261086,-95.09869956652217
-47.982660886962314,-94.96532177392463
-47.91597199066355,-94.8319439813271
-47.849283094364786,-94.69856618872957
-47.78259419806602,-94.56518839613204
-47.71590530176725,-94.4318106035345
-47.649216405468486,-94.29843281093697
-47.58252750916972,-94.16505501833944
-47.51583861287095,-94.0316772257419
-47.44914971657219,-93.89829943314437
-47.38246082027342,-93.76492164054685
-47.31577192397466,-93.63154384794932
-47.24908302767589,-93.49816605535177
-47.18239413137712,-93.36478826275425
-47.11570523507836,-93.23141047015672
-47.04901633877959,-93.09803267755917
-46.98232744248082,-92.96465488496165
-46.91563854618206,-92.83127709236412
-46.848949649883295,-92.69789929976659
-46.782260753584524,-92.56452150716905
-46.71557185728576,-92.43114371457152
-46.648882960986995,-92.29776592197399
-46.582194064688224,-92.16438812937645
-46.51550516838946,-92.03101033677892
-46.448816272090696,-91.89763254418139
-46.382127375791924,-91.76425475158385
-46.31543847949316,-91.63087695898632
-46.248749583194396,-91.49749916638879
-46.18206068689563,-91.36412137379126
-46.11537179059686,-91.23074358119372
-46.048682894298096,-91.09736578859619
-45.98199399799933,-90.96398799599866
-45.91530510170056,-90.83061020340112
-45.8486162054018,-90.6972324108036
-45.78192730910303,-90.56385461820607
-45.71523841280427,-90.43047682560854
-45.6485495165055,-90.297099033011
-45.58186062020673,-90.16372124041347
-45.51517172390797,-90.03034344781594
-45.4484828276092,-89.8969656552184
-45.38179393131043,-89.76358786262087
-45.31510503501167,-89.63021007002334
-45.2484161387129,-89.4968322774258
-45.181727242414134,-89.36345448482827
-45.11503834611537,-89.23007669223074
-45.048349449816605,-89.09669889963321
-44.981660553517834,-88.96332110703567
-44.91497165721907,-88.82994331443814
-44.848282760920306,-88.69656552184061
-44.781593864621534,-88.56318772924307
-44.71490496832277,-88.42980993664554
-44.648216072024006,-88.29643214404801
-44.58152717572524,-88.16305435145048
-44.51483827942647,-88.02967655885294
-44.448149383127706,-87.89629876625541
-44.38146048682894,-87.76292097365788
-44.31477159053017,-87.62954318106034
-44.24808269423141,-87.49616538846281
-44.18139379793264,-87.36278759586529
-44.11470490163387,-87.22940980326774
-44.04801600533511,-87.09603201067021
-43.98132710903634,-86.96265421807269
-43.91463821273758,-86.82927642547516
-43.84794931643881,-86.69589863287761
-43.78126042014004,-86.56252084028009
-43.71457152384128,-86.42914304768256
-43.64788262754251,-86.29576525508502
-43.581193731243744,-86.16238746248749
-43.51450483494498,-86.02900966988996
-43.447815938646215,-85.89563187729243
-43.381127042347444,-85.76225408469489
-43.31443814604868,-85.62887629209736
-43.247749249749916,-85.49549849949983
-43.181060353451144,-85.36212070690229
-43.11437145715238,-85.22874291430476
-43.047682560853616,-85.09536512170723
-42.98099366455485,-84.9619873291097
-42.91430476825608,-84.82860953651216
-42.847615871957316,-84.69523174391463
-42.78092697565855,-84.5618539513171
-42.71423807935978,-84.42847615871956
-42.64754918306102,-84.29509836612203
-42.58086028676225,-84.1617205735245
-42.51417139046348,-84.02834278092696
-42.44748249416472,-83.89496498832943
-42.38079359786595,-83.7615871957319
-42.31410470156719,-83.62820940313438
-42.24741580526842,-83.49483161053683
-42.18072690896965,-83.3614538179393
-42.11403801267089,-83.22807602534178
-42.04734911637212,-83.09469823274424
-41.980660220073354,-82.96132044014671
-41.91397132377459,-82.82794264754918
-41.847282427475825,-82.69456485495165
-41.780593531177054,-82.56118706235411
-41.71390463487829,-82.42780926975658
-41.647215738579526,-82.29443147715905
-41.580526842280754,-82.16105368456151
-41.51383794598199,-82.02767589196398
-41.447149049683226,-81.89429809936645
-41.380460153384455,-81.76092030676891
-41.31377125708569,-81.62754251417138
-41.247082360786926,-81.49416472157385
-41.18039346448816,-81.36078692897632
-41.11370456818939,-81.22740913637878
-41.04701567189063,-81.09403134378125
-40.98032677559186,-80.96065355118373
-40.91363787929309,-80.82727575858618
-40.84694898299433,-80.69389796598865
-40.78026008669556,-80.56052017339113
-40.7135711903968,-80.4271423807936
-40.64688229409803,-80.29376458819605
-40.58019339779926,-80.16038679559853
-40.5135045015005,-80.027009003001
-40.44681560520173,-79.89363121040346
-40.380126708902964,-79.76025341780593
-40.3134378126042,-79.6268756252084
-40.246748916305435,-79.49349783261087
-40.180060020006664,-79.36012004001333
-40.1133711237079,-79.2267422474158
-40.046682227409136,-79.09336445481827
-39.979993331110364,-78.95998666222073
-39.9133044348116,-78.8266088696232
-39.846615538512836,-78.69323107702567
-39.779926642214065,-78.55985328442813
-39.7132377459153,-78.4264754918306
-39.646548849616536,-78.29309769923307
-39.57985995331777,-78.15971990663554
-39.513171057019,-78.026342114038
-39.44648216072024,-77.89296432144047
-39.37979326442147,-77.75958652884295
-39.3131043681227,-77.6262087362454
-39.24641547182394,-77.49283094364787
-39.17972657552517,-77.35945315105035
-39.11303767922641,-77.22607535845282
-39.04634878292764,-77.09269756585527
-38.97965988662887,-76.95931977325775
-38.91297099033011,-76.82594198066022
-38.84628209403134,-76.69256418806268
-38.779593197732574,-76.55918639546515
-38.71290430143381,-76.42580860286762
-38.64621540513504,-76.29243081027008
-38.579526508836274,-76.15905301767255
-38.51283761253751,-76.02567522507502
-38.446148716238746,-75.89229743247749
-38.379459819939974,-75.75891963987995
-38.31277092364121,-75.62554184728242
-38.246082027342446,-75.49216405468489
-38.179393131043675,-75.35878626208735
-38.11270423474491,-75.22540846948982
-38.046015338446146,-75.09203067689229
-37.97932644214738,-74.95865288429476
-37.91263754584861,-74.82527509169722
-37.84594864954985,-74.6918972990997
-37.77925975325108,-74.55851950650217
-37.71257085695231,-74.42514171390462
-37.64588196065355,-74.2917639213071
-37.57919306435478,-74.15838612870957
-37.51250416805601,-74.02500833611202
-37.44581527175725,-73.8916305435145
-37.37912637545848,-73.75825275091697
-37.31243747915972,-73.62487495831944
-37.24574858286095,-73.4914971657219
-37.179059686562184,-73.35811937312437
-37.11237079026342,-73.22474158052684
-37.04568189396465,-73.0913637879293
-36.978992997665884,-72.95798599533177
-36.91230410136712,-72.82460820273424
-36.845615205068356,-72.69123041013671
-36.778926308769584,-72.55785261753917
-36.71223741247082,-72.42447482494164
-36.645548516172056,-72.29109703234411
-36.578859619873285,-72.15771923974657
-36.51217072357452,-72.02434144714904
-36.445481827275756,-71.89096365455151
-36.37879293097699,-71.75758586195398
-36.31210403467822,-71.62420806935644
-36.24541513837946,-71.49083027675891
-36.17872624208069,-71.35745248416139
-36.11203734578192,-71.22407469156384
-36.04534844948316,-71.09069689896631
-35.978659553184386,-70.95731910636877
-35.91197065688563,-70.82394131377126
-35.84528176058686,-70.69056352117371
-35.778592864288086,-70.55718572857617
-35.71190396798933,-70.42380793597866
-35.64521507169056,-70.29043014338112
-35.57852617539179,-70.15705235078357
-35.51183727909303,-70.02367455818606
-35.44514838279426,-69.89029676558852
-35.3784594864955,-69.756918972991
-35.31177059019673,-69.62354118039346
-35.24508169389796,-69.49016338779592
-35.1783927975992,-69.3567855951984
-35.11170390130043,-69.22340780260086
-35.04501500500166,-69.09003001000332
-34.9783261087029,-68.9566522174058
-34.91163721240413,-68.82327442480826
-34.84494831610536,-68.68989663221072
-34.7782594198066,-68.5565188396132
-34.71157052350783,-68.42314104701566
-34.64488162720906,-68.28976325441812
-34.5781927309103,-68.1563854618206
-34.51150383461153,-68.02300766922306
-34.444814938312774,-67.88962987662555
-34.378126042014,-67.756252084028
-34.31143714571523,-67.62287429143046
-34.244748249416475,-67.48949649883295
-34.1780593531177,-67.3561187062354
-34.11137045681893,-67.22274091363786
-34.044681560520175,-67.08936312104035
-33.977992664221404,-66.95598532844281
-33.91130376792263,-66.82260753584526
-33.844614871623875,-66.68922974324775
-33.777925975325104,-66.55585195065021
-33.71123707902633,-66.42247415805267
-33.644548182727576,-66.28909636545515
-33.577859286428804,-66.15571857285761
-33.51117039013003,-66.02234078026007
-33.444481493831276,-65.88896298766255
-33.377792597532505,-65.75558519506501
-33.31110370123375,-65.6222074024675
-33.244414804934976,-65.48882960986995
-33.177725908636205,-65.35545181727241
-33.11103701233745,-65.2220740246749
-33.04434811603868,-65.08869623207735
-32.977659219739905,-64.95531843947981
-32.91097032344115,-64.8219406468823
-32.84428142714238,-64.68856285428475
-32.777592530843606,-64.55518506168721
-32.71090363454485,-64.4218072690897
-32.64421473824608,-64.28842947649215
-32.577525841947306,-64.15505168389461
-32.51083694564855,-64.0216738912971
-32.44414804934978,-63.888296098699556
-32.37745915305101,-63.75491830610201
-32.31077025675225,-63.6215405135045
-32.24408136045348,-63.488162720906956
-32.17739246415472,-63.35478492830944
-32.11070356785595,-63.2214071357119
-32.04401467155718,-63.08802934311436
-31.97732577525842,-62.95465155051684
-31.91063687895965,-62.8212737579193
-31.84394798266088,-62.68789596532176
-31.777259086362122,-62.554518172724244
-31.71057019006335,-62.4211403801267
-31.64388129376458,-62.28776258752916
-31.577192397465822,-62.154384794931644
-31.51050350116705,-62.0210070023341
-31.44381460486828,-61.88762920973656
-31.377125708569523,-61.754251417139045
-31.31043681227075,-61.6208736245415
-31.24374791597198,-61.48749583194396
-31.177059019673223,-61.354118039346446
-31.11037012337445,-61.2207402467489
-31.043681227075695,-61.08736245415139
-30.976992330776923,-60.95398466155385
-30.910303434478152,-60.820606868956304
-30.843614538179395,-60.68722907635879
-30.776925641880624,-60.55385128376125
-30.710236745581852,-60.420473491163705
-30.643547849283095,-60.28709569856619
-30.576858952984324,-60.15371790596865
-30.510170056685553,-60.020340113371105
-30.443481160386796,-59.88696232077359
-30.376792264088024,-59.75358452817605
-30.310103367789253,-59.620206735578506
-30.243414471490496,-59.48682894298099
-30.176725575191725,-59.35345115038345
-30.110036678892953,-59.22007335778591
-30.043347782594196,-59.08669556518839
-29.976658886295425,-58.95331777259085
-29.909969989996668,-58.819939979993336
-29.843281093697897,-58.68656218739579
-29.776592197399125,-58.55318439479825
-29.70990330110037,-58.41980660220074
-29.643214404801597,-58.286428809603194
-29.576525508502826,-58.15305101700565
-29.50983661220407,-58.01967322440814
-29.443147715905297,-57.886295431810595
-29.376458819606526,-57.75291763921305
-29.30976992330777,-57.61953984661554
-29.243081027008998,-57.486162054017996
-29.176392130710227,-57.35278426142045
-29.10970323441147,-57.21940646882294
-29.043014338112698,-57.086028676225396
-28.976325441813927,-56.952650883627854
-28.90963654551517,-56.81927309103034
-28.8429476492164,-56.6858952984328
-28.77625875291764,-56.55251750583528
-28.70956985661887,-56.41913971323774
-28.6428809603201,-56.2857619206402
-28.576192064021342,-56.152384128042684
-28.50950316772257,-56.01900633544514
-28.4428142714238,-55.8856285428476
-28.376125375125042,-55.752250750250084
-28.30943647882627,-55.61887295765254
-28.2427475825275,-55.485495165055
-28.176058686228743,-55.352117372457485
-28.10936978992997,-55.21873957985994
-28.0426808936312,-55.0853617872624
-27.975991997332443,-54.951983994664886
-27.90930310103367,-54.81860620206734
-27.842614204734915,-54.68522840946983
-27.775925308436143,-54.55185061687229
-27.709236412137372,-54.418472824274744
-27.642547515838615,-54.28509503167723
-27.575858619539844,-54.15171723907969
-27.509169723241072,-54.018339446482145
-27.442480826942315,-53.88496165388463
-27.375791930643544,-53.75158386128709
-27.309103034344773,-53.618206068689545
-27.242414138046016,-53.48482827609203
-27.175725241747244,-53.35145048349449
-27.109036345448473,-53.218072690896946
-27.042347449149716,-53.08469489829943
-26.975658552850945,-52.95131710570189
-26.908969656552173,-52.81793931310435
-26.842280760253416,-52.68456152050683
-26.775591863954645,-52.55118372790929
-26.708902967655888,-52.417805935311776
-26.642214071357117,-52.28442814271423
-26.575525175058345,-52.15105035011669
-26.50883627875959,-52.01767255751918
-26.442147382460817,-51.884294764921634
-26.375458486162046,-51.75091697232409
-26.30876958986329,-51.61753917972658
-26.242080693564517,-51.484161387129035
-26.175391797265746,-51.35078359453149
-26.10870290096699,-51.21740580193398
-26.042014004668218,-51.084028009336436
-25.975325108369447,-50.95065021673889
-25.90863621207069,-50.81727242414138
-25.841947315771918,-50.683894631543836
-25.775258419473147,-50.550516838946294
-25.70856952317439,-50.41713904634878
-25.64188062687562,-50.28376125375124
-25.57519173057686,-50.15038346115372
-25.50850283427809,-50.01700566855618
-25.44181393797932,-49.88362787595864
-25.375125041680562,-49.750250083361124
-25.30843614538179,-49.61687229076358
-25.24174724908302,-49.48349449816604
-25.175058352784262,-49.350116705568524
-25.10836945648549,-49.21673891297098
-25.04168056018672,-49.08336112037344
-24.974991663887963,-48.949983327775925
-24.90830276758919,-48.81660553517838
-24.84161387129042,-48.68322774258084
-24.774924974991663,-48.549849949983326
-24.70823607869289,-48.41647215738578
-24.64154718239412,-48.28309436478824
-24.574858286095363,-48.14971657219073
-24.508169389796592,-48.016338779593184
-24.441480493497835,-47.88296098699567
-24.374791597199064,-47.74958319439813
-24.308102700900292,-47.616205401800585
-24.241413804601535,-47.48282760920307
-24.174724908302764,-47.34944981660553
-24.108036012003993,-47.216072024007985
-24.041347115705236,-47.08269423141047
-23.974658219406464,-46.94931643881293
-23.907969323107693,-46.815938646215386
-23.841280426808936,-46.68256085361787
-23.774591530510165,-46.54918306102033
-23.707902634211393,-46.41580526842279
-23.641213737912636,-46.28242747582527
-23.574524841613865,-46.14904968322773
-23.507835945315094,-46.01567189063019
-23.441147049016337,-45.88229409803267
-23.374458152717565,-45.74891630543513
-23.30776925641881,-45.61553851283762
-23.241080360120037,-45.482160720240074
-23.174391463821266,-45.34878292764253
-23.10770256752251,-45.21540513504502
-23.041013671223737,-45.082027342447475
-22.974324774924966,-44.94864954984993
-22.90763587862621,-44.81527175725242
-22.840946982327438,-44.681893964654876
-22.774258086028667,-44.54851617205733
-22.70756918972991,-44.41513837945982
-22.640880293431138,-44.281760586862276
-22.574191397132367,-44.148382794264734
-22.50750250083361,-44.01500500166722
-22.44081360453484,-43.88162720906968
-22.374124708236067,-43.748249416472134
-22.30743581193731,-43.61487162387462
-22.24074691563854,-43.48149383127708
-22.174058019339782,-43.348116038679564
-22.10736912304101,-43.21473824608202
-22.04068022674224,-43.08136045348448
-21.973991330443482,-42.947982660886964
-21.90730243414471,-42.81460486828942
-21.84061353784594,-42.68122707569188
-21.773924641547183,-42.547849283094365
-21.70723574524841,-42.41447149049682
-21.64054684894964,-42.28109369789928
-21.573857952650883,-42.147715905301766
-21.50716905635211,-42.01433811270422
-21.44048016005334,-41.88096032010668
-21.373791263754583,-41.74758252750917
-21.307102367455812,-41.614204734911624
-21.240413471157055,-41.48082694231411
-21.173724574858284,-41.34744914971657
-21.107035678559512,-41.214071357119025
-21.040346782260755,-41.08069356452151
-20.973657885961984,-40.94731577192397
-20.906968989663213,-40.813937979326425
-20.840280093364456,-40.68056018672891
-20.773591197065684,-40.54718239413137
-20.706902300766913,-40.413804601533826
-20.640213404468156,-40.28042680893631
-20.573524508169385,-40.14704901633877
-20.506835611870613,-40.01367122374123
-20.440146715571856,-39.88029343114371
-20.373457819273085,-39.74691563854617
-20.306768922974314,-39.61353784594863
-20.240080026675557,-39.48016005335111
-20.173391130376785,-39.34678226075357
-20.10670223407803,-39.21340446815606
-20.040013337779257,-39.080026675558514
-19.973324441480486,-38.94664888296097
-19.90663554518173,-38.81327109036346
-19.839946648882957,-38.679893297765915
-19.773257752584186,-38.54651550516837
-19.70656885628543,-38.41313771257086
-19.639879959986658,-38.279759919973316
-19.573191063687887,-38.14638212737577
-19.50650216738913,-38.01300433477826
-19.439813271090358,-37.879626542180716
-19.373124374791587,-37.746248749583174
-19.30643547849283,-37.61287095698566
-19.23974658219406,-37.47949316438812
-19.173057685895287,-37.346115371790574
-19.10636878959653,-37.21273757919306
-19.03967989329776,-37.07935978659552
-18.972990996999002,-36.945981993998004
-18.90630210070023,-36.81260420140046
-18.83961320440146,-36.67922640880292
-18.772924308102702,-36.545848616205404
-18.70623541180393,-36.41247082360786
-18.63954651550516,-36.27909303101032
-18.572857619206403,-36.145715238412805
-18.50616872290763,-36.01233744581526
-18.43947982660886,-35.87895965321772
-18.372790930310103,-35.745581860620206
-18.30610203401133,-35.61220406802266
-18.23941313771256,-35.47882627542512
-18.172724241413803,-35.34544848282761
-18.106035345115032,-35.212070690230064
-18.03934644881626,-35.07869289763252
-17.972657552517504,-34.94531510503501
-17.905968656218732,-34.811937312437465
-17.839279759919975,-34.67855951983995
-17.772590863621204,-34.54518172724241
-17.705901967322433,-34.411803934644865
-17.639213071023676,-34.27842614204735
-17.572524174724904,-34.14504834944981
-17.505835278426133,-34.011670556852266
-17.439146382127376,-33.87829276425475
-17.372457485828605,-33.74491497165721
-17.305768589529833,-33.61153717905967
-17.239079693231076,-33.47815938646215
-17.172390796932305,-33.34478159386461
-17.105701900633534,-33.21140380126707
-17.039013004334777,-33.07802600866955
-16.972324108036005,-32.94464821607201
-16.905635211737234,-32.81127042347447
-16.838946315438477,-32.677892630876954
-16.772257419139706,-32.54451483827941
-16.70556852284095,-32.4111370456819
-16.638879626542177,-32.277759253084355
-16.572190730243406,-32.14438146048681
-16.50550183394465,-32.0110036678893
-16.438812937645878,-31.877625875291756
-16.372124041347107,-31.744248082694213
-16.30543514504835,-31.6108702900967
-16.238746248749578,-31.477492497499156
-16.172057352450807,-31.344114704901614
-16.10536845615205,-31.2107369123041
-16.03867955985328,-31.077359119706557
-15.971990663554507,-30.943981327109015
-15.90530176725575,-30.8106035345115
-15.838612870956979,-30.677225741913958
-15.771923974658208,-30.543847949316415
-15.70523507835945,-30.4104701567189
-15.63854618206068,-30.27709236412136
-15.571857285761922,-30.143714571523844
-15.505168389463151,-30.010336778926302
-15.43847949316438,-29.87695898632876
-15.371790596865623,-29.743581193731245
-15.305101700566851,-29.610203401133703
-15.23841280426808,-29.47682560853616
-15.171723907969323,-29.343447815938646
-15.105035011670552,-29.210070023341103
-15.03834611537178,-29.07669223074356
-14.971657219073023,-28.943314438146047
-14.904968322774252,-28.809936645548504
-14.83827942647548,-28.67655885295096
-14.771590530176724,-28.543181060353447
-14.704901633877952,-28.409803267755905
-14.638212737579181,-28.276425475158362
-14.571523841280424,-28.143047682560848
-14.504834944981653,-28.009669889963305
-14.438146048682896,-27.87629209736579
-14.371457152384124,-27.74291430476825
-14.304768256085353,-27.609536512170706
-14.238079359786596,-27.476158719573192
-14.171390463487825,-27.34278092697565
-14.104701567189053,-27.209403134378107
-14.038012670890296,-27.076025341780593
-13.971323774591525,-26.94264754918305
-13.904634878292754,-26.809269756585508
-13.837945981993997,-26.675891963987993
-13.771257085695225,-26.54251417139045
-13.704568189396454,-26.40913637879291
-13.637879293097697,-26.275758586195394
-13.571190396798926,-26.14238079359785
-13.504501500500169,-26.009003001000337
-13.437812604201397,-25.875625208402795
-13.371123707902626,-25.742247415805252
-13.304434811603869,-25.608869623207738
-13.237745915305098,-25.475491830610196
-13.171057019006327,-25.342114038012653
-13.10436812270757,-25.20873624541514
-13.037679226408798,-25.075358452817596
-12.970990330110027,-24.941980660220054
-12.90430143381127,-24.80860286762254
-12.837612537512499,-24.675225075024997
-12.770923641213727,-24.541847282427455
-12.70423474491497,-24.40846948982994
-12.637545848616199,-24.275091697232398
-12.570856952317428,-24.141713904634855
-12.50416805601867,-24.00833611203734
-12.4374791597199,-23.8749583194398
-12.370790263421142,-23.741580526842284
-12.304101367122371,-23.608202734244742
-12.2374124708236,-23.4748249416472
-12.170723574524843,-23.341447149049685
-12.104034678226071,-23.208069356452143
-12.0373457819273,-23.0746915638546
-11.970656885628543,-22.941313771257086
-11.903967989329772,-22.807935978659543
-11.837279093031,-22.674558186062
-11.770590196732243,-22.541180393464487
-11.703901300433472,-22.407802600866944
-11.6372124041347,-22.2744248082694
-11.570523507835944,-22.141047015671887
-11.503834611537172,-22.007669223074345
-11.437145715238401,-21.874291430476802
-11.370456818939644,-21.740913637879288
-11.303767922640873,-21.607535845281745
-11.237079026342116,-21.47415805268423
-11.170390130043344,-21.34078026008669
-11.103701233744573,-21.207402467489146
-11.037012337445816,-21.074024674891632
-10.970323441147045,-20.94064688229409
-10.903634544848273,-20.807269089696547
-10.836945648549516,-20.673891297099033
-10.770256752250745,-20.54051350450149
-10.703567855951974,-20.407135711903948
-10.636878959653217,-20.273757919306433
-10.570190063354445,-20.14038012670889
-10.503501167055674,-20.00700233411135
-10.436812270756917,-19.873624541513834
-10.370123374458146,-19.74024674891629
-10.303434478159375,-19.60686895631875
-10.236745581860617,-19.473491163721235
-10.170056685561846,-19.340113371123692
-10.103367789263089,-19.206735578526178
-10.036678892964318,-19.073357785928636
-9.969989996665547,-18.939979993331093
-9.90330110036679,-18.80660220073358
-9.836612204068018,-18.673224408136036
-9.769923307769247,-18.539846615538494
-9.70323441147049,-18.40646882294098
-9.636545515171719,-18.273091030343437
-9.569856618872947,-18.139713237745895
-9.50316772257419,-18.00633544514838
-9.436478826275419,-17.872957652550838
-9.369789929976648,-17.739579859953295
-9.30310103367789,-17.60620206735578
-9.23641213737912,-17.47282427475824
-9.169723241080348,-17.339446482160696
-9.103034344781591,-17.206068689563182
-9.03634544848282,-17.07269089696564
-8.969656552184063,-16.939313104368125
-8.902967655885291,-16.805935311770583
-8.83627875958652,-16.67255751917304
-8.769589863287763,-16.539179726575526
-8.702900966988992,-16.405801933977983
-8.63621207069022,-16.27242414138044
-8.569523174391463,-16.139046348782927
-8.502834278092692,-16.005668556185384
-8.43614538179392,-15.872290763587841
-8.369456485495164,-15.738912970990327
-8.302767589196392,-15.605535178392785
-8.236078692897621,-15.472157385795242
-8.169389796598864,-15.338779593197728
-8.102700900300093,-15.205401800600185
-8.036012004001321,-15.072024008002643
-7.969323107702564,-14.938646215405129
-7.902634211403793,-14.805268422807586
-7.835945315105036,-14.671890630210072
-7.769256418806265,-14.53851283761253
-7.702567522507493,-14.405135045014987
-7.635878626208736,-14.271757252417473
-7.569189729909965,-14.13837945981993
-7.502500833611194,-14.005001667222388
-7.435811937312437,-13.871623874624873
-7.369123041013665,-13.73824608202733
-7.302434144714894,-13.604868289429788
-7.235745248416137,-13.471490496832274
-7.169056352117366,-13.338112704234732
-7.1023674558185945,-13.204734911637189
-7.0356785595198374,-13.071357119039675
-6.968989663221066,-12.937979326442132
-6.902300766922309,-12.804601533844618
-6.835611870623538,-12.671223741247076
-6.7689229743247665,-12.537845948649533
-6.7022340780260095,-12.404468156052019
-6.635545181727238,-12.271090363454476
-6.568856285428467,-12.137712570856934
-6.50216738912971,-12.00433477825942
-6.4354784928309385,-11.870956985661877
-6.368789596532167,-11.737579193064335
-6.30210070023341,-11.60420140046682
-6.235411803934639,-11.470823607869278
-6.168722907635868,-11.337445815271735
-6.1020340113371105,-11.204068022674221
-6.035345115038339,-11.070690230076679
-5.968656218739568,-10.937312437479136
-5.901967322440811,-10.803934644881622
-5.83527842614204,-10.67055685228408
-5.7685895298432825,-10.537179059686565
-5.701900633544511,-10.403801267089023
-5.63521173724574,-10.27042347449148
-5.568522840946983,-10.137045681893966
-5.501833944648212,-10.003667889296423
-5.43514504834944,-9.87029009669888
-5.368456152050683,-9.736912304101367
-5.301767255751912,-9.603534511503824
-5.235078359453141,-9.470156718906281
-5.168389463154384,-9.336778926308767
-5.101700566855612,-9.203401133711225
-5.035011670556841,-9.070023341113682
-4.968322774258084,-8.936645548516168
-4.901633877959313,-8.803267755918625
-4.834944981660541,-8.669889963321083
-4.768256085361784,-8.536512170723569
-4.701567189063013,-8.403134378126026
-4.634878292764256,-8.269756585528512
-4.568189396465485,-8.13637879293097
-4.501500500166713,-8.003001000333427
-4.434811603867956,-7.869623207735913
-4.368122707569185,-7.73624541513837
-4.301433811270414,-7.602867622540828
-4.234744914971657,-7.4694898299433135
-4.168056018672885,-7.336112037345771
-4.101367122374114,-7.202734244748228
-4.034678226075357,-7.069356452150714
-3.967989329776586,-6.935978659553172
-3.9013004334778145,-6.802600866955629
-3.8346115371790574,-6.669223074358115
-3.767922640880286,-6.535845281760572
-3.701233744581515,-6.40246748916303
-3.634544848282758,-6.269089696565516
-3.5678559519839865,-6.135711903967973
-3.5011670556852295,-6.002334111370459
-3.434478159386458,-5.868956318772916
-3.367789263087687,-5.735578526175374
-3.30110036678893,-5.60220073357786
-3.2344114704901585,-5.468822940980317
-3.1677225741913873,-5.3354451483827745
-3.10103367789263,-5.20206735578526
-3.034344781593859,-5.068689563187718
-2.9676558852950876,-4.935311770590175
-2.9009669889963305,-4.801933977992661
-2.8342780926975593,-4.6685561853951185
-2.767589196398788,-4.535178392797576
-2.700900300100031,-4.401800600200062
-2.6342114038012596,-4.268422807602519
-2.5675225075024883,-4.135045015004977
-2.5008336112037313,-4.0016672224074625
-2.43414471490496,-3.86828942980992
-2.367455818606203,-3.734911637212406
-2.3007669223074316,-3.6015338446148633
-2.2340780260086603,-3.4681560520173207
-2.1673891297099033,-3.3347782594198065
-2.100700233411132,-3.201400466822264
-2.0340113371123607,-3.0680226742247214
-1.9673224408136036,-2.9346448816272073
-1.9006335445148324,-2.8012670890296647
-1.833944648216061,-2.667889296432122
-1.767255751917304,-2.534511503834608
-1.7005668556185327,-2.4011337112370654
-1.6338779593197614,-2.267755918639523
-1.5671890630210044,-2.1343781260420087
-1.500500166722233,-2.001000333444466
-1.4338112704234618,-1.8676225408469236
-1.3671223741247047,-1.7342447482494094
-1.3004334778259334,-1.6008669556518669
-1.2337445815271764,-1.4674891630543527
-1.167055685228405,-1.3341113704568102
-1.1003667889296338,-1.2007335778592676
-1.0336778926308767,-1.0673557852617535
-0.9669889963321054,-0.9339779926642109
-0.9003001000333342,-0.8006002000666683
-0.8336112037345771,-0.6672224074691542
-0.7669223074358058,-0.5338446148716116
-0.7002334111370345,-0.40046682227406905
-0.6335445148382775,-0.2670890296765549
-0.5668556185395062,-0.13371123707901234
-0.5001667222407349,-0.000333444481469769
-0.4334778259419778,0.13304434811604438
-0.36678892964320653,0.26642214071358694
-0.30010003334444946,0.3997999333111011
-0.23341113704567817,0.5331777259086437
-0.1667222407469069,0.6665555185061862
-0.10003334444814982,0.7999333111037004
-0.033344448149378536,0.9333111037012429
0.03334444814939275,1.0666888962987855
0.10003334444814982,1.2000666888962996
0.1667222407469211,1.3334444814938422
0.23341113704569239,1.4668222740913848
0.30010003334444946,1.600200066688899
0.36678892964322074,1.7335778592864415
0.433477825941992,1.866955651883984
0.5001667222407491,2.000333444481498
0.5668556185395204,2.1337112370790408
0.6335445148382917,2.2670890296765833
0.7002334111370487,2.4004668222740975
0.76692230743582,2.53384461487164
0.8336112037345771,2.667222407469154
0.9003001000333484,2.8006002000666967
0.9669889963321197,2.9339779926642393
1.0336778926308767,3.0673557852617535
1.100366788929648,3.200733577859296
1.1670556852284193,3.3341113704568386
1.2337445815271764,3.4674891630543527
1.3004334778259476,3.6008669556518953
1.367122374124719,3.734244748249438
1.433811270423476,3.867622540846952
1.5005001667222473,4.001000333444495
1.5671890630210186,4.134378126042037
1.6338779593197756,4.267755918639551
1.700566855618547,4.401133711237094
1.7672557519173182,4.534511503834636
1.8339446482160753,4.667889296432151
1.9006335445148466,4.801267089029693
1.9673224408136036,4.934644881627207
2.034011337112375,5.06802267422475
2.100700233411146,5.201400466822292
2.1673891297099033,5.3347782594198065
2.2340780260086746,5.468156052017349
2.300766922307446,5.601533844614892
2.367455818606203,5.734911637212406
2.434144714904974,5.868289429809948
2.5008336112037455,6.001667222407491
2.5675225075025025,6.135045015005005
2.634211403801274,6.268422807602548
2.700900300100045,6.40180060020009
2.767589196398802,6.535178392797604
2.8342780926975735,6.668556185395147
2.9009669889963448,6.8019339779926895
2.967655885295102,6.935311770590204
3.034344781593873,7.068689563187746
3.10103367789263,7.20206735578526
3.1677225741914015,7.335445148382803
3.2344114704901727,7.4688229409803455
3.30110036678893,7.60220073357786
3.367789263087701,7.735578526175402
3.4344781593864724,7.868956318772945
3.5011670556852295,8.002334111370459
3.5678559519840007,8.135711903968001
3.634544848282772,8.269089696565544
3.701233744581529,8.402467489163058
3.7679226408803004,8.5358452817606
3.8346115371790717,8.669223074358143
3.9013004334778287,8.802600866955657
3.9679893297766,8.9359786595532
4.034678226075371,9.069356452150743
4.101367122374128,9.202734244748257
4.1680560186729,9.3361120373458
4.234744914971657,9.469489829943313
4.301433811270428,9.602867622540856
4.368122707569199,9.736245415138399
4.434811603867956,9.869623207735913
4.501500500166728,10.003001000333455
4.568189396465499,10.136378792930998
4.634878292764256,10.269756585528512
4.701567189063027,10.403134378126055
4.768256085361799,10.536512170723597
4.834944981660556,10.669889963321111
4.901633877959327,10.803267755918654
4.968322774258098,10.936645548516196
5.035011670556855,11.07002334111371
5.101700566855627,11.203401133711253
5.168389463154398,11.336778926308796
5.235078359453155,11.47015671890631
5.301767255751926,11.603534511503852
5.368456152050683,11.736912304101367
5.4351450483494546,11.870290096698909
5.501833944648226,12.003667889296452
5.568522840946983,12.137045681893966
5.635211737245754,12.270423474491508
5.7019006335445255,12.403801267089051
5.7685895298432825,12.537179059686565
5.835278426142054,12.670556852284108
5.901967322440825,12.80393464488165
5.968656218739582,12.937312437479164
6.0353451150383535,13.070690230076707
6.102034011337125,13.20406802267425
6.168722907635882,13.337445815271764
6.235411803934653,13.470823607869306
6.30210070023341,13.60420140046682
6.3687895965321815,13.737579193064363
6.435478492830953,13.870956985661905
6.50216738912971,14.00433477825942
6.568856285428481,14.137712570856962
6.635545181727252,14.271090363454505
6.7022340780260095,14.404468156052019
6.768922974324781,14.537845948649561
6.835611870623552,14.671223741247104
6.902300766922309,14.804601533844618
6.96898966322108,14.93797932644216
7.035678559519852,15.071357119039703
7.102367455818609,15.204734911637217
7.16905635211738,15.33811270423476
7.235745248416151,15.471490496832303
7.302434144714908,15.604868289429817
7.36912304101368,15.73824608202736
7.435811937312437,15.871623874624873
7.502500833611208,16.005001667222416
7.569189729909979,16.13837945981996
7.635878626208736,16.271757252417473
7.702567522507508,16.405135045015015
7.769256418806279,16.538512837612558
7.835945315105036,16.671890630210072
7.902634211403807,16.805268422807615
7.969323107702579,16.938646215405157
8.036012004001336,17.07202400800267
8.102700900300107,17.205401800600214
8.169389796598878,17.338779593197756
8.236078692897635,17.47215738579527
8.302767589196407,17.605535178392813
8.369456485495178,17.738912970990356
8.436145381793935,17.87229076358787
8.502834278092706,18.005668556185412
8.569523174391463,18.139046348782927
8.636212070690235,18.27242414138047
8.702900966989006,18.40580193397801
8.769589863287763,18.539179726575526
8.836278759586534,18.67255751917307
8.902967655885305,18.80593531177061
8.969656552184063,18.939313104368125
9.036345448482834,19.072690896965668
9.103034344781605,19.20606868956321
9.169723241080362,19.339446482160724
9.236412137379133,19.472824274758267
9.303101033677905,19.60620206735581
9.369789929976662,19.739579859953324
9.436478826275433,19.872957652550866
9.503167722574204,20.00633544514841
9.569856618872961,20.139713237745923
9.636545515171733,20.273091030343465
9.70323441147049,20.40646882294098
9.769923307769261,20.539846615538522
9.836612204068032,20.673224408136065
9.90330110036679,20.80660220073358
9.96998999666556,20.93997999333112
10.036678892964332,21.073357785928664
10.103367789263089,21.206735578526178
10.17005668556186,21.34011337112372
10.236745581860632,21.473491163721263
10.303434478159389,21.606868956318777
10.37012337445816,21.74024674891632
10.436812270756931,21.873624541513863
10.503501167055688,22.007002334111377
10.57019006335446,22.14038012670892
10.636878959653231,22.273757919306462
10.703567855951988,22.407135711903976
10.77025675225076,22.54051350450152
10.836945648549516,22.673891297099033
10.903634544848288,22.807269089696575
10.970323441147059,22.940646882294118
11.037012337445816,23.074024674891632
11.103701233744587,23.207402467489175
11.170390130043359,23.340780260086717
11.237079026342116,23.47415805268423
11.303767922640887,23.607535845281774
11.370456818939658,23.740913637879316
11.437145715238415,23.87429143047683
11.503834611537187,24.007669223074373
11.570523507835958,24.141047015671916
11.637212404134715,24.27442480826943
11.703901300433486,24.407802600866972
11.770590196732257,24.541180393464515
11.837279093031015,24.67455818606203
11.903967989329786,24.80793597865957
11.970656885628543,24.941313771257086
12.037345781927314,25.07469156385463
12.104034678226085,25.20806935645217
12.170723574524843,25.341447149049685
12.237412470823614,25.474824941647228
12.304101367122385,25.60820273424477
12.370790263421142,25.741580526842284
12.437479159719913,25.874958319439827
12.504168056018685,26.00833611203737
12.570856952317442,26.141713904634884
12.637545848616213,26.275091697232426
12.704234744914984,26.40846948982997
12.770923641213741,26.541847282427483
12.837612537512513,26.675225075025025
12.90430143381127,26.80860286762254
12.970990330110041,26.941980660220082
13.037679226408812,27.075358452817625
13.10436812270757,27.20873624541514
13.17105701900634,27.34211403801268
13.237745915305112,27.475491830610224
13.304434811603869,27.608869623207738
13.37112370790264,27.74224741580528
13.437812604201412,27.875625208402823
13.504501500500169,28.009003001000337
13.57119039679894,28.14238079359788
13.637879293097711,28.275758586195423
13.704568189396468,28.409136378792937
13.77125708569524,28.54251417139048
13.837945981994011,28.675891963988022
13.904634878292768,28.809269756585536
13.97132377459154,28.94264754918308
14.038012670890296,29.076025341780593
14.104701567189068,29.209403134378135
14.171390463487839,29.342780926975678
14.238079359786596,29.476158719573192
14.304768256085367,29.609536512170735
14.371457152384139,29.742914304768277
14.438146048682896,29.87629209736579
14.504834944981667,30.009669889963334
14.571523841280438,30.143047682560876
14.638212737579195,30.27642547515839
14.704901633877967,30.409803267755933
14.771590530176738,30.543181060353476
14.838279426475495,30.67655885295099
14.904968322774266,30.809936645548532
14.971657219073037,30.943314438146075
15.038346115371795,31.07669223074359
15.105035011670566,31.21007002334113
15.171723907969323,31.343447815938646
15.238412804268094,31.47682560853619
15.305101700566865,31.61020340113373
15.371790596865623,31.743581193731245
15.438479493164394,31.876958986328788
15.505168389463165,32.01033677892633
15.571857285761922,32.143714571523844
15.638546182060693,32.27709236412139
15.705235078359465,32.41047015671893
15.771923974658222,32.543847949316444
15.838612870956993,32.677225741913986
15.905301767255764,32.81060353451153
15.971990663554521,32.94398132710904
16.038679559853293,33.077359119706585
16.105368456152064,33.21073691230413
16.17205735245082,33.34411470490164
16.238746248749592,33.477492497499185
16.30543514504835,33.6108702900967
16.37212404134712,33.74424808269424
16.438812937645892,33.877625875291784
16.50550183394465,34.0110036678893
16.57219073024342,34.14438146048684
16.63887962654219,34.27775925308438
16.70556852284095,34.4111370456819
16.77225741913972,34.54451483827944
16.83894631543849,34.67789263087698
16.90563521173725,34.8112704234745
16.97232410803602,34.94464821607204
17.03901300433479,35.07802600866958
17.105701900633548,35.211403801267096
17.17239079693232,35.34478159386464
17.23907969323109,35.47815938646218
17.305768589529848,35.611537179059695
17.37245748582862,35.74491497165724
17.439146382127376,35.87829276425475
17.505835278426147,36.011670556852295
17.57252417472492,36.14504834944984
17.639213071023676,36.27842614204735
17.705901967322447,36.411803934644894
17.772590863621218,36.545181727242436
17.839279759919975,36.67855951983995
17.905968656218747,36.81193731243749
17.972657552517518,36.945315105035036
18.039346448816275,37.07869289763255
18.106035345115046,37.21207069023009
18.172724241413817,37.345448482827635
18.239413137712575,37.47882627542515
18.306102034011346,37.61220406802269
18.372790930310117,37.745581860620234
18.439479826608874,37.87895965321775
18.506168722907645,38.01233744581529
18.572857619206403,38.145715238412805
18.639546515505174,38.27909303101035
18.706235411803945,38.41247082360789
18.772924308102702,38.545848616205404
18.839613204401473,38.67922640880295
18.906302100700245,38.81260420140049
18.972990996999002,38.945981993998004
19.039679893297773,39.079359786595546
19.106368789596544,39.21273757919309
19.1730576858953,39.3461153717906
19.239746582194073,39.479493164388145
19.306435478492844,39.61287095698569
19.3731243747916,39.7462487495832
19.439813271090372,39.879626542180745
19.50650216738913,40.01300433477826
19.5731910636879,40.1463821273758
19.639879959986672,40.279759919973344
19.70656885628543,40.41313771257086
19.7732577525842,40.5465155051684
19.83994664888297,40.67989329776594
19.90663554518173,40.81327109036346
19.9733244414805,40.946648882961
20.04001333777927,41.08002667555854
20.10670223407803,41.21340446815606
20.1733911303768,41.3467822607536
20.24008002667557,41.48016005335114
20.306768922974328,41.613537845948656
20.3734578192731,41.7469156385462
20.44014671557187,41.88029343114374
20.506835611870628,42.013671223741255
20.5735245081694,42.1470490163388
20.640213404468156,42.28042680893631
20.706902300766927,42.413804601533855
20.7735911970657,42.5471823941314
20.840280093364456,42.68056018672891
20.906968989663227,42.813937979326454
20.973657885961998,42.947315771923996
21.040346782260755,43.08069356452151
21.107035678559527,43.21407135711905
21.173724574858298,43.347449149716596
21.240413471157055,43.48082694231411
21.307102367455826,43.61420473491165
21.373791263754597,43.747582527509195
21.440480160053355,43.88096032010671
21.507169056352126,44.01433811270425
21.573857952650897,44.147715905301794
21.640546848949654,44.28109369789931
21.707235745248425,44.41447149049685
21.773924641547183,44.547849283094365
21.840613537845954,44.68122707569191
21.907302434144725,44.81460486828945
21.973991330443482,44.947982660886964
22.040680226742253,45.08136045348451
22.107369123041025,45.21473824608205
22.174058019339782,45.348116038679564
22.240746915638553,45.481493831277106
22.307435811937324,45.61487162387465
22.37412470823608,45.74824941647216
22.440813604534853,45.881627209069705
22.507502500833624,46.01500500166725
22.57419139713238,46.14838279426476
22.640880293431152,46.281760586862305
22.707569189729924,46.41513837945985
22.77425808602868,46.54851617205736
22.840946982327452,46.681893964654904
22.90763587862621,46.81527175725242
22.97432477492498,46.94864954984996
23.04101367122375,47.0820273424475
23.10770256752251,47.21540513504502
23.17439146382128,47.34878292764256
23.24108036012005,47.4821607202401
23.30776925641881,47.61553851283762
23.37445815271758,47.74891630543516
23.44114704901635,47.8822940980327
23.507835945315108,48.015671890630216
23.57452484161388,48.14904968322776
23.64121373791265,48.2824274758253
23.707902634211408,48.415805268422815
23.77459153051018,48.54918306102036
23.84128042680895,48.6825608536179
23.907969323107707,48.815938646215415
23.97465821940648,48.94931643881296
24.041347115705236,49.08269423141047
24.108036012004007,49.216072024008014
24.174724908302778,49.349449816605556
24.241413804601535,49.48282760920307
24.308102700900307,49.61620540180061
24.374791597199078,49.749583194398156
24.441480493497835,49.88296098699567
24.508169389796606,50.01633877959321
24.574858286095377,50.149716572190755
24.641547182394135,50.28309436478827
24.708236078692906,50.41647215738581
24.774924974991677,50.549849949983354
24.841613871290434,50.68322774258087
24.908302767589205,50.81660553517841
24.974991663887977,50.94998332777595
25.041680560186734,51.08336112037347
25.108369456485505,51.21673891297101
25.175058352784262,51.350116705568524
25.241747249083033,51.48349449816607
25.308436145381805,51.61687229076361
25.375125041680562,51.750250083361124
25.441813937979333,51.883627875958666
25.508502834278104,52.01700566855621
25.57519173057686,52.15038346115372
25.641880626875633,52.283761253751265
25.708569523174404,52.41713904634881
25.77525841947316,52.55051683894632
25.841947315771932,52.683894631543865
25.908636212070704,52.81727242414141
25.97532510836946,52.95065021673892
26.042014004668232,53.084028009336464
26.108702900967003,53.21740580193401
26.17539179726576,53.35078359453152
26.24208069356453,53.48416138712906
26.30876958986329,53.61753917972658
26.37545848616206,53.75091697232412
26.44214738246083,53.88429476492166
26.50883627875959,54.01767255751918
26.57552517505836,54.15105035011672
26.64221407135713,54.28442814271426
26.708902967655888,54.417805935311776
26.77559186395466,54.55118372790932
26.84228076025343,54.68456152050686
26.908969656552188,54.817939313104375
26.97565855285096,54.95131710570192
27.04234744914973,55.08469489829946
27.109036345448487,55.218072690896975
27.17572524174726,55.35145048349452
27.242414138046016,55.48482827609203
27.309103034344787,55.618206068689574
27.375791930643558,55.751583861287116
27.442480826942315,55.88496165388463
27.509169723241087,56.01833944648217
27.575858619539858,56.151717239079716
27.642547515838615,56.28509503167723
27.709236412137386,56.41847282427477
27.775925308436157,56.551850616872315
27.842614204734915,56.68522840946983
27.909303101033686,56.81860620206737
27.975991997332457,56.951983994664914
28.04268089363123,57.08536178726246
28.109369789929985,57.21873957985997
28.176058686228743,57.352117372457485
28.242747582527528,57.485495165055056
28.309436478826285,57.61887295765257
28.376125375125042,57.752250750250084
28.442814271423828,57.885628542847655
28.509503167722585,58.01900633544517
28.576192064021342,58.152384128042684
28.642880960320127,58.285761920640255
28.709569856618884,58.41913971323777
28.77625875291764,58.55251750583528
28.842947649216427,58.685895298432854
28.909636545515184,58.81927309103037
28.97632544181394,58.95265088362788
29.043014338112698,59.086028676225396
29.109703234411484,59.21940646882297
29.17639213071024,59.35278426142048
29.243081027008998,59.486162054017996
29.309769923307783,59.61953984661557
29.37645881960654,59.75291763921308
29.443147715905297,59.886295431810595
29.509836612204083,60.019673224408166
29.57652550850284,60.15305101700568
29.643214404801597,60.286428809603194
29.709903301100383,60.419806602200765
29.77659219739914,60.55318439479828
29.843281093697897,60.68656218739579
29.909969989996682,60.819939979993364
29.97665888629544,60.95331777259088
30.043347782594196,61.08669556518839
30.110036678892982,61.220073357785964
30.17672557519174,61.35345115038348
30.243414471490496,61.48682894298099
30.31010336778928,61.62020673557856
30.37679226408804,61.75358452817608
30.443481160386796,61.88696232077359
30.51017005668558,62.02034011337116
30.576858952984338,62.153717905968676
30.643547849283095,62.28709569856619
30.71023674558188,62.42047349116376
30.776925641880638,62.553851283761276
30.843614538179395,62.68722907635879
30.91030343447818,62.82060686895636
30.976992330776937,62.953984661553875
31.043681227075695,63.08736245415139
31.11037012337445,63.2207402467489
31.177059019673237,63.354118039346474
31.243747915971994,63.48749583194399
31.31043681227075,63.6208736245415
31.377125708569537,63.75425141713907
31.443814604868294,63.88762920973659
31.51050350116705,64.0210070023341
31.577192397465836,64.15438479493167
31.643881293764593,64.28776258752919
31.71057019006335,64.4211403801267
31.777259086362136,64.55451817272427
31.843947982660893,64.68789596532179
31.91063687895965,64.8212737579193
31.977325775258436,64.95465155051687
32.04401467155719,65.08802934311439
32.11070356785595,65.2214071357119
32.177392464154735,65.35478492830947
32.24408136045349,65.48816272090698
32.31077025675225,65.6215405135045
32.377459153051035,65.75491830610207
32.44414804934979,65.88829609869958
32.51083694564855,66.0216738912971
32.577525841947335,66.15505168389467
32.64421473824609,66.28842947649218
32.71090363454485,66.4218072690897
32.777592530843634,66.55518506168727
32.84428142714239,66.68856285428478
32.91097032344115,66.8219406468823
32.977659219739934,66.95531843947987
33.04434811603869,67.08869623207738
33.11103701233745,67.2220740246749
33.17772590863623,67.35545181727247
33.24441480493499,67.48882960986998
33.31110370123375,67.6222074024675
33.377792597532505,67.75558519506501
33.44448149383129,67.88896298766258
33.51117039013005,68.0223407802601
33.577859286428804,68.15571857285761
33.64454818272759,68.28909636545518
33.71123707902635,68.4224741580527
33.777925975325104,68.55585195065021
33.84461487162389,68.68922974324778
33.91130376792265,68.8226075358453
33.977992664221404,68.95598532844281
34.04468156052019,69.08936312104038
34.111370456818946,69.22274091363789
34.1780593531177,69.3561187062354
34.24474824941649,69.48949649883298
34.311437145715246,69.62287429143049
34.378126042014,69.756252084028
34.44481493831279,69.88962987662558
34.511503834611545,70.02300766922309
34.5781927309103,70.1563854618206
34.64488162720909,70.28976325441818
34.711570523507845,70.42314104701569
34.7782594198066,70.5565188396132
34.84494831610539,70.68989663221078
34.911637212404145,70.82327442480829
34.9783261087029,70.9566522174058
35.04501500500169,71.09003001000337
35.111703901300444,71.22340780260089
35.1783927975992,71.3567855951984
35.24508169389799,71.49016338779597
35.311770590196744,71.62354118039349
35.3784594864955,71.756918972991
35.44514838279429,71.89029676558857
35.511837279093044,72.02367455818609
35.5785261753918,72.1570523507836
35.64521507169056,72.29043014338112
35.71190396798934,72.42380793597869
35.7785928642881,72.5571857285762
35.84528176058686,72.69056352117371
35.91197065688564,72.82394131377129
35.9786595531844,72.9573191063688
36.04534844948316,73.09069689896631
36.11203734578194,73.22407469156389
36.1787262420807,73.3574524841614
36.24541513837946,73.49083027675891
36.31210403467824,73.62420806935648
36.378792930977,73.757585861954
36.445481827275756,73.89096365455151
36.51217072357454,74.02434144714908
36.5788596198733,74.1577192397466
36.645548516172056,74.29109703234411
36.71223741247084,74.42447482494168
36.7789263087696,74.5578526175392
36.845615205068356,74.69123041013671
36.91230410136714,74.82460820273428
36.9789929976659,74.9579859953318
37.045681893964655,75.09136378792931
37.11237079026344,75.22474158052688
37.1790596865622,75.3581193731244
37.245748582860955,75.49149716572191
37.31243747915974,75.62487495831948
37.3791263754585,75.758252750917
37.445815271757255,75.89163054351451
37.51250416805604,76.02500833611208
37.5791930643548,76.1583861287096
37.645881960653554,76.29176392130711
37.71257085695231,76.42514171390462
37.7792597532511,76.5585195065022
37.845948649549854,76.69189729909971
37.91263754584861,76.82527509169722
37.979326442147396,76.95865288429479
38.04601533844615,77.0920306768923
38.11270423474491,77.22540846948982
38.179393131043696,77.35878626208739
38.24608202734245,77.4921640546849
38.31277092364121,77.62554184728242
38.379459819939996,77.75891963987999
38.44614871623875,77.8922974324775
38.51283761253751,78.02567522507502
38.579526508836295,78.15905301767259
38.64621540513505,78.2924308102701
38.71290430143381,78.42580860286762
38.779593197732595,78.55918639546519
38.84628209403135,78.6925641880627
38.91297099033011,78.82594198066022
38.979659886628895,78.95931977325779
39.04634878292765,79.0926975658553
39.11303767922641,79.22607535845282
39.179726575525194,79.35945315105039
39.24641547182395,79.4928309436479
39.31310436812271,79.62620873624542
39.379793264421494,79.75958652884299
39.44648216072025,79.8929643214405
39.51317105701901,80.02634211403802
39.57985995331779,80.15971990663559
39.64654884961655,80.2930976992331
39.71323774591531,80.42647549183062
39.77992664221409,80.55985328442819
39.84661553851285,80.6932310770257
39.91330443481161,80.82660886962321
39.979993331110364,80.95998666222073
40.04668222740915,81.0933644548183
40.11337112370791,81.22674224741581
40.180060020006664,81.36012004001333
40.24674891630545,81.4934978326109
40.31343781260421,81.62687562520841
40.380126708902964,81.76025341780593
40.44681560520175,81.8936312104035
40.513504501500506,82.02700900300101
40.58019339779926,82.16038679559853
40.64688229409805,82.2937645881961
40.713571190396806,82.42714238079361
40.78026008669556,82.56052017339113
40.84694898299435,82.6938979659887
40.913637879293105,82.82727575858621
40.98032677559186,82.96065355118373
41.04701567189065,83.0940313437813
41.113704568189405,83.22740913637881
41.18039346448816,83.36078692897632
41.24708236078695,83.4941647215739
41.313771257085705,83.62754251417141
41.38046015338446,83.76092030676892
41.44714904968325,83.8942980993665
41.513837945982004,84.02767589196401
41.58052684228076,84.16105368456152
41.64721573857955,84.2944314771591
41.713904634878304,84.42780926975661
41.78059353117706,84.56118706235412
41.84728242747585,84.6945648549517
41.913971323774604,84.82794264754921
41.98066022007336,84.96132044014672
42.047349116372146,85.09469823274429
42.1140380126709,85.2280760253418
42.18072690896966,85.36145381793932
42.24741580526842,85.49483161053683
42.3141047015672,85.6282094031344
42.38079359786596,85.76158719573192
42.44748249416472,85.89496498832943
42.5141713904635,86.028342780927
42.58086028676226,86.16172057352452
42.64754918306102,86.29509836612203
42.7142380793598,86.4284761587196
42.78092697565856,86.56185395131712
42.847615871957316,86.69523174391463
42.9143047682561,86.8286095365122
42.98099366455486,86.96198732910972
43.047682560853616,87.09536512170723
43.1143714571524,87.2287429143048
43.18106035345116,87.36212070690232
43.247749249749916,87.49549849949983
43.3144381460487,87.6288762920974
43.38112704234746,87.76225408469492
43.447815938646215,87.89563187729243
43.514504834945,88.02900966989
43.58119373124376,88.16238746248752
43.647882627542515,88.29576525508503
43.7145715238413,88.4291430476826
43.78126042014006,88.56252084028011
43.847949316438815,88.69589863287763
43.9146382127376,88.8292764254752
43.98132710903636,88.96265421807271
44.048016005335114,89.09603201067023
44.1147049016339,89.2294098032678
44.18139379793266,89.36278759586531
44.248082694231414,89.49616538846283
44.31477159053017,89.62954318106034
44.381460486828956,89.76292097365791
44.44814938312771,89.89629876625543
44.51483827942647,90.02967655885294
44.581527175725256,90.16305435145051
44.64821607202401,90.29643214404803
44.71490496832277,90.42980993664554
44.781593864621556,90.56318772924311
44.84828276092031,90.69656552184063
44.91497165721907,90.82994331443814
44.981660553517855,90.96332110703571
45.04834944981661,91.09669889963322
45.11503834611537,91.23007669223074
45.181727242414155,91.36345448482831
45.24841613871291,91.49683227742582
45.31510503501167,91.63021007002334
45.381793931310455,91.76358786262091
45.44848282760921,91.89696565521842
45.51517172390797,92.03034344781594
45.581860620206754,92.16372124041351
45.64854951650551,92.29709903301102
45.71523841280427,92.43047682560854
45.781927309103054,92.56385461820611
45.84861620540181,92.69723241080362
45.91530510170057,92.83061020340114
45.98199399799935,92.9639879959987
46.04868289429811,93.09736578859622
46.11537179059687,93.23074358119374
46.18206068689565,93.3641213737913
46.24874958319441,93.49749916638882
46.31543847949317,93.63087695898633
46.38212737579195,93.7642547515839
46.44881627209071,93.89763254418142
46.51550516838947,94.03101033677893
46.582194064688224,94.16438812937645
46.64888296098701,94.29776592197402
46.71557185728577,94.43114371457153
46.782260753584524,94.56452150716905
46.84894964988331,94.69789929976662
46.915638546182066,94.83127709236413
46.98232744248082,94.96465488496165
47.04901633877961,95.09803267755922
47.115705235078366,95.23141047015673
47.18239413137712,95.36478826275425
47.24908302767591,95.49816605535182
47.315771923974665,95.63154384794933
47.38246082027342,95.76492164054685
47.44914971657221,95.89829943314442
47.515838612870965,96.03167722574193
47.58252750916972,96.16505501833944
47.64921640546851,96.29843281093702
47.715905301767265,96.43181060353453
47.78259419806602,96.56518839613204
47.84928309436481,96.69856618872961
47.915971990663564,96.83194398132713
47.98266088696232,96.96532177392464
48.04934978326111,97.09869956652221
48.116038679559864,97.23207735911973
48.18272757585862,97.36545515171724
48.24941647215741,97.49883294431481
48.316105368456164,97.63221073691233
48.38279426475492,97.76558852950984
48.449483161053706,97.89896632210741
48.51617205735246,98.03234411470493
48.58286095365122,98.16572190730244
48.649549849950006,98.29909969990001
48.71623874624876,98.43247749249753
48.78292764254752,98.56585528509504
48.84961653884628,98.69923307769255
48.91630543514506,98.83261087029013
48.98299433144382,98.96598866288764
49.04968322774258,99.09936645548515
49.11637212404136,99.23274424808272
49.18306102034012,99.36612204068024
49.249749916638876,99.49949983327775
49.31643881293766,99.63287762587532
49.38312770923642,99.76625541847284
49.449816605535176,99.89963321107035
49.51650550183396,100.03301100366792
49.58319439813272,100.16638879626544
49.649883294431476,100.29976658886295
49.71657219073026,100.43314438146052
49.78326108702902,100.56652217405804
49.849949983327775,100.69989996665555
49.91663887962656,100.83327775925312
49.98332777592532,100.96665555185064
50.050016672224075,101.10003334444815
50.11670556852286,101.23341113704572
50.18339446482162,101.36678892964323
50.250083361120375,101.50016672224075
50.31677225741916,101.63354451483832
50.38346115371792,101.76692230743583
50.450150050016674,101.90030010003335
50.51683894631546,102.03367789263092
50.58352784261422,102.16705568522843
50.650216738912974,102.30043347782595
50.71690563521176,102.43381127042352
50.783594531510516,102.56718906302103
50.85028342780927,102.70056685561855
50.91697232410803,102.83394464821606
50.983661220406816,102.96732244081363
51.05035011670557,103.10070023341115
51.11703901300433,103.23407802600866
51.183727909303116,103.36745581860623
51.25041680560187,103.50083361120375
51.31710570190063,103.63421140380126
51.383794598199415,103.76758919639883
51.45048349449817,103.90096698899634
51.51717239079693,104.03434478159386
51.583861287095715,104.16772257419143
51.65055018339447,104.30110036678894
51.71723907969323,104.43447815938646
51.783927975992015,104.56785595198403
51.85061687229077,104.70123374458154
51.91730576858953,104.83461153717906
51.983994664888314,104.96798932977663
52.05068356118707,105.10136712237414
52.11737245748583,105.23474491497166
52.184061353784614,105.36812270756923
52.25075025008337,105.50150050016674
52.31743914638213,105.63487829276426
52.38412804268091,105.76825608536183
52.45081693897967,105.90163387795934
52.51750583527843,106.03501167055686
52.58419473157721,106.16838946315443
52.65088362787597,106.30176725575194
52.71757252417473,106.43514504834945
52.78426142047351,106.56852284094703
52.85095031677227,106.70190063354454
52.91763921307103,106.83527842614205
52.98432810936981,106.96865621873962
53.05101700566857,107.10203401133714
53.11770590196733,107.23541180393465
53.184394798266084,107.36878959653217
53.25108369456487,107.50216738912974
53.317772590863626,107.63554518172725
53.38446148716238,107.76892297432477
53.45115038346117,107.90230076692234
53.517839279759926,108.03567855951985
53.58452817605868,108.16905635211737
53.65121707235747,108.30243414471494
53.717905968656225,108.43581193731245
53.78459486495498,108.56918972990997
53.85128376125377,108.70256752250754
53.917972657552525,108.83594531510505
53.98466155385128,108.96932310770256
54.05135045015007,109.10270090030014
54.118039346448825,109.23607869289765
54.18472824274758,109.36945648549516
54.25141713904637,109.50283427809273
54.318106035345124,109.63621207069025
54.38479493164388,109.76958986328776
54.45148382794267,109.90296765588533
54.518172724241424,110.03634544848285
54.58486162054018,110.16972324108036
54.65155051683897,110.30310103367793
54.718239413137724,110.43647882627545
54.78492830943648,110.56985661887296
54.851617205735266,110.70323441147053
54.91830610203402,110.83661220406805
54.98499499833278,110.96998999666556
55.051683894631566,111.10336778926313
55.11837279093032,111.23674558186065
55.18506168722908,111.37012337445816
55.251750583527866,111.50350116705573
55.31843947982662,111.63687895965325
55.38512837612538,111.77025675225076
55.45181727242414,111.90363454484827
55.51850616872292,112.03701233744584
55.58519506502168,112.17039013004336
55.651883961320436,112.30376792264087
55.71857285761922,112.43714571523844
55.78526175391798,112.57052350783596
55.851950650216736,112.70390130043347
55.91863954651552,112.83727909303104
55.98532844281428,112.97065688562856
56.052017339113036,113.10403467822607
56.11870623541182,113.23741247082364
56.18539513171058,113.37079026342116
56.252084028009335,113.50416805601867
56.31877292430812,113.63754584861624
56.38546182060688,113.77092364121376
56.452150716905635,113.90430143381127
56.51883961320442,114.03767922640884
56.58552850950318,114.17105701900635
56.652217405801935,114.30443481160387
56.71890630210072,114.43781260420144
56.78559519839948,114.57119039679895
56.852284094698234,114.70456818939647
56.91897299099702,114.83794598199404
56.98566188729578,114.97132377459155
57.052350783594534,115.10470156718907
57.11903967989332,115.23807935978664
57.185728576192076,115.37145715238415
57.25241747249083,115.50483494498167
57.31910636878962,115.63821273757924
57.385795265088376,115.77159053017675
57.45248416138713,115.90496832277427
57.51917305768589,116.03834611537178
57.585861953984676,116.17172390796935
57.65255085028343,116.30510170056687
57.71923974658219,116.43847949316438
57.785928642880975,116.57185728576195
57.85261753917973,116.70523507835946
57.91930643547849,116.83861287095698
57.985995331777275,116.97199066355455
58.05268422807603,117.10536845615206
58.11937312437479,117.23874624874958
58.186062020673575,117.37212404134715
58.25275091697233,117.50550183394466
58.31943981327109,117.63887962654218
58.386128709569874,117.77225741913975
58.45281760586863,117.90563521173726
58.51950650216739,118.03901300433478
58.586195398466174,118.17239079693235
58.65288429476493,118.30576858952986
58.71957319106369,118.43914638212738
58.78626208736247,118.57252417472495
58.85295098366123,118.70590196732246
58.91963987995999,118.83927975991998
58.98632877625877,118.97265755251755
59.05301767255753,119.10603534511506
59.11970656885629,119.23941313771257
59.18639546515507,119.37279093031015
59.25308436145383,119.50616872290766
59.31977325775259,119.63954651550517
59.38646215405137,119.77292430810274
59.45315105035013,119.90630210070026
59.51983994664889,120.03967989329777
59.58652884294767,120.17305768589534
59.65321773924643,120.30643547849286
59.719906635545186,120.43981327109037
59.78659553184394,120.57319106368789
59.85328442814273,120.70656885628546
59.919973324441486,120.83994664888297
59.98666222074024,120.97332444148049
60.05335111703903,121.10670223407806
60.120040013337785,121.24008002667557
60.18672890963654,121.37345781927309
60.25341780593533,121.50683561187066
60.320106702234085,121.64021340446817
60.38679559853284,121.77359119706568
60.45348449483163,121.90696898966326
60.520173391130385,122.04034678226077
60.58686228742914,122.17372457485828
60.65355118372793,122.30710236745585
60.720240080026684,122.44048016005337
60.78692897632544,122.57385795265088
60.85361787262423,122.70723574524845
60.920306768922984,122.84061353784597
60.98699566522174,122.97399133044348
61.05368456152053,123.10736912304105
61.120373457819284,123.24074691563857
61.18706235411804,123.37412470823608
61.253751250416826,123.50750250083365
61.32044014671558,123.64088029343117
61.38712904301434,123.77425808602868
61.453817939313126,123.90763587862625
61.52050683561188,124.04101367122377
61.58719573191064,124.17439146382128
61.653884628209426,124.30776925641885
61.72057352450818,124.44114704901637
61.78726242080694,124.57452484161388
61.853951317105725,124.70790263421145
61.92064021340448,124.84128042680896
61.98732910970324,124.97465821940648
62.054018006001996,125.10803601200399
62.12070690230078,125.24141380460156
62.18739579859954,125.37479159719908
62.254084694898296,125.50816938979659
62.32077359119708,125.64154718239416
62.38746248749584,125.77492497499168
62.454151383794596,125.90830276758919
62.52084028009338,126.04168056018676
62.58752917639214,126.17505835278428
62.654218072690895,126.30843614538179
62.72090696898968,126.44181393797936
62.78759586528844,126.57519173057688
62.854284761587195,126.70856952317439
62.92097365788598,126.84194731577196
62.98766255418474,126.97532510836947
63.054351450483495,127.10870290096699
63.12104034678228,127.24208069356456
63.18772924308104,127.37545848616207
63.254418139379794,127.50883627875959
63.32110703567858,127.64221407135716
63.38779593197734,127.77559186395467
63.454484828276094,127.90896965655219
63.52117372457488,128.04234744914976
63.587862620873636,128.17572524174727
63.65455151717239,128.3091030343448
63.72124041347118,128.44248082694236
63.787929309769936,128.57585861953987
63.85461820606869,128.7092364121374
63.92130710236748,128.84261420473496
63.987995998666236,128.97599199733247
64.05468489496499,129.10936978992999
64.12137379126375,129.2427475825275
64.18806268756254,129.37612537512507
64.25475158386129,129.50950316772258
64.32144048016005,129.6428809603201
64.38812937645883,129.77625875291767
64.45481827275759,129.90963654551518
64.52150716905635,130.0430143381127
64.58819606535513,130.17639213071027
64.65488496165389,130.30976992330778
64.72157385795265,130.4431477159053
64.78826275425143,130.57652550850287
64.85495165055019,130.70990330110038
64.92164054684895,130.8432810936979
64.98832944314773,130.97665888629547
65.05501833944649,131.11003667889298
65.12170723574525,131.2434144714905
65.18839613204403,131.37679226408807
65.25508502834279,131.51017005668558
65.32177392464155,131.6435478492831
65.38846282094033,131.77692564188067
65.45515171723909,131.91030343447818
65.52184061353785,132.0436812270757
65.58852950983663,132.17705901967327
65.65521840613539,132.31043681227078
65.72190730243415,132.4438146048683
65.78859619873293,132.57719239746586
65.85528509503169,132.71057019006338
65.92197399133045,132.8439479826609
65.98866288762923,132.97732577525846
66.05535178392799,133.11070356785598
66.12204068022675,133.2440813604535
66.18872957652553,133.37745915305106
66.25541847282429,133.51083694564858
66.32210736912305,133.6442147382461
66.3887962654218,133.7775925308436
66.45548516172059,133.91097032344118
66.52217405801935,134.0443481160387
66.5888629543181,134.1777259086362
66.65555185061689,134.31110370123378
66.72224074691565,134.4444814938313
66.7889296432144,134.5778592864288
66.85561853951319,134.71123707902638
66.92230743581194,134.8446148716239
66.9889963321107,134.9779926642214
67.05568522840949,135.11137045681897
67.12237412470824,135.2447482494165
67.189063021007,135.378126042014
67.25575191730579,135.51150383461157
67.32244081360454,135.6448816272091
67.3891297099033,135.7782594198066
67.45581860620209,135.91163721240417
67.52250750250084,136.0450150050017
67.5891963987996,136.1783927975992
67.65588529509839,136.31177059019677
67.72257419139714,136.4451483827943
67.7892630876959,136.5785261753918
67.85595198399469,136.71190396798937
67.92264088029344,136.8452817605869
67.9893297765922,136.9786595531844
68.05601867289099,137.11203734578197
68.12270756918974,137.24541513837949
68.1893964654885,137.378792930977
68.25608536178729,137.51217072357457
68.32277425808604,137.64554851617208
68.3894631543848,137.7789263087696
68.45615205068358,137.91230410136717
68.52284094698234,138.04568189396468
68.5895298432811,138.1790596865622
68.65621873957986,138.3124374791597
68.72290763587864,138.44581527175728
68.7895965321774,138.5791930643548
68.85628542847616,138.7125708569523
68.92297432477494,138.84594864954988
68.9896632210737,138.9793264421474
69.05635211737246,139.1127042347449
69.12304101367124,139.24608202734248
69.18972990997,139.37945981994
69.25641880626875,139.5128376125375
69.32310770256754,139.64621540513508
69.3897965988663,139.7795931977326
69.45648549516505,139.9129709903301
69.52317439146384,140.04634878292768
69.5898632877626,140.1797265755252
69.65655218406135,140.3131043681227
69.72324108036014,140.44648216072028
69.7899299766589,140.5798599533178
69.85661887295765,140.7132377459153
69.92330776925644,140.84661553851288
69.9899966655552,140.9799933311104
70.05668556185395,141.1133711237079
70.12337445815274,141.24674891630548
70.1900633544515,141.380126708903
70.25675225075025,141.5135045015005
70.32344114704904,141.64688229409808
70.3901300433478,141.7802600866956
70.45681893964655,141.9136378792931
70.52350783594534,142.04701567189068
70.5901967322441,142.1803934644882
70.65688562854285,142.3137712570857
70.72357452484164,142.44714904968328
70.7902634211404,142.5805268422808
70.85695231743915,142.7139046348783
70.92364121373791,142.84728242747582
70.9903301100367,142.9806602200734
71.05701900633545,143.1140380126709
71.12370790263421,143.24741580526842
71.190396798933,143.380793597866
71.25708569523175,143.5141713904635
71.32377459153051,143.64754918306102
71.3904634878293,143.7809269756586
71.45715238412805,143.9143047682561
71.52384128042681,144.04768256085362
71.5905301767256,144.1810603534512
71.65721907302435,144.3144381460487
71.72390796932311,144.44781593864622
71.7905968656219,144.5811937312438
71.85728576192065,144.7145715238413
71.92397465821941,144.84794931643881
71.99066355451819,144.98132710903639
72.05735245081695,145.1147049016339
72.1240413471157,145.2480826942314
72.19073024341449,145.38146048682898
72.25741913971325,145.5148382794265
72.324108036012,145.648216072024
72.39079693231079,145.78159386462158
72.45748582860955,145.9149716572191
72.5241747249083,146.0483494498166
72.59086362120709,146.18172724241418
72.65755251750585,146.3151050350117
72.7242414138046,146.4484828276092
72.79093031010339,146.58186062020678
72.85761920640215,146.7152384128043
72.9243081027009,146.8486162054018
72.99099699899966,146.98199399799933
73.05768589529845,147.1153717905969
73.1243747915972,147.2487495831944
73.19106368789596,147.38212737579192
73.25775258419475,147.5155051683895
73.3244414804935,147.648882960987
73.39113037679226,147.78226075358452
73.45781927309105,147.9156385461821
73.5245081693898,148.0490163387796
73.59119706568856,148.18239413137712
73.65788596198735,148.3157719239747
73.7245748582861,148.4491497165722
73.79126375458486,148.58252750916972
73.85795265088365,148.7159053017673
73.9246415471824,148.8492830943648
73.99133044348116,148.98266088696232
74.05801933977995,149.1160386795599
74.1247082360787,149.2494164721574
74.19139713237746,149.38279426475492
74.25808602867625,149.5161720573525
74.324774924975,149.64954984995
74.39146382127376,149.78292764254752
74.45815271757255,149.9163054351451
74.5248416138713,150.0496832277426
74.59153051017006,150.18306102034012
74.65821940646885,150.3164388129377
74.7249083027676,150.4498166055352
74.79159719906636,150.58319439813272
74.85828609536514,150.7165721907303
74.9249749916639,150.8499499833278
74.99166388796266,150.98332777592532
75.05835278426144,151.1167055685229
75.1250416805602,151.2500833611204
75.19173057685896,151.38346115371792
75.25841947315772,151.51683894631543
75.3251083694565,151.650216738913
75.39179726575526,151.78359453151052
75.45848616205402,151.91697232410803
75.5251750583528,152.0503501167056
75.59186395465156,152.18372790930312
75.65855285095031,152.31710570190063
75.7252417472491,152.4504834944982
75.79193064354786,152.58386128709571
75.85861953984661,152.71723907969323
75.9253084361454,152.8506168722908
75.99199733244416,152.98399466488831
76.05868622874291,153.11737245748583
76.1253751250417,153.2507502500834
76.19206402134046,153.3841280426809
76.25875291763921,153.51750583527843
76.325441813938,153.650883627876
76.39213071023676,153.7842614204735
76.45881960653551,153.91763921307103
76.5255085028343,154.0510170056686
76.59219739913306,154.1843947982661
76.65888629543181,154.31777259086363
76.7255751917306,154.4511503834612
76.79226408802936,154.5845281760587
76.85895298432811,154.71790596865623
76.9256418806269,154.8512837612538
76.99233077692566,154.9846615538513
77.05901967322441,155.11803934644882
77.1257085695232,155.2514171390464
77.19239746582195,155.3847949316439
77.25908636212071,155.51817272424142
77.3257752584195,155.651550516839
77.39246415471825,155.7849283094365
77.45915305101701,155.91830610203402
77.52584194731577,156.05168389463154
77.59253084361455,156.1850616872291
77.65921973991331,156.31843947982662
77.72590863621207,156.45181727242414
77.79259753251085,156.5851950650217
77.85928642880961,156.71857285761922
77.92597532510837,156.85195065021674
77.99266422140715,156.9853284428143
78.05935311770591,157.11870623541182
78.12604201400467,157.25208402800934
78.19273091030345,157.3854618206069
78.25941980660221,157.51883961320442
78.32610870290097,157.65221740580193
78.39279759919975,157.7855951983995
78.45948649549851,157.91897299099702
78.52617539179727,158.05235078359453
78.59286428809605,158.1857285761921
78.65955318439481,158.31910636878962
78.72624208069357,158.45248416138713
78.79293097699235,158.5858619539847
78.85961987329111,158.71923974658222
78.92630876958987,158.85261753917973
78.99299766588865,158.9859953317773
79.05968656218741,159.11937312437482
79.12637545848617,159.25275091697233
79.19306435478495,159.3861287095699
79.25975325108371,159.51950650216742
79.32644214738247,159.65288429476493
79.39313104368125,159.7862620873625
79.45981993998001,159.91963987996002
79.52650883627877,160.05301767255753
79.59319773257752,160.18639546515504
79.65988662887631,160.31977325775262
79.72657552517506,160.45315105035013
79.79326442147382,160.58652884294764
79.85995331777261,160.71990663554521
79.92664221407136,160.85328442814273
79.99333111037012,160.98666222074024
80.0600200066689,161.1200400133378
80.12670890296766,161.25341780593533
80.19339779926642,161.38679559853284
80.2600866955652,161.5201733911304
80.32677559186396,161.65355118372793
80.39346448816272,161.78692897632544
80.4601533844615,161.920306768923
80.52684228076026,162.05368456152053
80.59353117705902,162.18706235411804
80.6602200733578,162.3204401467156
80.72690896965656,162.45381793931313
80.79359786595532,162.58719573191064
80.8602867622541,162.7205735245082
80.92697565855286,162.85395131710573
80.99366455485162,162.98732910970324
81.0603534511504,163.1207069023008
81.12704234744916,163.25408469489832
81.19373124374792,163.38746248749584
81.2604201400467,163.5208402800934
81.32710903634546,163.65421807269092
81.39379793264422,163.78759586528844
81.460486828943,163.920973657886
81.52717572524176,164.05435145048352
81.59386462154052,164.18772924308104
81.6605535178393,164.3211070356786
81.72724241413806,164.45448482827612
81.79393131043682,164.58786262087364
81.86062020673558,164.72124041347115
81.92730910303436,164.85461820606872
81.99399799933312,164.98799599866624
82.06068689563187,165.12137379126375
82.12737579193066,165.25475158386132
82.19406468822942,165.38812937645883
82.26075358452817,165.52150716905635
82.32744248082696,165.65488496165392
82.39413137712572,165.78826275425143
82.46082027342447,165.92164054684895
82.52750916972326,166.05501833944652
82.59419806602202,166.18839613204403
82.66088696232077,166.32177392464155
82.72757585861956,166.45515171723912
82.79426475491832,166.58852950983663
82.86095365121707,166.72190730243415
82.92764254751586,166.85528509503172
82.99433144381462,166.98866288762923
83.06102034011337,167.12204068022675
83.12770923641216,167.25541847282432
83.19439813271092,167.38879626542183
83.26108702900967,167.52217405801935
83.32777592530846,167.65555185061692
83.39446482160722,167.78892964321443
83.46115371790597,167.92230743581194
83.52784261420476,168.05568522840952
83.59453151050351,168.18906302100703
83.66122040680227,168.32244081360454
83.72790930310106,168.45581860620212
83.79459819939981,168.58919639879963
83.86128709569857,168.72257419139714
83.92797599199736,168.85595198399471
83.99466488829611,168.98932977659223
84.06135378459487,169.12270756918974
84.12804268089363,169.25608536178726
84.19473157719241,169.38946315438483
84.26142047349117,169.52284094698234
84.32810936978993,169.65621873957986
84.39479826608871,169.78959653217743
84.46148716238747,169.92297432477494
84.52817605868623,170.05635211737246
84.59486495498501,170.18972990997003
84.66155385128377,170.32310770256754
84.72824274758253,170.45648549516505
84.79493164388131,170.58986328776263
84.86162054018007,170.72324108036014
84.92830943647883,170.85661887295765
84.99499833277761,170.98999666555522
85.06168722907637,171.12337445815274
85.12837612537513,171.25675225075025
85.19506502167391,171.39013004334782
85.26175391797267,171.52350783594534
85.32844281427143,171.65688562854285
85.39513171057021,171.79026342114042
85.46182060686897,171.92364121373794
85.52850950316773,172.05701900633545
85.59519839946651,172.19039679893302
85.66188729576527,172.32377459153054
85.72857619206403,172.45715238412805
85.79526508836281,172.59053017672562
85.86195398466157,172.72390796932314
85.92864288096033,172.85728576192065
85.99533177725911,172.99066355451822
86.06202067355787,173.12404134711574
86.12870956985662,173.25741913971325
86.19539846615538,173.39079693231076
86.26208736245417,173.52417472490833
86.32877625875292,173.65755251750585
86.39546515505168,173.79093031010336
86.46215405135047,173.92430810270093
86.52884294764922,174.05768589529845
86.59553184394798,174.19106368789596
86.66222074024677,174.32444148049353
86.72890963654552,174.45781927309105
86.79559853284428,174.59119706568856
86.86228742914307,174.72457485828613
86.92897632544182,174.85795265088365
86.99566522174058,174.99133044348116
87.06235411803937,175.12470823607873
87.12904301433812,175.25808602867625
87.19573191063688,175.39146382127376
87.26242080693567,175.52484161387133
87.32910970323442,175.65821940646885
87.39579859953318,175.79159719906636
87.46248749583197,175.92497499166393
87.52917639213072,176.05835278426144
87.59586528842948,176.19173057685896
87.66255418472826,176.32510836945653
87.72924308102702,176.45848616205404
87.79593197732578,176.59186395465156
87.86262087362456,176.72524174724913
87.92930976992332,176.85861953984664
87.99599866622208,176.99199733244416
88.06268756252086,177.12537512504173
88.12937645881962,177.25875291763924
88.19606535511838,177.39213071023676
88.26275425141716,177.52550850283433
88.32944314771592,177.65888629543184
88.39613204401468,177.79226408802936
88.46282094031343,177.92564188062687
88.52950983661222,178.05901967322444
88.59619873291098,178.19239746582195
88.66288762920973,178.32577525841947
88.72957652550852,178.45915305101704
88.79626542180728,178.59253084361455
88.86295431810603,178.72590863621207
88.92964321440482,178.85928642880964
88.99633211070358,178.99266422140715
89.06302100700233,179.12604201400467
89.12970990330112,179.25941980660224
89.19639879959988,179.39279759919975
89.26308769589863,179.52617539179727
89.32977659219742,179.65955318439484
89.39646548849618,179.79293097699235
89.46315438479493,179.92630876958987
89.52984328109372,180.05968656218744
89.59653217739248,180.19306435478495
89.66322107369123,180.32644214738247
89.72990996999002,180.45981993998004
89.79659886628878,180.59319773257755
89.86328776258753,180.72657552517506
89.92997665888632,180.85995331777264
89.99666555518507,180.99333111037015
90.06335445148383,181.12670890296766
90.13004334778262,181.26008669556524
90.19673224408137,181.39346448816275
90.26342114038013,181.52684228076026
90.33011003667892,181.66022007335783
90.39679893297767,181.79359786595535
90.46348782927643,181.92697565855286
90.53017672557522,182.06035345115043
90.59686562187397,182.19373124374795
90.66355451817273,182.32710903634546
90.73024341447149,182.46048682894298
90.79693231077027,182.59386462154055
90.86362120706903,182.72724241413806
90.93031010336779,182.86062020673558
90.99699899966657,182.99399799933315
91.06368789596533,183.12737579193066
91.13037679226409,183.26075358452817
91.19706568856287,183.39413137712575
91.26375458486163,183.52750916972326
91.33044348116039,183.66088696232077
91.39713237745917,183.79426475491834
91.46382127375793,183.92764254751586
91.53051017005669,184.06102034011337
91.59719906635547,184.19439813271094
91.66388796265423,184.32777592530846
91.73057685895299,184.46115371790597
91.79726575525177,184.59453151050354
91.86395465155053,184.72790930310106
91.93064354784929,184.86128709569857
91.99733244414807,184.99466488829614
92.06402134044683,185.12804268089366
92.13071023674559,185.26142047349117
92.19739913304437,185.39479826608874
92.26408802934313,185.52817605868626
92.33077692564189,185.66155385128377
92.39746582194067,185.79493164388134
92.46415471823943,185.92830943647886
92.53084361453818,186.06168722907637
92.59753251083697,186.19506502167394
92.66422140713573,186.32844281427145
92.73091030343448,186.46182060686897
92.79759919973324,186.59519839946648
92.86428809603203,186.72857619206405
92.93097699233078,186.86195398466157
92.99766588862954,186.99533177725908
93.06435478492833,187.12870956985665
93.13104368122708,187.26208736245417
93.19773257752584,187.39546515505168
93.26442147382463,187.52884294764925
93.33111037012338,187.66222074024677
93.39779926642214,187.79559853284428
93.46448816272093,187.92897632544185
93.53117705901968,188.06235411803937
93.59786595531844,188.19573191063688
93.66455485161723,188.32910970323445
93.73124374791598,188.46248749583197
93.79793264421474,188.59586528842948
93.86462154051353,188.72924308102705
93.93131043681228,188.86262087362456
93.99799933311104,188.99599866622208
94.06468822940982,189.12937645881965
94.13137712570858,189.26275425141716
94.19806602200734,189.39613204401468
94.26475491830612,189.52950983661225
94.33144381460488,189.66288762920976
94.39813271090364,189.79626542180728
94.46482160720242,189.92964321440485
94.53151050350118,190.06302100700236
94.59819939979994,190.19639879959988
94.66488829609872,190.32977659219745
94.73157719239748,190.46315438479496
94.79826608869624,190.59653217739248
94.86495498499502,190.72990996999005
94.93164388129378,190.86328776258756
94.99833277759254,190.99666555518507
95.0650216738913,191.1300433477826
95.13171057019008,191.26342114038016
95.19839946648884,191.39679893297767
95.2650883627876,191.5301767255752
95.33177725908638,191.66355451817276
95.39846615538514,191.79693231077027
95.4651550516839,191.9303101033678
95.53184394798268,192.06368789596536
95.59853284428144,192.19706568856287
95.6652217405802,192.3304434811604
95.73191063687898,192.46382127375796
95.79859953317774,192.59719906635547
95.8652884294765,192.730576858953
95.93197732577528,192.86395465155056
95.99866622207404,192.99733244414807
96.06535511837279,193.13071023674559
96.13204401467158,193.26408802934316
96.19873291097034,193.39746582194067
96.26542180726909,193.53084361453818
96.33211070356788,193.66422140713576
96.39879959986663,193.79759919973327
96.46548849616539,193.93097699233078
96.53217739246418,194.06435478492836
96.59886628876293,194.19773257752587
96.66555518506169,194.33111037012338
96.73224408136048,194.46448816272095
96.79893297765923,194.59786595531847
96.86562187395799,194.73124374791598
96.93231077025678,194.86462154051355
96.99899966655553,194.99799933311107
97.06568856285429,195.13137712570858
97.13237745915308,195.26475491830615
97.19906635545183,195.39813271090367
97.26575525175059,195.53151050350118
97.33244414804935,195.6648882960987
97.39913304434813,195.79826608869627
97.46582194064689,195.93164388129378
97.53251083694565,196.0650216738913
97.59919973324443,196.19839946648887
97.66588862954319,196.33177725908638
97.73257752584195,196.4651550516839
97.79926642214073,196.59853284428146
97.86595531843949,196.73191063687898
97.93264421473825,196.8652884294765
97.99933311103703,196.99866622207406
98.06602200733579,197.13204401467158
98.13271090363455,197.2654218072691
98.19939979993333,197.39879959986666
98.26608869623209,197.53217739246418
98.33277759253085,197.6655551850617
98.39946648882963,197.79893297765926
98.46615538512839,197.93231077025678
98.53284428142715,198.0656885628543
98.59953317772593,198.19906635545186
98.66622207402469,198.33244414804938
98.73291097032345,198.4658219406469
98.79959986662223,198.59919973324446
98.86628876292099,198.73257752584198
98.93297765921974,198.8659553184395
98.99966655551853,198.99933311103706
99.06635545181729,199.13271090363457
99.13304434811604,199.2660886962321
99.19973324441483,199.39946648882966
99.26642214071359,199.53284428142717
99.33311103701234,199.6662220740247
99.3997999333111,199.7995998666222
99.46648882960989,199.93297765921977
99.53317772590864,200.0663554518173
99.5998666222074,200.1997332444148
99.66655551850619,200.33311103701237
99.73324441480494,200.4664888296099
99.7999333111037,200.5998666222074
99.86662220740249,200.73324441480497
99.93331110370124,200.8666222074025
100.0,201.0
