x,y
-100.0,-1020115.262460463
-99.93331110370123,-1018080.8167645991
-99.86662220740247,-1016053.8606687061
-99.7999333111037,-1014014.7511389613
-99.73324441480493,-1012007.381927304
-99.66655551850617,-1010007.1790336763
-99.5998666222074,-1007979.9450568164
-99.53317772590863,-1005986.22550268
-99.46648882960987,-1003957.8730440473
-99.3997999333111,-1001965.6630699174
-99.33311103701234,-999960.6728813964
-99.26642214071357,-997950.0155772911
-99.1997332444148,-995974.2840774502
-99.13304434811604,-993981.1934131013
-99.06635545181727,-991983.3780616814
-98.9996665555185,-989981.7563568875
-98.93297765921974,-988016.2318185432
-98.86628876292097,-986043.4057190289
-98.7995998666222,-984043.6851519207
-98.73291097032345,-982057.6435644118
-98.66622207402467,-980077.0894299618
-98.5995331777259,-978117.6814918392
-98.53284428142715,-976147.2011550604
-98.46615538512837,-974167.2591623113
-98.3994664888296,-972226.6742329289
-98.33277759253085,-970252.6939222865
-98.26608869623207,-968288.5735677696
-98.19939979993332,-966329.6543784173
-98.13271090363455,-964383.1159379687
-98.06602200733577,-962427.1877199453
-97.99933311103702,-960498.4302583063
-97.93264421473825,-958537.4828664844
-97.86595531843948,-956584.9131179025
-97.79926642214072,-954655.3531374481
-97.73257752584195,-952708.6040185689
-97.66588862954318,-950769.7077495424
-97.59919973324442,-948842.8539108471
-97.53251083694565,-946908.2027656898
-97.46582194064688,-944989.3416863673
-97.39913304434812,-943057.9846778833
-97.33244414804935,-941128.758852346
-97.26575525175059,-939212.3086447718
-97.19906635545182,-937300.7937985153
-97.13237745915305,-935379.4564306102
-97.06568856285429,-933463.2916110344
-96.99899966655552,-931575.7742815757
-96.93231077025675,-929643.074575731
-96.86562187395799,-927750.6139984231
-96.79893297765922,-925842.6994291128
-96.73224408136045,-923937.3055775004
-96.66555518506169,-922061.2361834676
-96.59886628876292,-920161.9148200412
-96.53217739246415,-918267.1196572962
-96.46548849616539,-916382.2469696248
-96.39879959986662,-914475.8550410371
-96.33211070356785,-912612.936441488
-96.26542180726909,-910729.4627294156
-96.19873291097032,-908844.9059131606
-96.13204401467155,-906980.2656920907
-96.06535511837279,-905100.5044327235
-95.99866622207402,-903224.0710932082
-95.93197732577526,-901361.1247963669
-95.8652884294765,-899493.6378838446
-95.79859953317772,-897634.1302241656
-95.73191063687896,-895781.5902309272
-95.6652217405802,-893909.0529672882
-95.59853284428142,-892042.308056712
-95.53184394798267,-890203.4909007697
-95.4651550516839,-888351.6935980764
-95.39846615538512,-886500.3767512825
-95.33177725908637,-884671.0594451596
-95.2650883627876,-882804.8326177826
-95.19839946648882,-880976.9419249776
-95.13171057019007,-879128.1716273419
-95.0650216738913,-877312.3130010111
-94.99833277759254,-875459.6810439496
-94.93164388129377,-873638.3538658742
-94.864954984995,-871813.011348293
-94.79826608869624,-869990.993241599
-94.73157719239747,-868172.8308639756
-94.6648882960987,-866341.7612295469
-94.59819939979994,-864533.3093220699
-94.53151050350117,-862735.7775677444
-94.4648216072024,-860917.1276222129
-94.39813271090364,-859100.3645487004
-94.33144381460487,-857289.6221951835
-94.2647549183061,-855488.3142719726
-94.19806602200734,-853676.4023678455
-94.13137712570857,-851902.586932711
-94.0646882294098,-850089.1830319175
-93.99799933311104,-848310.7570412431
-93.93131043681227,-846498.5430559688
-93.8646215405135,-844716.3082662468
-93.79793264421474,-842925.650074703
-93.73124374791597,-841151.8931123038
-93.66455485161721,-839353.2403799416
-93.59786595531844,-837576.1535299369
-93.53117705901967,-835803.3455982018
-93.46448816272091,-834035.0903339431
-93.39779926642214,-832257.9674194362
-93.33111037012337,-830499.323558865
-93.26442147382461,-828720.3943929469
-93.19773257752584,-826950.1199107004
-93.13104368122707,-825193.3325131927
-93.06435478492831,-823448.8187978738
-92.99766588862954,-821683.676381088
-92.93097699233078,-819942.9979749988
-92.86428809603201,-818176.6564451361
-92.79759919973324,-816428.7092876974
-92.73091030343448,-814700.845235933
-92.66422140713571,-812951.2458294685
-92.59753251083694,-811202.7720071194
-92.53084361453818,-809463.9578153221
-92.46415471823941,-807734.7577188417
-92.39746582194064,-805987.9861845946
-92.33077692564189,-804257.5857021301
-92.26408802934311,-802532.1327065733
-92.19739913304434,-800810.0857544217
-92.13071023674559,-799071.588661143
-92.06402134044681,-797345.1502042572
-91.99733244414804,-795643.1515637571
-91.93064354784929,-793927.5427061085
-91.86395465155051,-792204.5489169364
-91.79726575525174,-790499.6451498328
-91.73057685895299,-788788.665778426
-91.66388796265421,-787074.8686315654
-91.59719906635544,-785391.7597518144
-91.53051017005669,-783664.0995416711
-91.46382127375792,-781974.6858044936
-91.39713237745916,-780281.6389339698
-91.33044348116039,-778584.5972743212
-91.26375458486162,-776892.1752711146
-91.19706568856286,-775216.168734286
-91.13037679226409,-773503.2553694216
-91.06368789596532,-771830.2295754886
-90.99699899966656,-770144.8092431749
-90.93031010336779,-768460.9799365344
-90.86362120706902,-766799.4449240925
-90.79693231077026,-765112.613574669
-90.73024341447149,-763446.1088601563
-90.66355451817273,-761767.1988233776
-90.59686562187396,-760123.4331641175
-90.53017672557519,-758442.0857718008
-90.46348782927643,-756783.4267932018
-90.39679893297766,-755114.8890932619
-90.33011003667889,-753456.759791078
-90.26342114038013,-751810.7822986877
-90.19673224408136,-750157.8462490794
-90.13004334778259,-748502.4863878797
-90.06335445148383,-746860.6492700868
-89.99666555518506,-745201.0364110561
-89.92997665888629,-743567.441388033
-89.86328776258753,-741946.8766078951
-89.79659886628876,-740288.167992649
-89.72990996998999,-738657.4404436062
-89.66322107369123,-737028.5571596381
-89.59653217739246,-735394.191629969
-89.52984328109369,-733754.610836955
-89.46315438479493,-732118.4577105315
-89.39646548849616,-730502.587158798
-89.32977659219739,-728888.3537445737
-89.26308769589863,-727260.6650726765
-89.19639879959986,-725651.1953438232
-89.1297099033011,-724038.6876861758
-89.06302100700233,-722430.3702136695
-88.99633211070356,-720825.5487595424
-88.9296432144048,-719207.4449436131
-88.86295431810603,-717598.2433794631
-88.79626542180726,-715997.8520991581
-88.7295765255085,-714400.3654170742
-88.66288762920973,-712806.9477118682
-88.59619873291098,-711199.2435459051
-88.5295098366122,-709621.75627362
-88.46282094031343,-708014.5008489814
-88.39613204401468,-706440.5950341288
-88.3294431477159,-704852.8415976572
-88.26275425141714,-703275.1760276038
-88.19606535511838,-701686.4456265576
-88.1293764588196,-700095.9958264441
-88.06268756252084,-698523.4066920032
-87.99599866622208,-696945.8054247263
-87.92930976992331,-695377.922660922
-87.86262087362454,-693821.7602947841
-87.79593197732578,-692248.7707404594
-87.72924308102701,-690687.920086292
-87.66255418472824,-689108.9467571496
-87.59586528842948,-687569.435545649
-87.52917639213071,-685995.3367724731
-87.46248749583194,-684440.3212983966
-87.39579859953318,-682880.1582214151
-87.32910970323441,-681347.7528281861
-87.26242080693564,-679790.8050297733
-87.19573191063688,-678232.6250035944
-87.12904301433811,-676712.5385230136
-87.06235411803935,-675178.9396634081
-86.99566522174058,-673643.1023744902
-86.92897632544181,-672086.1027721837
-86.86228742914305,-670572.9492861232
-86.79559853284428,-669029.2779152171
-86.72890963654551,-667493.5500183667
-86.66222074024675,-665968.6483838159
-86.59553184394798,-664442.1378170651
-86.52884294764921,-662921.5031890647
-86.46215405135045,-661393.1174778449
-86.39546515505168,-659893.3588167878
-86.32877625875292,-658375.8713336348
-86.26208736245415,-656863.6731607114
-86.19539846615538,-655340.206509557
-86.12870956985662,-653831.3188809715
-86.06202067355785,-652328.9023799176
-85.99533177725908,-650819.348653541
-85.92864288096033,-649336.8578782729
-85.86195398466155,-647815.0234553958
-85.79526508836278,-646319.4120052089
-85.72857619206403,-644831.2567934827
-85.66188729576525,-643330.7366432949
-85.59519839946648,-641868.3969156009
-85.52850950316773,-640371.7942611172
-85.46182060686895,-638888.2359209565
-85.39513171057018,-637393.6347675245
-85.32844281427143,-635927.1573489183
-85.26175391797265,-634434.3406151792
-85.19506502167388,-632953.373593524
-85.12837612537513,-631485.0047391504
-85.06168722907636,-630016.8142276525
-84.99499833277758,-628557.7927103188
-84.92830943647883,-627089.7558537733
-84.86162054018006,-625608.3594724002
-84.7949316438813,-624149.7792847985
-84.72824274758253,-622696.2643822043
-84.66155385128376,-621241.5123681102
-84.594864954985,-619798.8693573428
-84.52817605868623,-618337.998673683
-84.46148716238746,-616863.1828394175
-84.3947982660887,-615440.0317727125
-84.32810936978993,-613981.8560442961
-84.26142047349116,-612531.1641249363
-84.1947315771924,-611107.381111501
-84.12804268089363,-609656.2465798149
-84.06135378459487,-608212.8661732345
-83.9946648882961,-606785.1756577884
-83.92797599199733,-605329.4937240989
-83.86128709569857,-603935.2124005905
-83.7945981993998,-602485.0720184935
-83.72790930310103,-601068.8563035259
-83.66122040680227,-599637.4825944067
-83.5945315105035,-598218.5618080179
-83.52784261420473,-596808.6402884055
-83.46115371790597,-595383.8725257405
-83.3944648216072,-593985.7420714399
-83.32777592530843,-592553.4703681134
-83.26108702900967,-591145.5699144637
-83.1943981327109,-589734.7443011429
-83.12770923641213,-588325.5248228622
-83.06102034011337,-586927.4210048261
-82.9943314438146,-585527.7836698309
-82.92764254751583,-584136.8558015245
-82.86095365121707,-582738.5745590258
-82.7942647549183,-581328.6813429273
-82.72757585861953,-579934.2100729451
-82.66088696232077,-578557.3565057568
-82.594198066022,-577167.0580165802
-82.52750916972323,-575788.8591405097
-82.46082027342447,-574388.6563488026
-82.3941313771257,-573011.3494585762
-82.32744248082695,-571621.9938752648
-82.26075358452817,-570267.6156733973
-82.19406468822942,-568888.8914988717
-82.12737579193065,-567511.505308518
-82.06068689563187,-566137.8837135778
-81.99399799933312,-564776.6872591674
-81.92730910303435,-563416.057649627
-81.86062020673558,-562038.3387186005
-81.79393131043682,-560678.1391093961
-81.72724241413805,-559331.957014544
-81.66055351783928,-557956.7005451961
-81.59386462154052,-556603.2966206624
-81.52717572524175,-555258.8930383973
-81.46048682894298,-553908.8331252676
-81.39379793264422,-552556.7314619843
-81.32710903634545,-551221.9413033403
-81.26042014004668,-549870.8791406514
-81.19373124374792,-548546.5963540736
-81.12704234744915,-547182.8079337524
-81.06035345115038,-545864.9364383072
-80.99366455485162,-544505.2228883666
-80.92697565855285,-543186.8760235095
-80.86028676225408,-541855.0904961185
-80.79359786595532,-540529.7566312017
-80.72690896965655,-539200.550393262
-80.66022007335778,-537862.5810968977
-80.59353117705902,-536571.6852458143
-80.52684228076025,-535221.5888663336
-80.46015338446148,-533911.2888188346
-80.39346448816272,-532608.0024219718
-80.32677559186395,-531293.4650353256
-80.26008669556519,-529960.128945087
-80.19339779926642,-528671.9411836411
-80.12670890296765,-527366.5986786003
-80.06002000666889,-526043.4240311511
-79.99333111037012,-524747.1189449577
-79.92664221407136,-523456.78796100547
-79.8599533177726,-522149.1593334048
-79.79326442147382,-520862.85494032555
-79.72657552517506,-519551.7459625942
-79.6598866288763,-518260.1104307074
-79.59319773257752,-516974.53768364387
-79.52650883627877,-515688.23447015916
-79.45981993998,-514391.51219011436
-79.39313104368122,-513122.2162724512
-79.32644214738247,-511850.4171759672
-79.2597532510837,-510558.2493839339
-79.19306435478492,-509268.1725839356
-79.12637545848617,-508018.12583463907
-79.0596865621874,-506740.17549289775
-78.99299766588862,-505463.3557086825
-78.92630876958987,-504198.64767659846
-78.8596198732911,-502939.72792230727
-78.79293097699232,-501658.6698021545
-78.72624208069357,-500386.9798464941
-78.6595531843948,-499143.9851842325
-78.59286428809602,-497894.917622669
-78.52617539179727,-496644.32259825355
-78.4594864954985,-495376.2261616036
-78.39279759919972,-494117.92944424896
-78.32610870290097,-492873.539273151
-78.2594198066022,-491630.0478770058
-78.19273091030342,-490389.53695011995
-78.12604201400467,-489150.4585365096
-78.0593531177059,-487894.0442077374
-77.99266422140714,-486654.51379707846
-77.92597532510837,-485437.3905412892
-77.8592864288096,-484177.6039258042
-77.79259753251084,-482953.1234246278
-77.72590863621207,-481716.0062365733
-77.65921973991331,-480509.5188780798
-77.59253084361454,-479283.3773951533
-77.52584194731577,-478049.3998061103
-77.45915305101701,-476822.02955028694
-77.39246415471824,-475591.60945797904
-77.32577525841947,-474382.34319734626
-77.25908636212071,-473174.0259486431
-77.19239746582194,-471966.46752798185
-77.12570856952317,-470736.6662721946
-77.05901967322441,-469544.54946964525
-76.99233077692564,-468316.2036947141
-76.92564188062687,-467125.9784251555
-76.85895298432811,-465907.5211045213
-76.79226408802934,-464713.42545270507
-76.72557519173057,-463520.6309580875
-76.65888629543181,-462326.43342595996
-76.59219739913304,-461129.81216892693
-76.52550850283427,-459930.5266338451
-76.45881960653551,-458742.2640078868
-76.39213071023674,-457558.617895033
-76.32544181393797,-456368.23487084557
-76.25875291763921,-455181.3781114463
-76.19206402134044,-454016.1862213295
-76.12537512504167,-452814.6915577585
-76.05868622874291,-451647.44438023336
-75.99199733244414,-450472.1303515189
-75.92530843614537,-449301.74512347026
-75.85861953984661,-448129.9840000622
-75.79193064354784,-446955.90496691887
-75.72524174724909,-445782.20233724196
-75.65855285095031,-444594.41135548294
-75.59186395465156,-443449.7884217514
-75.52517505835279,-442281.73825645685
-75.45848616205402,-441119.568416823
-75.39179726575526,-439963.3671151219
-75.32510836945649,-438808.7081315256
-75.25841947315772,-437663.35168015177
-75.19173057685896,-436489.9086752783
-75.12504168056019,-435336.8095279982
-75.05835278426142,-434216.5018364879
-74.99166388796266,-433065.0269421979
-74.92497499166389,-431914.8862439366
-74.85828609536512,-430778.1942329183
-74.79159719906636,-429626.2757175707
-74.72490830276759,-428498.0086935778
-74.65821940646882,-427338.7329243406
-74.59153051017006,-426212.4098444605
-74.52484161387129,-425088.12272515305
-74.45815271757252,-423951.50295576843
-74.39146382127376,-422822.7718356947
-74.32477492497499,-421710.0336973888
-74.25808602867622,-420587.9560394594
-74.19139713237746,-419458.70466708526
-74.12470823607869,-418332.3377791892
-74.05801933977992,-417220.01520854584
-73.99133044348116,-416117.6344745394
-73.92464154718239,-414997.3241170203
-73.85795265088362,-413879.36675144767
-73.79126375458486,-412769.24238917057
-73.72457485828609,-411644.70569188846
-73.65788596198733,-410565.4079874222
-73.59119706568856,-409446.09273458464
-73.52450816938979,-408336.02343878883
-73.45781927309103,-407229.5433917714
-73.39113037679226,-406152.7067865854
-73.3244414804935,-405049.2729808731
-73.25775258419473,-403954.3535552047
-73.19106368789596,-402865.02763849334
-73.1243747915972,-401777.03296139854
-73.05768589529843,-400684.37417771784
-72.99099699899966,-399621.7070246065
-72.9243081027009,-398511.5450895845
-72.85761920640213,-397433.5085467879
-72.79093031010336,-396355.77604907914
-72.7242414138046,-395259.059808046
-72.65755251750583,-394204.23102973064
-72.59086362120706,-393127.4096341668
-72.5241747249083,-392035.56090565934
-72.45748582860953,-390987.41118593013
-72.39079693231076,-389916.36825920426
-72.324108036012,-388846.3056802562
-72.25741913971324,-387773.5134598611
-72.19073024341446,-386715.6327138736
-72.1240413471157,-385666.6360947322
-72.05735245081694,-384601.4947787337
-71.99066355451816,-383544.9792046628
-71.92397465821941,-382485.5598976654
-71.85728576192064,-381428.29418172204
-71.79059686562186,-380377.0493486558
-71.72390796932311,-379345.230634915
-71.65721907302434,-378275.07026207267
-71.59053017672557,-377236.0504116498
-71.52384128042681,-376183.4120222794
-71.45715238412804,-375149.2783725246
-71.39046348782928,-374104.28964064806
-71.32377459153051,-373071.5589321124
-71.25708569523174,-372028.6335844188
-71.19039679893298,-371001.25672725885
-71.12370790263421,-369974.16686265374
-71.05701900633545,-368925.0685581543
-70.99033011003668,-367907.9141415187
-70.92364121373791,-366884.1270134947
-70.85695231743915,-365874.52828279114
-70.79026342114038,-364852.1337556676
-70.72357452484161,-363818.90180725645
-70.65688562854285,-362801.40060747723
-70.59019673224408,-361790.70223352796
-70.52350783594531,-360769.7873178059
-70.45681893964655,-359745.23176126316
-70.39013004334778,-358741.3010455085
-70.32344114704901,-357746.8119337763
-70.25675225075025,-356731.2898689285
-70.19006335445148,-355731.44401543355
-70.12337445815271,-354724.60314129933
-70.05668556185395,-353723.19671922375
-69.98999666555518,-352723.9824244824
-69.92330776925641,-351732.36124315584
-69.85661887295765,-350727.3839528699
-69.78992997665888,-349736.7720070721
-69.72324108036011,-348763.52726182237
-69.65655218406135,-347733.3507386403
-69.58986328776258,-346752.6237367882
-69.52317439146381,-345777.77843610226
-69.45648549516505,-344789.92459172447
-69.38979659886628,-343816.62669070205
-69.32310770256751,-342812.73540312704
-69.25641880626875,-341832.03824568586
-69.18972990996998,-340868.7442338239
-69.12304101367123,-339886.4548466572
-69.05635211737246,-338919.74840593775
-68.9896632210737,-337960.2126326803
-68.92297432477493,-336983.0402862054
-68.85628542847616,-336010.77410713164
-68.7895965321774,-335049.40492619923
-68.72290763587863,-334083.3101866664
-68.65621873957986,-333119.9361957621
-68.5895298432811,-332159.34590944106
-68.52284094698233,-331199.62275943416
-68.45615205068356,-330251.7138979768
-68.3894631543848,-329293.9979213568
-68.32277425808603,-328345.4139260812
-68.25608536178726,-327376.0311328671
-68.1893964654885,-326451.2544040689
-68.12270756918973,-325477.57346346066
-68.05601867289096,-324529.939955549
-67.9893297765922,-323599.5105872332
-67.92264088029343,-322675.8126787834
-67.85595198399466,-321717.6027742967
-67.7892630876959,-320776.7789594315
-67.72257419139713,-319847.73017730395
-67.65588529509836,-318908.9719736047
-67.5891963987996,-317959.63664972293
-67.52250750250083,-317035.40814926784
-67.45581860620206,-316118.7930255699
-67.3891297099033,-315196.6640633799
-67.32244081360453,-314260.8021976549
-67.25575191730576,-313336.01075460564
-67.189063021007,-312408.2630207382
-67.12237412470824,-311496.25535485643
-67.05568522840946,-310569.42994496727
-66.9889963321107,-309641.3969636033
-66.92230743581194,-308735.5157964802
-66.85561853951316,-307829.3896962794
-66.7889296432144,-306919.2371708195
-66.72224074691565,-306011.1923466669
-66.65555185061687,-305091.2590649913
-66.5888629543181,-304199.8843871546
-66.52217405801935,-303290.46046225313
-66.45548516172057,-302388.1619225332
-66.3887962654218,-301492.12615904206
-66.32210736912305,-300600.42132800585
-66.25541847282427,-299689.97508453176
-66.1887295765255,-298797.9499685315
-66.12204068022675,-297900.1470688988
-66.05535178392797,-297016.8870711479
-65.9886628876292,-296113.1014149359
-65.92197399133045,-295241.9105532374
-65.85528509503168,-294335.00529985124
-65.7885961987329,-293478.26307525526
-65.72190730243415,-292578.1575060746
-65.65521840613538,-291696.95744734927
-65.5885295098366,-290828.02033881895
-65.52184061353785,-289940.9237039294
-65.45515171723908,-289058.5118833648
-65.3884628209403,-288212.67618530564
-65.32177392464155,-287318.87592301937
-65.25508502834278,-286472.5611603941
-65.188396132044,-285591.8165105188
-65.12170723574525,-284704.29136578104
-65.05501833944648,-283856.96798437025
-64.9883294431477,-282998.4475464582
-64.92164054684895,-282129.1347548948
-64.85495165055019,-281251.2529368009
-64.7882627542514,-280424.44298849336
-64.72157385795265,-279561.9399818285
-64.65488496165389,-278687.03487054276
-64.5881960653551,-277831.3805966286
-64.52150716905635,-276996.03884688
-64.45481827275759,-276155.8325111975
-64.38812937645882,-275281.59976528026
-64.32144048016005,-274439.7933495477
-64.25475158386129,-273603.0338602793
-64.18806268756252,-272772.61359502835
-64.12137379126375,-271925.8861640181
-64.05468489496499,-271087.88519643695
-63.98799599866622,-270246.7909457344
-63.92130710236746,-269402.390459378
-63.854618206068686,-268573.2473440378
-63.78792930976992,-267756.9076136821
-63.72124041347116,-266907.00249382405
-63.654551517172386,-266086.95342476404
-63.58786262087362,-265257.12234852253
-63.52117372457486,-264425.76153800887
-63.45448482827609,-263622.9743143046
-63.38779593197732,-262792.6671222386
-63.32110703567856,-261976.64025763853
-63.254418139379794,-261166.64707901084
-63.18772924308102,-260334.751805372
-63.12104034678226,-259502.5582340132
-63.054351450483495,-258724.1986497063
-62.98766255418472,-257898.26397449744
-62.92097365788596,-257083.10766896515
-62.854284761587195,-256279.17047109027
-62.78759586528843,-255474.67822724575
-62.72090696898966,-254679.47828216275
-62.654218072690895,-253864.2250684922
-62.58752917639213,-253070.8339686265
-62.52084028009336,-252282.67962846212
-62.454151383794596,-251457.6700391508
-62.38746248749583,-250663.31055697266
-62.32077359119706,-249875.99778730012
-62.254084694898296,-249081.69269460332
-62.18739579859953,-248283.72397085492
-62.12070690230077,-247500.99424684697
-62.054018006001996,-246707.70271954781
-61.98732910970323,-245931.1342806611
-61.92064021340447,-245133.7500038404
-61.8539513171057,-244358.84114670628
-61.78726242080693,-243578.68490424292
-61.72057352450817,-242810.89424473597
-61.653884628209404,-242020.59931482605
-61.58719573191063,-241253.37479647755
-61.52050683561187,-240477.3108247133
-61.453817939313105,-239705.87240442057
-61.38712904301433,-238936.68176651484
-61.32044014671557,-238141.6120751172
-61.253751250416805,-237380.07198518646
-61.187062354118034,-236609.12452150864
-61.12037345781927,-235869.68591847157
-61.053684561520505,-235096.39677849424
-60.98699566522174,-234346.0258935058
-60.92030676892297,-233581.59960980792
-60.853617872624206,-232825.37869966275
-60.78692897632544,-232051.75827991107
-60.72024008002667,-231310.12591315983
-60.653551183727906,-230545.3282408866
-60.58686228742914,-229797.59780475238
-60.52017339113038,-229034.19167510033
-60.453484494831606,-228316.2790895287
-60.38679559853284,-227547.82337827337
-60.32010670223408,-226803.8086039415
-60.25341780593531,-226077.47744702996
-60.18672890963654,-225319.96925420655
-60.12004001333778,-224585.29690536138
-60.053351117039014,-223851.38767935033
-59.98666222074024,-223119.36143785276
-59.91997332444148,-222383.34341517938
-59.853284428142715,-221627.62934978
-59.78659553184394,-220912.07463278406
-59.71990663554518,-220175.48846636715
-59.653217739246415,-219459.3494951739
-59.586528842947644,-218732.1475205722
-59.51983994664888,-217991.7470389943
-59.453151050350115,-217287.29979165393
-59.38646215405135,-216557.5294210684
-59.31977325775258,-215833.24250551398
-59.253084361453816,-215113.53146322235
-59.18639546515505,-214398.361835352
-59.11970656885628,-213677.86632210133
-59.053017672557516,-212961.18919226874
-58.98632877625875,-212248.1476830468
-58.91963987995999,-211550.79576654834
-58.852950983661216,-210835.65715754748
-58.78626208736245,-210115.888643014
-58.71957319106369,-209411.9388664565
-58.65288429476492,-208725.31290696329
-58.58619539846615,-208008.33508933266
-58.51950650216739,-207325.37075794744
-58.45281760586862,-206609.14685482893
-58.38612870956985,-205895.89514712393
-58.31943981327109,-205221.7911657711
-58.252750916972325,-204525.58736117792
-58.18606202067355,-203819.07752379155
-58.11937312437479,-203145.37961228844
-58.052684228076025,-202447.51535186416
-57.985995331777254,-201748.66478776158
-57.91930643547849,-201071.05872310323
-57.852617539179725,-200381.9836503443
-57.78592864288096,-199689.81541399774
-57.71923974658219,-199009.6293157975
-57.652550850283426,-198329.65791807635
-57.58586195398466,-197654.85244070023
-57.51917305768589,-196971.08040764497
-57.452484161387126,-196298.48484943403
-57.38579526508836,-195618.83751230824
-57.31910636878959,-194953.02948079447
-57.252417472490826,-194278.61596244926
-57.18572857619206,-193614.72199815346
-57.1190396798933,-192938.2730813932
-57.05235078359453,-192277.21369210674
-56.98566188729576,-191613.9109219115
-56.918972990997,-190938.74054711094
-56.85228409469823,-190276.45584538477
-56.78559519839946,-189610.77756276753
-56.7189063021007,-188960.9054284601
-56.652217405801935,-188296.1391750293
-56.58552850950316,-187638.47391421362
-56.5188396132044,-186984.32654484766
-56.452150716905635,-186341.0203692651
-56.385461820606864,-185681.27482085399
-56.3187729243081,-185029.1336001137
-56.252084028009335,-184383.0869138205
-56.18539513171057,-183752.45262764327
-56.1187062354118,-183088.6104203952
-56.052017339113036,-182427.84290671605
-55.98532844281427,-181805.5857939022
-55.9186395465155,-181167.20414877572
-55.851950650216736,-180518.57674371928
-55.78526175391797,-179880.75667512382
-55.7185728576192,-179236.91237694444
-55.651883961320436,-178621.22037026833
-55.58519506502167,-177971.51237949
-55.51850616872291,-177340.3470916897
-55.45181727242414,-176715.413957767
-55.38512837612537,-176082.27109528598
-55.31843947982661,-175448.94445384372
-55.25175058352784,-174823.89504247592
-55.18506168722907,-174215.20332422826
-55.11837279093031,-173576.17388129223
-55.051683894631545,-172961.4172259634
-54.98499499833277,-172339.96810840152
-54.91830610203401,-171721.10194348896
-54.851617205735245,-171105.5091361708
-54.784928309436474,-170478.87468018229
-54.71823941313771,-169874.65892723532
-54.651550516838945,-169270.00431192288
-54.584861620540174,-168652.73107746796
-54.51817272424141,-168038.16253343853
-54.451483827942646,-167421.2402027231
-54.38479493164388,-166819.2017910573
-54.31810603534511,-166225.25247646435
-54.251417139046346,-165594.45555919994
-54.18472824274758,-165009.57321938922
-54.11803934644881,-164400.30631880456
-54.051350450150046,-163812.00308294
-53.98466155385128,-163208.262536651
-53.91797265755252,-162609.0120465275
-53.85128376125375,-162010.63718208557
-53.78459486495498,-161418.03352025678
-53.71790596865622,-160827.07761976693
-53.65121707235745,-160245.58984127548
-53.58452817605868,-159658.10651045403
-53.51783927975992,-159062.78274020558
-53.451150383461155,-158471.33551779971
-53.38446148716238,-157895.3833544387
-53.31777259086362,-157301.3235843679
-53.251083694564855,-156715.90794264115
-53.184394798266084,-156153.9821261626
-53.11770590196732,-155573.90659278218
-53.051017005668555,-154990.32910254493
-52.984328109369784,-154410.17350267337
-52.91763921307102,-153841.69088954089
-52.850950316772256,-153252.9665493215
-52.78426142047349,-152688.10954153512
-52.71757252417472,-152120.3307145125
-52.650883627875956,-151562.7023108002
-52.58419473157719,-150993.7330545344
-52.51750583527842,-150414.37091752054
-52.450816938979656,-149868.5114106213
-52.38412804268089,-149279.59861143687
-52.31743914638213,-148726.6296380269
-52.25075025008336,-148138.4982119722
-52.18406135378459,-147586.47024652356
-52.11737245748583,-147048.28608266768
-52.05068356118706,-146490.99461294807
-51.98399466488829,-145926.8954253022
-51.91730576858953,-145367.35581113675
-51.85061687229076,-144841.6097136361
-51.78392797599199,-144291.7221690621
-51.71723907969323,-143732.73274339156
-51.650550183394465,-143174.81769977816
-51.583861287095694,-142628.62380354758
-51.51717239079693,-142078.55408923494
-51.450483494498165,-141552.61580692322
-51.383794598199394,-141018.844061083
-51.31710570190063,-140452.13641820464
-51.250416805601866,-139925.6988820867
-51.1837279093031,-139396.6793739453
-51.11703901300433,-138842.21271962428
-51.050350116705566,-138301.25140252584
-50.9836612204068,-137774.1768838493
-50.91697232410803,-137243.84509340685
-50.850283427809266,-136709.81556490724
-50.7835945315105,-136181.23839153285
-50.71690563521173,-135660.16409080685
-50.65021673891297,-135127.57428634237
-50.5835278426142,-134591.53309168213
-50.51683894631544,-134068.34397601092
-50.45015005001667,-133546.15280318094
-50.3834611537179,-133033.4023710808
-50.31677225741914,-132506.19935487403
-50.25008336112037,-132002.8304614963
-50.1833944648216,-131466.0114250018
-50.11670556852284,-130939.39057992195
-50.050016672224075,-130447.35182843907
-49.983327775925304,-129926.3368695375
-49.91663887962654,-129406.45883810277
-49.849949983327775,-128887.86098329503
-49.783261087029004,-128391.60956163854
-49.71657219073024,-127885.04803642306
-49.649883294431476,-127388.09213719529
-49.58319439813271,-126865.68663491805
-49.51650550183394,-126345.69180960068
-49.449816605535176,-125856.66293871152
-49.38312770923641,-125357.25075768541
-49.31643881293764,-124854.02213821301
-49.249749916638876,-124357.54757542383
-49.18306102034011,-123866.15498935252
-49.11637212404134,-123356.58688276348
-49.04968322774258,-122866.21771079411
-48.98299433144381,-122374.06023147251
-48.91630543514505,-121889.50627427732
-48.84961653884628,-121380.10058568003
-48.78292764254751,-120895.35764519792
-48.71623874624875,-120416.56478727651
-48.64954984994998,-119916.91073100021
-48.58286095365121,-119443.00578206731
-48.51617205735245,-118960.69532555253
-48.449483161053685,-118477.24342196943
-48.382794264754914,-118003.37148247956
-48.31610536845615,-117504.77659008831
-48.249416472157385,-117043.85116172984
-48.182727575858614,-116560.98792586262
-48.11603867955985,-116091.02697117577
-48.049349783261086,-115599.6744563606
-47.982660886962314,-115126.05205448328
-47.91597199066355,-114654.62483320045
-47.849283094364786,-114188.81005890043
-47.78259419806602,-113719.60010281621
-47.71590530176725,-113237.5529113667
-47.649216405468486,-112778.00898569917
-47.58252750916972,-112304.69968657092
-47.51583861287095,-111849.22602890045
-47.44914971657219,-111376.89474755134
-47.38246082027342,-110905.4001795341
-47.31577192397466,-110449.90239646894
-47.24908302767589,-109997.93673760082
-47.18239413137712,-109533.90414506212
-47.11570523507836,-109080.48819402118
-47.04901633877959,-108622.37601342067
-46.98232744248082,-108170.19339250537
-46.91563854618206,-107715.32412228508
-46.848949649883295,-107260.00333816635
-46.782260753584524,-106818.6055271869
-46.71557185728576,-106369.01040949517
-46.648882960986995,-105923.48080973182
-46.582194064688224,-105477.9263181352
-46.51550516838946,-105028.87490085443
-46.448816272090696,-104573.13245974244
-46.382127375791924,-104138.07923130687
-46.31543847949316,-103684.61225820442
-46.248749583194396,-103247.48139845603
-46.18206068689563,-102823.79698891708
-46.11537179059686,-102364.34912997822
-46.048682894298096,-101925.89087805197
-45.98199399799933,-101504.3630747456
-45.91530510170056,-101058.33034114269
-45.8486162054018,-100635.0665739761
-45.78192730910303,-100195.19717454909
-45.71523841280427,-99775.09792964348
-45.6485495165055,-99349.56787461464
-45.58186062020673,-98909.76253734289
-45.51517172390797,-98480.4009248961
-45.4484828276092,-98056.53596148624
-45.38179393131043,-97638.00075656942
-45.31510503501167,-97208.13047076506
-45.2484161387129,-96780.40668485305
-45.181727242414134,-96361.77517060499
-45.11503834611537,-95940.0344409374
-45.048349449816605,-95528.1554533751
-44.981660553517834,-95095.94075125735
-44.91497165721907,-94698.46194472881
-44.848282760920306,-94270.10646022188
-44.781593864621534,-93850.7207399612
-44.71490496832277,-93443.71029205662
-44.648216072024006,-93037.77042113953
-44.58152717572524,-92630.17847709467
-44.51483827942647,-92208.67269622846
-44.448149383127706,-91820.56013731487
-44.38146048682894,-91410.35613667549
-44.31477159053017,-91000.39649404296
-44.24808269423141,-90583.13599627577
-44.18139379793264,-90187.01880519785
-44.11470490163387,-89796.01777828128
-44.04801600533511,-89390.16730620334
-43.98132710903634,-88993.2040489233
-43.91463821273758,-88595.7638022252
-43.84794931643881,-88185.24002808542
-43.78126042014004,-87808.2185920476
-43.71457152384128,-87389.7339712635
-43.64788262754251,-87002.52224076331
-43.581193731243744,-86608.14755461819
-43.51450483494498,-86229.48506374354
-43.447815938646215,-85837.0671234736
-43.381127042347444,-85458.59603316333
-43.31443814604868,-85063.76673012569
-43.247749249749916,-84669.23241604917
-43.181060353451144,-84277.59720647952
-43.11437145715238,-83912.77707427731
-43.047682560853616,-83523.96624907675
-42.98099366455485,-83140.54147069287
-42.91430476825608,-82769.950979854
-42.847615871957316,-82374.67039600655
-42.78092697565855,-82006.97079114061
-42.71423807935978,-81625.67904512728
-42.64754918306102,-81251.82616685283
-42.58086028676225,-80879.77574565462
-42.51417139046348,-80499.92189983896
-42.44748249416472,-80129.14717598814
-42.38079359786595,-79759.10439932377
-42.31410470156719,-79391.81316408962
-42.24741580526842,-79014.4321269885
-42.18072690896965,-78635.90737827671
-42.11403801267089,-78281.3085699063
-42.04734911637212,-77908.89165311179
-41.980660220073354,-77563.55510545542
-41.91397132377459,-77187.88199036723
-41.847282427475825,-76835.77002130829
-41.780593531177054,-76477.78792854243
-41.71390463487829,-76112.00163668158
-41.647215738579526,-75737.79650942367
-41.580526842280754,-75382.1057389672
-41.51383794598199,-75031.26333258157
-41.447149049683226,-74690.09604330563
-41.380460153384455,-74325.15553665643
-41.31377125708569,-73968.04454858656
-41.247082360786926,-73617.04694107047
-41.18039346448816,-73282.31310730435
-41.11370456818939,-72924.91349507342
-41.04701567189063,-72569.6466544219
-40.98032677559186,-72217.29989186188
-40.91363787929309,-71892.72675578922
-40.84694898299433,-71531.13178680313
-40.78026008669556,-71184.47523475882
-40.7135711903968,-70835.71354751116
-40.64688229409803,-70494.962610273
-40.58019339779926,-70154.94235739349
-40.5135045015005,-69826.20055890738
-40.44681560520173,-69496.36202921644
-40.380126708902964,-69146.6365022409
-40.3134378126042,-68798.96840489017
-40.246748916305435,-68460.41673426481
-40.180060020006664,-68131.55464078876
-40.1133711237079,-67800.56894271912
-40.046682227409136,-67468.81938082437
-39.979993331110364,-67145.24469015421
-39.9133044348116,-66811.86009859927
-39.846615538512836,-66468.57379046023
-39.779926642214065,-66161.65461591768
-39.7132377459153,-65814.46302198202
-39.646548849616536,-65504.30209365504
-39.57985995331777,-65166.54276377607
-39.513171057019,-64864.89504951609
-39.44648216072024,-64526.51978162694
-39.37979326442147,-64215.73805956809
-39.3131043681227,-63900.87153715146
-39.24641547182394,-63568.57346674699
-39.17972657552517,-63244.083363025595
-39.11303767922641,-62941.81934631232
-39.04634878292764,-62631.014119620806
-38.97965988662887,-62304.77864729307
-38.91297099033011,-61990.82320960076
-38.84628209403134,-61672.87316873639
-38.779593197732574,-61357.853349409655
-38.71290430143381,-61055.16840953518
-38.64621540513504,-60730.142865994974
-38.579526508836274,-60434.53586175262
-38.51283761253751,-60131.49126216297
-38.446148716238746,-59835.04798304749
-38.379459819939974,-59518.73601849387
-38.31277092364121,-59214.84706059158
-38.246082027342446,-58901.034894338474
-38.179393131043675,-58602.61719682336
-38.11270423474491,-58314.38833776615
-38.046015338446146,-58003.24647499227
-37.97932644214738,-57699.95641275672
-37.91263754584861,-57394.8398105022
-37.84594864954985,-57102.72889652781
-37.77925975325108,-56807.53471000875
-37.71257085695231,-56517.95925879198
-37.64588196065355,-56221.17604318402
-37.57919306435478,-55921.15144191634
-37.51250416805601,-55649.695212055725
-37.44581527175725,-55350.73280955013
-37.37912637545848,-55064.03915772483
-37.31243747915972,-54765.761926776446
-37.24574858286095,-54470.90336994488
-37.179059686562184,-54198.48260934333
-37.11237079026342,-53926.8008102077
-37.04568189396465,-53625.955814408626
-36.978992997665884,-53331.33626517822
-36.91230410136712,-53051.33357624534
-36.845615205068356,-52770.202460212975
-36.778926308769584,-52494.86222607212
-36.71223741247082,-52222.84807018702
-36.645548516172056,-51929.48444998609
-36.578859619873285,-51662.26769536613
-36.51217072357452,-51361.10117985381
-36.445481827275756,-51097.9825058405
-36.37879293097699,-50832.15467710897
-36.31210403467822,-50558.35203768684
-36.24541513837946,-50281.14273266108
-36.17872624208069,-50010.23839640932
-36.11203734578192,-49728.2941120216
-36.04534844948316,-49465.62527367164
-35.978659553184386,-49203.83711779888
-35.91197065688563,-48914.705859761976
-35.84528176058686,-48662.25632088741
-35.778592864288086,-48390.29577381225
-35.71190396798933,-48136.080528787345
-35.64521507169056,-47864.048759484154
-35.57852617539179,-47601.172735069114
-35.51183727909303,-47356.45392298433
-35.44514838279426,-47063.85504501347
-35.3784594864955,-46809.256231503045
-35.31177059019673,-46563.32493549968
-35.24508169389796,-46310.491581604365
-35.1783927975992,-46041.377266853946
-35.11170390130043,-45786.905020069295
-35.04501500500166,-45529.14881823627
-34.9783261087029,-45275.810065518584
-34.91163721240413,-45019.59243878343
-34.84494831610536,-44759.31299070216
-34.7782594198066,-44514.54328828868
-34.71157052350783,-44276.627864029535
-34.64488162720906,-44007.41667224458
-34.5781927309103,-43756.22108294915
-34.51150383461153,-43496.09885977767
-34.444814938312774,-43283.21129036566
-34.378126042014,-43026.125237132976
-34.31143714571523,-42799.50518913786
-34.244748249416475,-42534.13668411456
-34.1780593531177,-42299.59254962637
-34.11137045681893,-42037.39426322341
-34.044681560520175,-41817.48166459197
-33.977992664221404,-41584.22737773736
-33.91130376792263,-41334.83766575635
-33.844614871623875,-41108.147794636185
-33.777925975325104,-40848.53234814786
-33.71123707902633,-40634.178194596534
-33.644548182727576,-40381.46361158797
-33.577859286428804,-40163.26308481876
-33.51117039013003,-39915.06608717355
-33.444481493831276,-39666.13181086633
-33.377792597532505,-39444.0790216981
-33.31110370123375,-39222.46598017081
-33.244414804934976,-38985.308163971946
-33.177725908636205,-38755.31980448456
-33.11103701233745,-38522.99141920911
-33.04434811603868,-38309.91719095466
-32.977659219739905,-38067.351207931104
-32.91097032344115,-37867.73408169241
-32.84428142714238,-37626.04122846359
-32.777592530843606,-37400.70576752009
-32.71090363454485,-37168.4228286817
-32.64421473824608,-36950.88892519582
-32.577525841947306,-36740.78388783552
-32.51083694564855,-36516.775842902425
-32.44414804934978,-36287.54829585767
-32.37745915305101,-36070.89565669737
-32.31077025675225,-35856.9032573015
-32.24408136045348,-35639.00406607919
-32.17739246415472,-35413.35338844458
-32.11070356785595,-35207.706035426796
-32.04401467155718,-34989.7856334246
-31.97732577525842,-34758.11068604611
-31.91063687895965,-34574.12000221721
-31.84394798266088,-34365.67495288246
-31.777259086362122,-34133.588691598794
-31.71057019006335,-33935.14949971766
-31.64388129376458,-33722.993170625465
-31.577192397465822,-33518.28562591419
-31.51050350116705,-33306.56429025346
-31.44381460486828,-33085.0057286646
-31.377125708569523,-32885.54200096564
-31.31043681227075,-32680.08130669505
-31.24374791597198,-32494.1822689177
-31.177059019673223,-32288.78655201393
-31.11037012337445,-32099.86455345967
-31.043681227075695,-31882.04952567019
-30.976992330776923,-31667.189581826813
-30.910303434478152,-31470.820757150228
-30.843614538179395,-31277.684171523386
-30.776925641880624,-31077.88703846148
-30.710236745581852,-30885.85534637602
-30.643547849283095,-30682.1790923349
-30.576858952984324,-30481.99853447515
-30.510170056685553,-30306.19476872866
-30.443481160386796,-30096.84454348984
-30.376792264088024,-29898.58645387603
-30.310103367789253,-29716.99932073777
-30.243414471490496,-29516.53209728606
-30.176725575191725,-29308.90446900195
-30.110036678892953,-29142.363488337367
-30.043347782594196,-28949.310590533518
-29.976658886295425,-28770.109284490452
-29.909969989996668,-28575.320299798805
-29.843281093697897,-28386.469538212263
-29.776592197399125,-28202.788515879794
-29.70990330110037,-28027.512722270087
-29.643214404801597,-27833.522752816087
-29.576525508502826,-27640.10336935834
-29.50983661220407,-27465.646163683756
-29.443147715905297,-27279.778908712684
-29.376458819606526,-27108.413922347627
-29.30976992330777,-26920.36332941459
-29.243081027008998,-26744.772998190067
-29.176392130710227,-26576.057161565775
-29.10970323441147,-26388.140788232326
-29.043014338112698,-26221.65617627382
-28.976325441813927,-26042.61207845739
-28.90963654551517,-25860.651850131722
-28.8429476492164,-25685.195190217688
-28.77625875291764,-25523.281119866264
-28.70956985661887,-25332.31515808654
-28.6428809603201,-25163.934666952686
-28.576192064021342,-25002.694326843084
-28.50950316772257,-24838.68328960811
-28.4428142714238,-24657.646509889997
-28.376125375125042,-24490.936255574867
-28.30943647882627,-24318.120005843175
-28.2427475825275,-24154.359697896736
-28.176058686228743,-24000.715486516932
-28.10936978992997,-23821.73332651962
-28.0426808936312,-23655.810096086054
-27.975991997332443,-23483.800540428965
-27.90930310103367,-23330.724425142238
-27.842614204734915,-23148.740963608427
-27.775925308436143,-23015.255773225737
-27.709236412137372,-22828.024571681573
-27.642547515838615,-22679.616921736128
-27.575858619539844,-22511.009565200304
-27.509169723241072,-22358.06534286465
-27.442480826942315,-22191.15667779841
-27.375791930643544,-22045.691462387138
-27.309103034344773,-21894.449272334143
-27.242414138046016,-21718.110535017757
-27.175725241747244,-21574.94141343057
-27.109036345448473,-21417.563058429783
-27.042347449149716,-21255.50064831265
-26.975658552850945,-21120.416842862163
-26.908969656552173,-20954.91743138215
-26.842280760253416,-20812.656515033563
-26.775591863954645,-20657.98477146955
-26.708902967655888,-20506.071526211123
-26.642214071357117,-20369.104376246025
-26.575525175058345,-20214.514863671015
-26.50883627875959,-20049.38409316019
-26.442147382460817,-19905.73681920209
-26.375458486162046,-19766.684521624185
-26.30876958986329,-19618.317077959073
-26.242080693564517,-19477.414491063882
-26.175391797265746,-19319.72441453709
-26.10870290096699,-19188.41269850757
-26.042014004668218,-19041.902423509433
-25.975325108369447,-18892.24890799774
-25.90863621207069,-18766.00703692037
-25.841947315771918,-18606.39781488592
-25.775258419473147,-18490.899250832983
-25.70856952317439,-18326.111442015415
-25.64188062687562,-18203.326812004554
-25.57519173057686,-18064.185854786814
-25.50850283427809,-17939.963453290802
-25.44181393797932,-17791.77930686664
-25.375125041680562,-17660.453669114533
-25.30843614538179,-17521.68556634364
-25.24174724908302,-17383.305193440225
-25.175058352784262,-17240.61803479359
-25.10836945648549,-17113.38277519904
-25.04168056018672,-16980.033215832602
-24.974991663887963,-16859.395824412124
-24.90830276758919,-16726.498975894912
-24.84161387129042,-16574.566870986484
-24.774924974991663,-16465.02268188836
-24.70823607869289,-16316.754705035719
-24.64154718239412,-16203.489273493391
-24.574858286095363,-16073.742229114896
-24.508169389796592,-15938.08691631864
-24.441480493497835,-15810.035779959457
-24.374791597199064,-15695.32849873294
-24.308102700900292,-15572.44723921916
-24.241413804601535,-15445.354392987269
-24.174724908302764,-15318.433762292369
-24.108036012003993,-15190.90026509672
-24.041347115705236,-15075.551227190776
-23.974658219406464,-14948.847666990401
-23.907969323107693,-14819.563111112371
-23.841280426808936,-14709.146504395741
-23.774591530510165,-14589.884731939732
-23.707902634211393,-14485.362416496264
-23.641213737912636,-14375.740568155103
-23.574524841613865,-14233.719960891915
-23.507835945315094,-14120.364663184931
-23.441147049016337,-14007.148516729858
-23.374458152717565,-13885.149503523038
-23.30776925641881,-13772.289989089537
-23.241080360120037,-13648.133276066977
-23.174391463821266,-13542.453355101998
-23.10770256752251,-13435.740537907872
-23.041013671223737,-13309.101137341306
-22.974324774924966,-13206.64945796793
-22.90763587862621,-13089.22090494736
-22.840946982327438,-12986.402340490862
-22.774258086028667,-12877.558814169368
-22.70756918972991,-12762.089505750739
-22.640880293431138,-12653.686603656693
-22.574191397132367,-12541.598946884193
-22.50750250083361,-12439.855229148232
-22.44081360453484,-12345.283831382303
-22.374124708236067,-12227.558644650271
-22.30743581193731,-12111.864237236157
-22.24074691563854,-12015.325176364531
-22.174058019339782,-11910.25988951682
-22.10736912304101,-11796.349957067621
-22.04068022674224,-11706.496614446442
-21.973991330443482,-11610.309047026425
-21.90730243414471,-11497.021616470625
-21.84061353784594,-11397.98227938346
-21.773924641547183,-11300.81177305893
-21.70723574524841,-11194.056559787132
-21.64054684894964,-11088.89025195589
-21.573857952650883,-10993.660626418496
-21.50716905635211,-10892.487966377928
-21.44048016005334,-10782.38574708942
-21.373791263754583,-10702.175150416071
-21.307102367455812,-10600.332578863672
-21.240413471157055,-10510.3466812733
-21.173724574858284,-10417.342037020953
-21.107035678559512,-10320.1314042795
-21.040346782260755,-10224.744214758868
-20.973657885961984,-10124.0795827283
-20.906968989663213,-10014.781485967782
-20.840280093364456,-9946.496823578313
-20.773591197065684,-9851.869763476974
-20.706902300766913,-9757.382151641388
-20.640213404468156,-9662.621525255054
-20.573524508169385,-9573.158820504326
-20.506835611870613,-9475.040554493891
-20.440146715571856,-9415.33555458883
-20.373457819273085,-9326.194177941961
-20.306768922974314,-9222.801529532382
-20.240080026675557,-9122.351532495188
-20.173391130376785,-9056.508433194176
-20.10670223407803,-8981.453728154522
-20.040013337779257,-8866.786980675932
-19.973324441480486,-8783.923451061126
-19.90663554518173,-8709.66143590983
-19.839946648882957,-8624.44013258874
-19.773257752584186,-8540.47702043371
-19.70656885628543,-8448.543471239902
-19.639879959986658,-8371.690607744842
-19.573191063687887,-8280.521775035158
-19.50650216738913,-8225.645590080961
-19.439813271090358,-8128.535992071911
-19.373124374791587,-8050.098739637016
-19.30643547849283,-7963.0849150444965
-19.23974658219406,-7885.815424665405
-19.173057685895287,-7796.136337093737
-19.10636878959653,-7738.931238440329
-19.03967989329776,-7645.757702032501
-18.972990996999002,-7564.245885118796
-18.90630210070023,-7476.974413201807
-18.83961320440146,-7419.319030624608
-18.772924308102702,-7337.027058597617
-18.70623541180393,-7278.730189207759
-18.63954651550516,-7208.628451238108
-18.572857619206403,-7108.443297078489
-18.50616872290763,-7041.468061103089
-18.43947982660886,-6958.7291805359755
-18.372790930310103,-6906.388045541149
-18.30610203401133,-6818.993203205989
-18.23941313771256,-6736.459753451767
-18.172724241413803,-6676.8150255675055
-18.106035345115032,-6607.225111495455
-18.03934644881626,-6539.1353472902565
-17.972657552517504,-6482.036039724649
-17.905968656218732,-6389.3869768900995
-17.839279759919975,-6336.376594423003
-17.772590863621204,-6259.205861246144
-17.705901967322433,-6207.990037249567
-17.639213071023676,-6137.655737563262
-17.572524174724904,-6049.962140897268
-17.505835278426133,-5997.930741083472
-17.439146382127376,-5917.720524924422
-17.372457485828605,-5864.650123689604
-17.305768589529833,-5813.918374451864
-17.239079693231076,-5727.685149931379
-17.172390796932305,-5675.6571327855045
-17.105701900633534,-5601.94081274602
-17.039013004334777,-5544.395211264273
-16.972324108036005,-5494.480885361545
-16.905635211737234,-5418.83130957469
-16.838946315438477,-5341.054517989602
-16.772257419139706,-5293.626174600627
-16.70556852284095,-5237.441319590737
-16.638879626542177,-5168.253110248255
-16.572190730243406,-5115.50697868204
-16.50550183394465,-5056.312530987126
-16.438812937645878,-5007.976514561105
-16.372124041347107,-4939.083887704434
-16.30543514504835,-4874.836954121918
-16.238746248749578,-4832.427719471374
-16.172057352450807,-4757.413088188007
-16.10536845615205,-4713.061867599913
-16.03867955985328,-4663.3970927364235
-15.971990663554507,-4592.726370297982
-15.90530176725575,-4547.858264543614
-15.838612870956979,-4484.786489220552
-15.771923974658208,-4438.935809402883
-15.70523507835945,-4383.258136322339
-15.63854618206068,-4325.445707616856
-15.571857285761922,-4274.11677055967
-15.505168389463151,-4239.891275167526
-15.43847949316438,-4180.811581326124
-15.371790596865623,-4112.750719029701
-15.305101700566851,-4070.0154365863386
-15.23841280426808,-4022.3467371721063
-15.171723907969323,-3978.648440097782
-15.105035011670552,-3926.4633385659317
-15.03834611537178,-3884.4662963729093
-14.971657219073023,-3819.9876919410685
-14.904968322774252,-3775.2677858983384
-14.83827942647548,-3729.9313480110686
-14.771590530176724,-3674.8757329245545
-14.704901633877952,-3623.9630425701826
-14.638212737579181,-3563.0834681501556
-14.571523841280424,-3545.2867652954765
-14.504834944981653,-3477.685918707246
-14.438146048682896,-3433.3502669070317
-14.371457152384124,-3401.9449973217297
-14.304768256085353,-3349.064827894921
-14.238079359786596,-3309.7297462078013
-14.171390463487825,-3260.3588612510794
-14.104701567189053,-3205.9429569116264
-14.038012670890296,-3169.73695616862
-13.971323774591525,-3127.471126384225
-13.904634878292754,-3092.331262043032
-13.837945981993997,-3058.4988621322414
-13.771257085695225,-3006.4188234860117
-13.704568189396454,-2953.6081496542756
-13.637879293097697,-2934.3717833833275
-13.571190396798926,-2889.870290102613
-13.504501500500169,-2840.0744973263572
-13.437812604201397,-2808.9950914297215
-13.371123707902626,-2767.867624981529
-13.304434811603869,-2725.7004010743135
-13.237745915305098,-2694.393537875349
-13.171057019006327,-2652.7895912816243
-13.10436812270757,-2601.266463139654
-13.037679226408798,-2579.617587229094
-12.970990330110027,-2544.5720415230007
-12.90430143381127,-2499.823613180877
-12.837612537512499,-2452.2842520871022
-12.770923641213727,-2423.432107642009
-12.70423474491497,-2389.648793625355
-12.637545848616199,-2350.0094816374894
-12.570856952317428,-2329.1172341357287
-12.50416805601867,-2276.3343881792075
-12.4374791597199,-2242.7164684192985
-12.370790263421142,-2214.9000086922497
-12.304101367122371,-2169.7676344451493
-12.2374124708236,-2153.3706068255283
-12.170723574524843,-2102.2073118798708
-12.104034678226071,-2077.21713903399
-12.0373457819273,-2048.708792794751
-11.970656885628543,-2014.077644503034
-11.903967989329772,-1983.0162769615695
-11.837279093031,-1940.9708395926325
-11.770590196732243,-1928.255140669798
-11.703901300433472,-1894.9823478496671
-11.6372124041347,-1850.1623589300527
-11.570523507835944,-1833.1159719651805
-11.503834611537172,-1791.3728810123184
-11.437145715238401,-1755.5318740876128
-11.370456818939644,-1743.2149221046411
-11.303767922640873,-1705.744067273892
-11.237079026342116,-1691.938332637831
-11.170390130043344,-1648.5024014496655
-11.103701233744573,-1625.0922147831525
-11.037012337445816,-1595.3647250836102
-10.970323441147045,-1577.0873388632745
-10.903634544848273,-1558.2956872771465
-10.836945648549516,-1514.3740082630136
-10.770256752250745,-1508.6072224352758
-10.703567855951974,-1468.6439616371051
-10.636878959653217,-1432.8842717440882
-10.570190063354445,-1413.488742700553
-10.503501167055674,-1374.3472307203776
-10.436812270756917,-1356.9412157715353
-10.370123374458146,-1345.877683477869
-10.303434478159375,-1316.2269074203734
-10.236745581860617,-1292.916029319571
-10.170056685561846,-1281.5770786413727
-10.103367789263089,-1253.1146287404933
-10.036678892964318,-1227.0366900203476
-9.969989996665547,-1216.0851450683851
-9.90330110036679,-1176.9440449489557
-9.836612204068018,-1157.1272329132755
-9.769923307769247,-1146.608749082541
-9.70323441147049,-1108.3613293640046
-9.636545515171719,-1084.5141998842978
-9.569856618872947,-1067.345991151199
-9.50316772257419,-1050.949053552036
-9.436478826275419,-1023.0905885757987
-9.369789929976648,-1002.1155774599155
-9.30310103367789,-985.1011436976162
-9.23641213737912,-974.4263399714755
-9.169723241080348,-946.1499638007739
-9.103034344781591,-919.5947313626301
-9.03634544848282,-914.9881148132536
-8.969656552184063,-874.7469929804477
-8.902967655885291,-877.3081205318102
-8.83627875958652,-854.6717427801614
-8.769589863287763,-842.3923903856855
-8.702900966988992,-817.5596470080736
-8.63621207069022,-815.8669171046298
-8.569523174391463,-789.1290500557662
-8.502834278092692,-776.5757200465303
-8.43614538179392,-750.0787615591995
-8.369456485495164,-726.7715108002112
-8.302767589196392,-713.365785775911
-8.236078692897621,-721.5532000781061
-8.169389796598864,-670.5270227793438
-8.102700900300093,-669.0207806257081
-8.036012004001321,-662.3484592021655
-7.969323107702564,-639.8651148767403
-7.902634211403793,-624.928738465245
-7.835945315105036,-617.117832706895
-7.769256418806265,-595.8713831112314
-7.702567522507493,-588.2112762255471
-7.635878626208736,-572.7065037799142
-7.569189729909965,-561.3034997206896
-7.502500833611194,-553.8360650745283
-7.435811937312437,-527.9874208858184
-7.369123041013665,-511.46734525856266
-7.302434144714894,-499.24073074071714
-7.235745248416137,-484.2231073456252
-7.169056352117366,-475.8213690859644
-7.1023674558185945,-470.52056813645356
-7.0356785595198374,-447.5914390484236
-6.968989663221066,-453.4244089675365
-6.902300766922309,-438.22891170886584
-6.835611870623538,-427.3983869784075
-6.7689229743247665,-399.9057778937143
-6.7022340780260095,-390.063772858328
-6.635545181727238,-382.96412876777487
-6.568856285428467,-367.7384769664542
-6.50216738912971,-372.9925993460465
-6.4354784928309385,-353.00529374430727
-6.368789596532167,-346.8206846078081
-6.30210070023341,-329.2572041315752
-6.235411803934639,-327.35298435260216
-6.168722907635868,-320.0938413198743
-6.1020340113371105,-303.45253641865446
-6.035345115038339,-291.71657666155556
-5.968656218739568,-295.1976565104577
-5.901967322440811,-281.6415252390155
-5.83527842614204,-281.0977502610132
-5.7685895298432825,-284.2655195059392
-5.701900633544511,-254.49988178248924
-5.63521173724574,-243.22478518851318
-5.568522840946983,-238.16012495081577
-5.501833944648212,-248.18016717396722
-5.43514504834944,-227.88208594769046
-5.368456152050683,-235.4765131726175
-5.301767255751912,-199.58760676934486
-5.235078359453141,-212.208401222392
-5.168389463154384,-186.60896946439658
-5.101700566855612,-182.37318024824629
-5.035011670556841,-190.5867250019269
-4.968322774258084,-186.03829274523457
-4.901633877959313,-167.9174289702472
-4.834944981660541,-171.36794762109878
-4.768256085361784,-157.83325030797587
-4.701567189063013,-156.7005482358711
-4.634878292764256,-161.41524327514318
-4.568189396465485,-159.47923739150042
-4.501500500166713,-134.43122580197863
-4.434811603867956,-135.48427802761486
-4.368122707569185,-130.29978101817753
-4.301433811270414,-115.32574879812867
-4.234744914971657,-106.65528937121336
-4.168056018672885,-113.50414491719741
-4.101367122374114,-109.45854829550753
-4.034678226075357,-98.26981824439845
-3.967989329776586,-108.78910375439895
-3.9013004334778145,-91.93472470798507
-3.8346115371790574,-85.21308502548466
-3.767922640880286,-80.21466893500389
-3.701233744581515,-97.29720461609496
-3.634544848282758,-84.15725258298374
-3.5678559519839865,-81.4705193535006
-3.5011670556852295,-70.13631652326363
-3.434478159386458,-63.69167071249885
-3.367789263087687,-52.275596090920544
-3.30110036678893,-65.0283124442782
-3.2344114704901585,-61.974355532909335
-3.1677225741913873,-45.82568447802374
-3.10103367789263,-49.78204878420465
-3.034344781593859,-39.24559489036933
-2.9676558852950876,-44.407885110512346
-2.9009669889963305,-53.40252414956615
-2.8342780926975593,-52.33370045715989
-2.767589196398788,-51.69727482755402
-2.700900300100031,-31.69690661348671
-2.6342114038012596,-25.282552846914733
-2.5675225075024883,-17.882518567419524
-2.5008336112037313,-23.90496387692694
-2.43414471490496,-19.4040117655955
-2.367455818606203,-31.486508354087068
-2.3007669223074316,-34.31832543366812
-2.2340780260086603,-16.56616979037301
-2.1673891297099033,-18.40256876818982
-2.100700233411132,-19.33729535742281
-2.0340113371123607,-15.62455974604324
-1.9673224408136036,-14.736795086569895
-1.9006335445148324,-5.720777981964616
-1.833944648216061,-4.368969099503111
-1.767255751917304,-9.179359322508565
-1.7005668556185327,-5.63591541312553
-1.6338779593197614,-7.222222559092246
-1.5671890630210044,-14.017854195351596
-1.500500166722233,-3.3293615193345847
-1.4338112704234618,-19.649051711318545
-1.3671223741247047,0.7707789106194056
-1.3004334778259334,-16.438069921935853
-1.2337445815271764,-3.869483997525259
-1.167055685228405,-12.241877282641873
-1.1003667889296338,-0.42720095251935497
-1.0336778926308767,-4.546534148211616
-0.9669889963321054,-16.49937229481834
-0.9003001000333342,0.11448692160432383
-0.8336112037345771,-7.4260754898042
-0.7669223074358058,4.654831247939841
-0.7002334111370345,-2.013624790200742
-0.6335445148382775,1.4727748201764599
-0.5668556185395062,-9.052202890502802
-0.5001667222407349,-5.840283157113355
-0.4334778259419778,-4.559844760935226
-0.36678892964320653,6.168417049004566
-0.30010003334444946,12.911769591062779
-0.23341113704567817,-6.796463084663851
-0.1667222407469069,8.387836043047802
-0.10003334444814982,-17.478467026923767
-0.033344448149378536,-9.589120435431246
0.03334444814939275,-7.639069831690802
0.10003334444814982,-10.739048510413555
0.1667222407469211,-12.552943226325672
0.23341113704569239,3.441157332235399
0.30010003334444946,-1.5655345904951157
0.36678892964322074,3.182309498141519
0.433477825941992,5.6629050587651175
0.5001667222407491,2.249894250926562
0.5668556185395204,5.368455490504868
0.6335445148382917,-0.4711798361369878
0.7002334111370487,-9.43302412666039
0.76692230743582,8.504176662562834
0.8336112037345771,-4.6898183430737435
0.9003001000333484,-7.475821344036029
0.9669889963321197,-1.4222892530329958
1.0336778926308767,-7.301314956439001
1.100366788929648,-3.3283585195179386
1.1670556852284193,2.7850010980445705
1.2337445815271764,2.854141436061467
1.3004334778259476,-7.06526304859926
1.367122374124719,-3.717383819171757
1.433811270423476,8.864496161833056
1.5005001667222473,4.347076859177462
1.5671890630210186,17.104690416852392
1.6338779593197756,10.097519624619077
1.700566855618547,9.988972420395292
1.7672557519173182,-10.062597833154207
1.8339446482160753,7.386324700224864
1.9006335445148466,1.1168269650778206
1.9673224408136036,-2.5670058265856346
2.034011337112375,3.518845837361007
2.100700233411146,10.106776746427563
2.1673891297099033,6.960364955800115
2.2340780260086746,-3.6254044662019522
2.300766922307446,9.832556485322298
2.367455818606203,-0.6737108559595866
2.434144714904974,6.739943365190809
2.5008336112037455,3.2063309919907423
2.5675225075025025,4.557798378498253
2.634211403801274,13.164992352268618
2.700900300100045,-0.5076781912942607
2.767589196398802,24.20853758920508
2.8342780926975735,-5.03254416239959
2.9009669889963448,5.7018118488355825
2.967655885295102,14.451478440018906
3.034344781593873,17.2323272970123
3.10103367789263,12.885219042176272
3.1677225741914015,14.4260697768748
3.2344114704901727,19.432505987303585
3.30110036678893,15.630978255216142
3.367789263087701,30.02671133169312
3.4344781593864724,27.069859355285487
3.5011670556852295,28.88532395932009
3.5678559519840007,15.796775167519652
3.634544848282772,24.591638012552025
3.701233744581529,24.602930478194388
3.7679226408803004,20.822735486196525
3.8346115371790717,33.69250370736151
3.9013004334778287,28.538202794711825
3.9679893297766,40.19709255072135
4.034678226075371,28.59491645428899
4.101367122374128,53.20123445299839
4.1680560186729,34.6623619783859
4.234744914971657,46.06498830236319
4.301433811270428,53.21820266302277
4.368122707569199,44.98795508773795
4.434811603867956,59.14134935722596
4.501500500166728,45.35720399552802
4.568189396465499,69.7790173840471
4.634878292764256,61.350782924194974
4.701567189063027,59.64770011256991
4.768256085361799,65.31460888346399
4.834944981660556,77.5779375760389
4.901633877959327,69.94068967230135
4.968322774258098,72.24422686286498
5.035011670556855,80.20433931039496
5.101700566855627,76.41504580014106
5.168389463154398,104.36755103223012
5.235078359453155,89.36462611727202
5.301767255751926,104.76320578336981
5.368456152050683,104.1242059354277
5.4351450483494546,99.0358113168341
5.501833944648226,111.45532874029823
5.568522840946983,122.49489513740252
5.635211737245754,119.56749206349225
5.7019006335445255,135.60177906134717
5.7685895298432825,139.34665385298052
5.835278426142054,143.7796467867528
5.901967322440825,138.14279258937708
5.968656218739582,138.71272713943853
6.0353451150383535,148.1156665257157
6.102034011337125,160.41045579041793
6.168722907635882,169.1680226760877
6.235411803934653,153.53717779551255
6.30210070023341,177.10146240623075
6.3687895965321815,184.83807928374418
6.435478492830953,187.91216692591382
6.50216738912971,207.1758047738302
6.568856285428481,207.0886648877047
6.635545181727252,221.2222664938092
6.7022340780260095,216.19863026203404
6.768922974324781,232.77277337751914
6.835611870623552,245.86295898000566
6.902300766922309,250.9500647347221
6.96898966322108,239.5598681970446
7.035678559519852,254.27625017198716
7.102367455818609,261.7229525972372
7.16905635211738,276.74865112735836
7.235745248416151,286.8493006069184
7.302434144714908,283.3464803655324
7.36912304101368,299.4765512876368
7.435811937312437,291.8294973219799
7.502500833611208,328.76017976968143
7.569189729909979,322.5437400397395
7.635878626208736,336.69194978038433
7.702567522507508,343.5561144575333
7.769256418806279,365.1775558454279
7.835945315105036,343.4748355148372
7.902634211403807,376.39886438966295
7.969323107702579,386.2351449888403
8.036012004001336,394.19741926367686
8.102700900300107,422.5777849968667
8.169389796598878,412.8092257368284
8.236078692897635,437.4223256667139
8.302767589196407,445.6400590216383
8.369456485495178,464.62803637418085
8.436145381793935,461.1497600530687
8.502834278092706,472.7822362079221
8.569523174391463,499.78236517932237
8.636212070690235,506.99507831044934
8.702900966989006,504.02437395715276
8.769589863287763,525.0752400208108
8.836278759586534,545.7027708491901
8.902967655885305,562.7538545053443
8.969656552184063,564.2777078114096
9.036345448482834,560.2788781685625
9.103034344781605,601.8834249260404
9.169723241080362,602.2649071332783
9.236412137379133,610.4454948969241
9.303101033677905,618.7110094842291
9.369789929976662,662.8973338977471
9.436478826275433,672.6625348380792
9.503167722574204,685.3104700511657
9.569856618872961,713.9458390626781
9.636545515171733,723.8877414421089
9.70323441147049,747.9144004522184
9.769923307769261,740.2781083359447
9.836612204068032,767.8224945515437
9.90330110036679,772.0887949572805
9.96998999666556,800.3575202562535
10.036678892964332,817.6219831324771
10.103367789263089,842.2921837662474
10.17005668556186,855.5639636335779
10.236745581860632,878.3604803744871
10.303434478159389,897.4298873414069
10.37012337445816,927.7280905844007
10.436812270756931,926.9115142498158
10.503501167055688,941.1116432080097
10.57019006335446,970.0769216083244
10.636878959653231,981.4227104490827
10.703567855951988,1019.6953844587883
10.77025675225076,1025.8405308662718
10.836945648549516,1044.1178498795525
10.903634544848288,1065.6795090329704
10.970323441147059,1096.2781160612474
11.037012337445816,1110.6244901273153
11.103701233744587,1128.385547756965
11.170390130043359,1168.7526205457218
11.237079026342116,1170.7716554847866
11.303767922640887,1200.3788174830643
11.370456818939658,1228.0698580165106
11.437145715238415,1232.8434726219662
11.503834611537187,1273.0663865638214
11.570523507835958,1284.4027740983342
11.637212404134715,1323.3361941575236
11.703901300433486,1333.2557632399946
11.770590196732257,1370.9966855871894
11.837279093031015,1399.095061989102
11.903967989329786,1422.2318354761983
11.970656885628543,1442.7426835122083
12.037345781927314,1464.575190637562
12.104034678226085,1487.811109781281
12.170723574524843,1530.4928120424572
12.237412470823614,1539.7376203482927
12.304101367122385,1563.9548601412762
12.370790263421142,1604.8026854135255
12.437479159719913,1620.6513028511745
12.504168056018685,1647.274650337054
12.570856952317442,1671.4969625129895
12.637545848616213,1707.6708129984297
12.704234744914984,1739.6801029936455
12.770923641213741,1771.415504400479
12.837612537512513,1806.5331634083905
12.90430143381127,1832.9146147552779
12.970990330110041,1857.275726115392
13.037679226408812,1887.648745117289
13.10436812270757,1924.077290643537
13.17105701900634,1961.2702058236655
13.237745915305112,1983.5274445649927
13.304434811603869,2010.5266229619372
13.37112370790264,2038.4367125477866
13.437812604201412,2067.256980693117
13.504501500500169,2116.9285534845326
13.57119039679894,2149.3445682016536
13.637879293097711,2182.8063422790588
13.704568189396468,2210.970982291109
13.77125708569524,2257.4164688875862
13.837945981994011,2276.7984648538404
13.904634878292768,2323.1754569865193
13.97132377459154,2350.438498152318
14.038012670890296,2381.45180091993
14.104701567189068,2426.9858222795515
14.171390463487839,2461.808228169374
14.238079359786596,2498.0328468649113
14.304768256085367,2532.835363466838
14.371457152384139,2569.2539880217378
14.438146048682896,2626.4018100457256
14.504834944981667,2654.8740730905843
14.571523841280438,2689.657084870848
14.638212737579195,2723.614356270969
14.704901633877967,2769.995536973681
14.771590530176738,2805.675156569525
14.838279426475495,2841.7101375527245
14.904968322774266,2879.419447839956
14.971657219073037,2921.928027948478
15.038346115371795,2938.321085823328
15.105035011670566,3006.8619238949423
15.171723907969323,3043.147213976247
15.238412804268094,3102.061347563081
15.305101700566865,3132.128544182852
15.371790596865623,3165.5065069362017
15.438479493164394,3218.0559939289237
15.505168389463165,3253.9170651009913
15.571857285761922,3310.300249033542
15.638546182060693,3353.465261412477
15.705235078359465,3403.8246087568464
15.771923974658222,3435.2603425616744
15.838612870956993,3487.688042386099
15.905301767255764,3522.7292390644284
15.971990663554521,3585.901442142062
16.038679559853293,3631.488937993025
16.105368456152064,3678.763087141314
16.17205735245082,3722.6802509650165
16.238746248749592,3774.269886455781
16.30543514504835,3832.48635324221
16.37212404134712,3866.4881353534015
16.438812937645892,3919.41439145787
16.50550183394465,3959.573431274376
16.57219073024342,4011.6962163126273
16.63887962654219,4070.2291029024263
16.70556852284095,4129.508567254971
16.77225741913972,4170.285343939193
16.83894631543849,4222.536518835462
16.90563521173725,4273.688578092312
16.97232410803602,4325.618743658378
17.03901300433479,4385.644813202716
17.105701900633548,4425.132112039389
17.17239079693232,4501.621488126544
17.23907969323109,4540.754837665921
17.305768589529848,4606.999914254289
17.37245748582862,4646.655173250308
17.439146382127376,4718.202143628067
17.505835278426147,4774.710804452781
17.57252417472492,4829.342033181941
17.639213071023676,4875.697281012911
17.705901967322447,4943.486290408065
17.772590863621218,4990.317333796658
17.839279759919975,5056.508017853031
17.905968656218747,5125.9720111134875
17.972657552517518,5183.776925483964
18.039346448816275,5237.653178275509
18.106035345115046,5290.3252472585955
18.172724241413817,5364.345746713895
18.239413137712575,5420.860579645068
18.306102034011346,5464.136408817853
18.372790930310117,5551.424074764397
18.439479826608874,5607.905754279757
18.506168722907645,5681.130065534883
18.572857619206403,5726.635167360749
18.639546515505174,5774.348393883328
18.706235411803945,5866.838984606726
18.772924308102702,5932.26448853488
18.839613204401473,5982.215427069192
18.906302100700245,6054.206559835616
18.972990996999002,6150.856768965428
19.039679893297773,6193.639107172943
19.106368789596544,6269.690902781799
19.1730576858953,6326.889244607297
19.239746582194073,6384.117225218482
19.306435478492844,6468.718320102337
19.3731243747916,6537.693679302877
19.439813271090372,6606.856791182114
19.50650216738913,6679.876942868248
19.5731910636879,6754.149198897619
19.639879959986672,6822.579610554621
19.70656885628543,6885.9202800860385
19.7732577525842,6972.681660408621
19.83994664888297,7026.46690961832
19.90663554518173,7099.4403540823905
19.9733244414805,7196.05139582981
20.04001333777927,7269.004039789303
20.10670223407803,7339.815607596865
20.1733911303768,7404.9568221066465
20.24008002667557,7486.823288525239
20.306768922974328,7567.273073810524
20.3734578192731,7634.020453177022
20.44014671557187,7718.813797743967
20.506835611870628,7808.410736301768
20.5735245081694,7893.60602716131
20.640213404468156,7958.358800495516
20.706902300766927,8047.825862797021
20.7735911970657,8107.055915576149
20.840280093364456,8208.774988537485
20.906968989663227,8278.737095604627
20.973657885961998,8369.836853572859
21.040346782260755,8448.147355969613
21.107035678559527,8543.987634586512
21.173724574858298,8610.269224587324
21.240413471157055,8706.673167050163
21.307102367455826,8784.352863045511
21.373791263754597,8870.809863753342
21.440480160053355,8956.645419557724
21.507169056352126,9037.945146849444
21.573857952650897,9131.748138354087
21.640546848949654,9219.068039670572
21.707235745248425,9309.767119328053
21.773924641547183,9397.342666483344
21.840613537845954,9492.443245332228
21.907302434144725,9583.405036678489
21.973991330443482,9658.136454744239
22.040680226742253,9764.58466920309
22.107369123041025,9839.807199528463
22.174058019339782,9946.236273221619
22.240746915638553,10039.300784546289
22.307435811937324,10112.437479825216
22.37412470823608,10222.43446171502
22.440813604534853,10312.484523271374
22.507502500833624,10405.285265758166
22.57419139713238,10517.86791287528
22.640880293431152,10598.121957834051
22.707569189729924,10693.777042133817
22.77425808602868,10798.298433129281
22.840946982327452,10901.232336613755
22.90763587862621,10993.260883537765
22.97432477492498,11102.964978278813
23.04101367122375,11197.717028558638
23.10770256752251,11276.475789273114
23.17439146382128,11390.696827466309
23.24108036012005,11492.069516055026
23.30776925641881,11602.63321604155
23.37445815271758,11680.63803297298
23.44114704901635,11825.472833105872
23.507835945315108,11913.380874766468
23.57452484161388,12014.985095125643
23.64121373791265,12128.519320785168
23.707902634211408,12243.701773065077
23.77459153051018,12338.419118174077
23.84128042680895,12446.160876506687
23.907969323107707,12547.351520547641
23.97465821940648,12653.529604398258
24.041347115705236,12759.833217959376
24.108036012004007,12866.632197233661
24.174724908302778,12977.972012152199
24.241413804601535,13083.518008700647
24.308102700900307,13205.198895515467
24.374791597199078,13304.442796005376
24.441480493497835,13432.194376671976
24.508169389796606,13543.757725380316
24.574858286095377,13659.241375864483
24.641547182394135,13768.544341173585
24.708236078692906,13912.631533531961
24.774924974991677,14014.83437074586
24.841613871290434,14110.577212211489
24.908302767589205,14239.621700829968
24.974991663887977,14350.766785712796
25.041680560186734,14466.035730132446
25.108369456485505,14582.602158387786
25.175058352784262,14716.60384897108
25.241747249083033,14828.172447087023
25.308436145381805,14962.499243273414
25.375125041680562,15084.49759105887
25.441813937979333,15209.988678390298
25.508502834278104,15315.289410407282
25.57519173057686,15449.68546146668
25.641880626875633,15575.380872734346
25.708569523174404,15691.632965951949
25.77525841947316,15815.025597533435
25.841947315771932,15960.519329403605
25.908636212070704,16076.578310569805
25.97532510836946,16207.63483321464
26.042014004668232,16324.43457847457
26.108702900967003,16450.398133469218
26.17539179726576,16585.416940466337
26.24208069356453,16719.481183409494
26.30876958986329,16843.142876242575
26.37545848616206,16983.44540511536
26.44214738246083,17102.569674423128
26.50883627875959,17240.358693503415
26.57552517505836,17388.617303994055
26.64221407135713,17522.702643020628
26.708902967655888,17650.05275286847
26.77559186395466,17781.056023491514
26.84228076025343,17917.685982920597
26.908969656552188,18060.324620686777
26.97565855285096,18206.572731418597
27.04234744914973,18347.650406913657
27.109036345448487,18475.763866019566
27.17572524174726,18610.725459195906
27.242414138046016,18763.020806143617
27.309103034344787,18895.92359500591
27.375791930643558,19040.710610240305
27.442480826942315,19198.516315061726
27.509169723241087,19338.303002717344
27.575858619539858,19477.438124257696
27.642547515838615,19611.205285298623
27.709236412137386,19768.997954028913
27.775925308436157,19922.455800187563
27.842614204734915,20058.320628654456
27.909303101033686,20220.230942123802
27.975991997332457,20368.5872780041
28.04268089363123,20521.107199046608
28.109369789929985,20660.521816077384
28.176058686228743,20813.793832870197
28.242747582527528,20972.157098872754
28.309436478826285,21116.907506001382
28.376125375125042,21262.54086778239
28.442814271423828,21416.92419585035
28.509503167722585,21577.12396738521
28.576192064021342,21720.336996463284
28.642880960320127,21885.70612702797
28.709569856618884,22052.561815793564
28.77625875291764,22183.944958076852
28.842947649216427,22372.1864848374
28.909636545515184,22528.077129564575
28.97632544181394,22675.361174892052
29.043014338112698,22844.08300221399
29.109703234411484,23001.21484850398
29.17639213071024,23173.242367615945
29.243081027008998,23334.237454229104
29.309769923307783,23478.911513715604
29.37645881960654,23659.31059477512
29.443147715905297,23818.233993713635
29.509836612204083,23986.576082848133
29.57652550850284,24146.892117039886
29.643214404801597,24334.27810254351
29.709903301100383,24496.962237628737
29.77659219739914,24651.847313729366
29.843281093697897,24816.989120606973
29.909969989996682,24995.259708841833
29.97665888629544,25173.280537048675
30.043347782594196,25343.9677097415
30.110036678892982,25525.096573374576
30.17672557519174,25695.20199657349
30.243414471490496,25871.237778811606
30.31010336778928,26041.483896966743
30.37679226408804,26203.933509979783
30.443481160386796,26390.45395609206
30.51017005668558,26578.266484797226
30.576858952984338,26747.936163560047
30.643547849283095,26931.73378717789
30.71023674558188,27105.319711634784
30.776925641880638,27280.593533540043
30.843614538179395,27469.611081788236
30.91030343447818,27655.64127517451
30.976992330776937,27831.301490118196
31.043681227075695,28018.848212629506
31.11037012337445,28198.215701394503
31.177059019673237,28400.495244997313
31.243747915971994,28575.809671063478
31.31043681227075,28777.22732565036
31.377125708569537,28966.092940513456
31.443814604868294,29142.29175822232
31.51050350116705,29324.77097567869
31.577192397465836,29506.87287304102
31.643881293764593,29703.33008048389
31.71057019006335,29896.488629512383
31.777259086362136,30111.708385769783
31.843947982660893,30295.638715238063
31.91063687895965,30492.6923932316
31.977325775258436,30667.509355731283
32.04401467155719,30872.22166695479
32.11070356785595,31086.27199856454
32.177392464154735,31279.678582151988
32.24408136045349,31475.25662241548
32.31077025675225,31680.84550495472
32.377459153051035,31890.150055581682
32.44414804934979,32076.87842563329
32.51083694564855,32281.63278069097
32.577525841947335,32485.899398823636
32.64421473824609,32707.627825592583
32.71090363454485,32876.681726821
32.777592530843634,33104.78307242681
32.84428142714239,33305.09644419334
32.91097032344115,33518.10525192737
32.977659219739934,33716.72873523683
33.04434811603869,33930.8748341458
33.11103701233745,34147.10065848206
33.17772590863623,34377.321235195
33.24441480493499,34570.758362685374
33.31110370123375,34770.25498736946
33.377792597532505,34987.26597263782
33.44448149383129,35201.51815368085
33.51117039013005,35406.14439569096
33.577859286428804,35634.109331689455
33.64454818272759,35859.73141521253
33.71123707902635,36061.673651680634
33.777925975325104,36299.13587221416
33.84461487162389,36514.41426780099
33.91130376792265,36725.2875962937
33.977992664221404,36951.56573437539
34.04468156052019,37187.9099490641
34.111370456818946,37404.307834320745
34.1780593531177,37622.71825189927
34.24474824941649,37845.849280166294
34.311437145715246,38074.36239605855
34.378126042014,38296.551984132224
34.44481493831279,38511.60423751558
34.511503834611545,38773.477149232465
34.5781927309103,38987.98294930674
34.64488162720909,39220.43106133404
34.711570523507845,39448.194845205464
34.7782594198066,39675.097866438446
34.84494831610539,39912.72234784159
34.911637212404145,40135.55755719829
34.9783261087029,40401.6261872055
35.04501500500169,40609.50576703433
35.111703901300444,40848.01586798351
35.1783927975992,41090.55840684057
35.24508169389799,41343.11489504147
35.311770590196744,41572.57887610593
35.3784594864955,41803.15071827176
35.44514838279429,42064.57777727011
35.511837279093044,42302.82238591478
35.5785261753918,42544.64299540389
35.64521507169056,42790.354128407176
35.71190396798934,43049.009271856936
35.7785928642881,43293.49642098639
35.84528176058686,43517.62016681211
35.91197065688564,43784.14191934171
35.9786595531844,44023.19363642995
36.04534844948316,44274.04079018007
36.11203734578194,44507.37365052018
36.1787262420807,44771.35836491239
36.24541513837946,45018.97611607161
36.31210403467824,45285.80982852577
36.378792930977,45542.41183423219
36.445481827275756,45772.85809021006
36.51217072357454,46045.84323101909
36.5788596198733,46312.516448562674
36.645548516172056,46560.52846865609
36.71223741247084,46827.294830138875
36.7789263087696,47084.67392169457
36.845615205068356,47345.963792691226
36.91230410136714,47603.39131935726
36.9789929976659,47859.12771611564
37.045681893964655,48124.15561931377
37.11237079026344,48404.04093268768
37.1790596865622,48664.73256438596
37.245748582860955,48930.653899402496
37.31243747915974,49196.53206884295
37.3791263754585,49466.620742601
37.445815271757255,49747.556263822065
37.51250416805604,50007.599164387386
37.5791930643548,50271.635957943436
37.645881960653554,50561.382039049924
37.71257085695231,50827.84893087539
37.7792597532511,51104.7827801531
37.845948649549854,51393.42623798089
37.91263754584861,51657.42723418694
37.979326442147396,51937.925183518775
38.04601533844615,52205.195989620086
38.11270423474491,52492.883132833704
38.179393131043696,52780.52903475851
38.24608202734245,53045.223181069196
38.31277092364121,53342.289062383585
38.379459819939996,53625.50932663104
38.44614871623875,53910.06033937481
38.51283761253751,54204.06247742545
38.579526508836295,54485.48578524378
38.64621540513505,54782.69160713986
38.71290430143381,55051.98853415236
38.779593197732595,55351.110108191904
38.84628209403135,55641.80092993177
38.91297099033011,55924.692445843415
38.979659886628895,56234.03870968616
39.04634878292765,56539.14996527189
39.11303767922641,56815.60490022136
39.179726575525194,57115.99540790899
39.24641547182395,57409.87337734478
39.31310436812271,57701.760022021204
39.379793264421494,57992.20534606388
39.44648216072025,58301.46100794748
39.51317105701901,58597.34211446756
39.57985995331779,58924.51778157641
39.64654884961655,59213.409648127665
39.71323774591531,59516.048888620986
39.77992664221409,59831.45712783006
39.84661553851285,60121.94125834784
39.91330443481161,60432.39722032303
39.979993331110364,60747.74085131159
40.04668222740915,61065.13962025058
40.11337112370791,61371.68697802963
40.180060020006664,61681.47674190191
40.24674891630545,61992.98611903844
40.31343781260421,62309.49027325327
40.380126708902964,62622.88677131721
40.44681560520175,62929.078663516586
40.513504501500506,63254.79348065445
40.58019339779926,63564.00503386147
40.64688229409805,63892.47797036915
40.713571190396806,64208.28574358538
40.78026008669556,64553.81622694596
40.84694898299435,64855.622675052015
40.913637879293105,65168.22075861869
40.98032677559186,65502.96804691543
41.04701567189065,65833.85892000016
41.113704568189405,66169.83105057712
41.18039346448816,66479.54791587676
41.24708236078695,66800.50459400484
41.313771257085705,67149.6820628181
41.38046015338446,67463.17057177481
41.44714904968325,67802.88053790791
41.513837945982004,68137.55144245297
41.58052684228076,68473.38794804367
41.64721573857955,68814.88270465254
41.713904634878304,69140.41823161281
41.78059353117706,69481.31071183515
41.84728242747585,69822.09672567333
41.913971323774604,70163.21689702102
41.98066022007336,70503.7126173989
42.047349116372146,70848.43037417668
42.1140380126709,71194.80959291547
42.18072690896966,71535.4224990736
42.24741580526842,71881.24043964988
42.3141047015672,72211.39385900152
42.38079359786596,72572.00469391923
42.44748249416472,72924.10327937393
42.5141713904635,73275.87799344097
42.58086028676226,73615.40358037196
42.64754918306102,73967.68445239199
42.7142380793598,74321.4985781148
42.78092697565856,74684.63932809932
42.847615871957316,75043.99949473678
42.9143047682561,75388.97477040718
42.98099366455486,75757.13150987004
43.047682560853616,76109.61814461411
43.1143714571524,76467.52942894443
43.18106035345116,76827.85874414175
43.247749249749916,77197.68328507016
43.3144381460487,77557.61184577209
43.38112704234746,77937.64868821122
43.447815938646215,78278.19896122307
43.514504834945,78655.87783714189
43.58119373124376,79015.35905174383
43.647882627542515,79381.643150918
43.7145715238413,79758.6622269611
43.78126042014006,80131.14841094436
43.847949316438815,80525.84589596646
43.9146382127376,80874.63052633946
43.98132710903636,81241.81949684652
44.048016005335114,81628.9580742752
44.1147049016339,81987.24753768001
44.18139379793266,82381.33906031343
44.248082694231414,82761.5941401321
44.31477159053017,83148.37691049915
44.381460486828956,83531.52798081213
44.44814938312771,83902.59584662222
44.51483827942647,84289.47317714582
44.581527175725256,84669.77287279685
44.64821607202401,85053.27293322801
44.71490496832277,85452.34580972911
44.781593864621556,85828.42258809258
44.84828276092031,86225.2160609802
44.91497165721907,86611.67245048202
44.981660553517855,87016.31281545793
45.04834944981661,87419.79081995448
45.11503834611537,87789.61500543392
45.181727242414155,88181.03797206933
45.24841613871291,88591.88529554244
45.31510503501167,88991.22188329912
45.381793931310455,89392.24890486214
45.44848282760921,89787.52559448958
45.51517172390797,90191.28255070797
45.581860620206754,90598.81601271062
45.64854951650551,91008.38617829219
45.71523841280427,91389.80945966716
45.781927309103054,91809.08754950698
45.84861620540181,92221.5426266275
45.91530510170057,92621.48709432001
45.98199399799935,93052.886442273
46.04868289429811,93445.36920297648
46.11537179059687,93862.74853161607
46.18206068689565,94281.36621483199
46.24874958319441,94687.24147809963
46.31543847949317,95093.469223345
46.38212737579195,95522.30073535103
46.44881627209071,95952.67355193062
46.51550516838947,96361.67259402057
46.582194064688224,96778.74945936642
46.64888296098701,97215.30472094582
46.71557185728577,97628.85856389819
46.782260753584524,98052.25768621554
46.84894964988331,98483.59940051915
46.915638546182066,98915.86688153096
46.98232744248082,99357.2858446921
47.04901633877961,99774.61718997262
47.115705235078366,100208.28287316093
47.18239413137712,100627.20074335863
47.24908302767591,101056.52709438263
47.315771923974665,101499.96128262274
47.38246082027342,101936.29338961573
47.44914971657221,102364.02791226002
47.515838612870965,102809.72200683471
47.58252750916972,103254.0373973134
47.64921640546851,103694.69642118512
47.715905301767265,104138.07169803337
47.78259419806602,104579.8447174416
47.84928309436481,105018.1977974904
47.915971990663564,105464.13857124165
47.98266088696232,105905.91489644432
48.04934978326111,106378.30404075523
48.116038679559864,106813.91715716859
48.18272757585862,107263.06060416855
48.24941647215741,107709.74690643686
48.316105368456164,108194.25004044734
48.38279426475492,108617.03718633472
48.449483161053706,109078.32533933199
48.51617205735246,109542.49018790832
48.58286095365122,110002.649405319
48.649549849950006,110465.47398386053
48.71623874624876,110933.51461831381
48.78292764254752,111385.62841089221
48.84961653884628,111836.94025876648
48.91630543514506,112308.42803536062
48.98299433144382,112779.32886177112
49.04968322774258,113261.08391234349
49.11637212404136,113702.31863575244
49.18306102034012,114193.3775210943
49.249749916638876,114656.74668694274
49.31643881293766,115134.85689222025
49.38312770923642,115601.4833587319
49.449816605535176,116071.00489608197
49.51650550183396,116560.49813170457
49.58319439813272,117037.77692127734
49.649883294431476,117519.67356317921
49.71657219073026,117992.45339512169
49.78326108702902,118469.73285068451
49.849949983327775,118945.34337504914
49.91663887962656,119448.96333032155
49.98332777592532,119931.70834178828
50.050016672224075,120407.8158347602
50.11670556852286,120899.77614403021
50.18339446482162,121390.21284776983
50.250083361120375,121873.26655447079
50.31677225741916,122371.0955887843
50.38346115371792,122862.39790905881
50.450150050016674,123363.32688925686
50.51683894631546,123857.20375584354
50.58352784261422,124347.91413553728
50.650216738912974,124876.25973997563
50.71690563521176,125370.58197091591
50.783594531510516,125856.14767989817
50.85028342780927,126367.71473946923
50.91697232410803,126873.36974442002
50.983661220406816,127385.39426788177
51.05035011670557,127876.49497966547
51.11703901300433,128400.30337403578
51.183727909303116,128897.05221782235
51.25041680560187,129401.96552167801
51.31710570190063,129931.01227376143
51.383794598199415,130449.46358833261
51.45048349449817,130975.11249121407
51.51717239079693,131461.43825418173
51.583861287095715,131994.6111686071
51.65055018339447,132505.08385350383
51.71723907969323,133035.33206252675
51.783927975992015,133539.3664624387
51.85061687229077,134064.45744282284
51.91730576858953,134593.14764035385
51.983994664888314,135126.14898450318
52.05068356118707,135647.9206300483
52.11737245748583,136187.22487737576
52.184061353784614,136720.4436959725
52.25075025008337,137248.67596927268
52.31743914638213,137789.85695304762
52.38412804268091,138314.6388405819
52.45081693897967,138837.3626816641
52.51750583527843,139395.17232699716
52.58419473157721,139917.97513584458
52.65088362787597,140470.03619542232
52.71757252417473,141016.66635326445
52.78426142047351,141550.44256569375
52.85095031677227,142078.9231027035
52.91763921307103,142629.0424965597
52.98432810936981,143193.8602589488
53.05101700566857,143730.21149924575
53.11770590196733,144281.8850942798
53.184394798266084,144838.40275390795
53.25108369456487,145390.3878009196
53.317772590863626,145940.93586238855
53.38446148716238,146492.32932876542
53.45115038346117,147048.1972855512
53.517839279759926,147615.6703061937
53.58452817605868,148172.75445896364
53.65121707235747,148727.19837404028
53.717905968656225,149300.25840764196
53.78459486495498,149854.32961462942
53.85128376125377,150413.72639144483
53.917972657552525,150981.06492697017
53.98466155385128,151547.32475158272
54.05135045015007,152122.41614539898
54.118039346448825,152705.33050812024
54.18472824274758,153261.31156146716
54.25141713904637,153842.9798382424
54.318106035345124,154411.3681064015
54.38479493164388,154991.1203971789
54.45148382794267,155559.137227043
54.518172724241424,156148.90315657898
54.58486162054018,156730.00472304772
54.65155051683897,157318.2023508699
54.718239413137724,157899.43253296887
54.78492830943648,158473.2677236792
54.851617205735266,159078.1811378749
54.91830610203402,159659.28856327204
54.98499499833278,160248.7395494564
55.051683894631566,160838.07465975857
55.11837279093032,161426.45301072876
55.18506168722908,162026.23745475663
55.251750583527866,162623.65450282636
55.31843947982662,163202.6859622329
55.38512837612538,163810.6207261711
55.45181727242414,164412.62105445098
55.51850616872292,165017.9017241993
55.58519506502168,165628.05426789203
55.651883961320436,166216.45474472718
55.71857285761922,166824.23311833414
55.78526175391798,167431.17371210986
55.851950650216736,168037.38974573917
55.91863954651552,168651.0250450997
55.98532844281428,169271.44389411292
56.052017339113036,169869.79787993137
56.11870623541182,170496.08009440263
56.18539513171058,171094.95108411045
56.252084028009335,171721.46580760734
56.31877292430812,172342.19407328148
56.38546182060688,172978.58738720318
56.452150716905635,173584.83543910776
56.51883961320442,174192.75786263042
56.58552850950318,174819.20103673788
56.652217405801935,175461.78088651778
56.71890630210072,176094.2292623241
56.78559519839948,176721.62891136232
56.852284094698234,177350.769497301
56.91897299099702,177991.02996767464
56.98566188729578,178611.21917761167
57.052350783594534,179258.00204990877
57.11903967989332,179874.59812562025
57.185728576192076,180518.73254199
57.25241747249083,181151.3418537174
57.31910636878962,181804.93544252196
57.385795265088376,182449.61187462308
57.45248416138713,183095.25605467334
57.51917305768589,183740.71488643013
57.585861953984676,184380.19304788622
57.65255085028343,185035.00406031337
57.71923974658219,185674.97956342323
57.785928642880975,186349.82053500094
57.85261753917973,186989.96545732507
57.91930643547849,187643.4891155019
57.985995331777275,188316.64522102242
58.05268422807603,188952.0587550179
58.11937312437479,189612.58637377332
58.186062020673575,190273.94874555073
58.25275091697233,190944.83784818117
58.31943981327109,191613.0328365351
58.386128709569874,192281.23458424117
58.45281760586863,192963.17075232576
58.51950650216739,193593.41893128995
58.586195398466174,194286.6476481797
58.65288429476493,194949.2296423907
58.71957319106369,195622.45161980324
58.78626208736247,196297.19012806693
58.85295098366123,196971.43440145682
58.91963987995999,197670.28968041914
58.98632877625877,198343.21523202324
59.05301767255753,199017.8820212023
59.11970656885629,199711.28218721942
59.18639546515507,200372.71122471878
59.25308436145383,201060.0647776043
59.31977325775259,201740.74898554038
59.38646215405137,202441.60484590614
59.45315105035013,203139.0880909123
59.51983994664889,203830.78039699307
59.58652884294767,204524.88575408544
59.65321773924643,205207.70829888844
59.719906635545186,205922.30175008744
59.78659553184394,206616.24909432844
59.85328442814273,207320.22965345357
59.919973324441486,208000.83562934
59.98666222074024,208721.66330328665
60.05335111703903,209414.44582580606
60.120040013337785,210127.13063422384
60.18672890963654,210842.5318927191
60.25341780593533,211548.52173598963
60.320106702234085,212252.1067207909
60.38679559853284,212971.6870988052
60.45348449483163,213673.69610295448
60.520173391130385,214411.05737511447
60.58686228742914,215117.71697236953
60.65355118372793,215847.410590322
60.720240080026684,216554.95360073406
60.78692897632544,217277.283406564
60.85361787262423,217999.2689567531
60.920306768922984,218737.90833496532
60.98699566522174,219452.34782216646
61.05368456152053,220191.91397780247
61.120373457819284,220914.04293264073
61.18706235411804,221633.25335701986
61.253751250416826,222378.07201614854
61.32044014671558,223108.3918614789
61.38712904301434,223854.90466027445
61.453817939313126,224583.5391802359
61.52050683561188,225340.5213184647
61.58719573191064,226074.05983777216
61.653884628209426,226816.66823470843
61.72057352450818,227568.26410835184
61.78726242080694,228317.28538543382
61.853951317105725,229057.60146834436
61.92064021340448,229801.4135336012
61.98732910970324,230544.84678550664
62.054018006001996,231306.64185917276
62.12070690230078,232061.92236196197
62.18739579859954,232824.08618973393
62.254084694898296,233578.47987226158
62.32077359119708,234346.3992548706
62.38746248749584,235097.2918748465
62.454151383794596,235864.68634730036
62.52084028009338,236639.21027705233
62.58752917639214,237398.71922489913
62.654218072690895,238163.40289290104
62.72090696898968,238928.62031166934
62.78759586528844,239699.57857348086
62.854284761587195,240470.70573911714
62.92097365788598,241247.70825329423
62.98766255418474,242034.2685201598
63.054351450483495,242804.29797421556
63.12104034678228,243574.78956403062
63.18772924308104,244380.9143319498
63.254418139379794,245152.1782685311
63.32110703567858,245922.88268912837
63.38779593197734,246716.79503373522
63.454484828276094,247509.08218408353
63.52117372457488,248311.3725562393
63.587862620873636,249080.0888844591
63.65455151717239,249889.65909222967
63.72124041347118,250687.6244375147
63.787929309769936,251467.65966811293
63.85461820606869,252268.41350644486
63.92130710236748,253061.9739902036
63.987995998666236,253869.95553934155
64.05468489496499,254674.29896802086
64.12137379126375,255484.56882176024
64.18806268756254,256294.40627767536
64.25475158386129,257087.78826324956
64.32144048016005,257887.81946639676
64.38812937645883,258714.87173666235
64.45481827275759,259530.5739955202
64.52150716905635,260345.1071891208
64.58819606535513,261157.08854549023
64.65488496165389,261978.99574318668
64.72157385795265,262810.12457040057
64.78826275425143,263622.7674410121
64.85495165055019,264440.1502257254
64.92164054684895,265264.2720253491
64.98832944314773,266093.76583263744
65.05501833944649,266936.7860032151
65.12170723574525,267752.51127783157
65.18839613204403,268585.8248762616
65.25508502834279,269415.85199703916
65.32177392464155,270263.95315369096
65.38846282094033,271108.0160522872
65.45515171723909,271934.8453918114
65.52184061353785,272772.5346491191
65.58852950983663,273614.5293318904
65.65521840613539,274439.25562267005
65.72190730243415,275310.1204756264
65.78859619873293,276152.79775530525
65.85528509503169,277004.45405873726
65.92197399133045,277846.3780457805
65.98866288762923,278701.7778115063
66.05535178392799,279556.0920720106
66.12204068022675,280423.82492165663
66.18872957652553,281270.64016624657
66.25541847282429,282150.0982551014
66.32210736912305,282998.40079944895
66.3887962654218,283848.0173459329
66.45548516172059,284722.21710308373
66.52217405801935,285584.81027732615
66.5888629543181,286441.00414163264
66.65555185061689,287341.64958977094
66.72224074691565,288206.5344607737
66.7889296432144,289078.99313404935
66.85561853951319,289951.63329629996
66.92230743581194,290816.6027339769
66.9889963321107,291702.9067404732
67.05568522840949,292594.39650196274
67.12237412470824,293461.9106283685
67.189063021007,294334.49770114373
67.25575191730579,295239.14158846025
67.32244081360454,296127.8078502768
67.3891297099033,297019.78856512177
67.45581860620209,297916.07480647194
67.52250750250084,298808.67233536317
67.5891963987996,299700.7504904138
67.65588529509839,300605.1392173053
67.72257419139714,301482.10541286104
67.7892630876959,302398.7653807656
67.85595198399469,303302.0037180913
67.92264088029344,304191.1305071791
67.9893297765922,305094.87432378705
68.05601867289099,306008.57650329615
68.12270756918974,306918.6967084379
68.1893964654885,307841.26142293186
68.25608536178729,308743.36459133314
68.32277425808604,309656.28053452406
68.3894631543848,310574.8940400904
68.45615205068358,311507.199101774
68.52284094698234,312418.6262485717
68.5895298432811,313339.1704567659
68.65621873957986,314263.6194688442
68.72290763587864,315200.5453074037
68.7895965321774,316111.7408063975
68.85628542847616,317057.6014251623
68.92297432477494,317979.92411055096
68.9896632210737,318909.9409486848
69.05635211737246,319866.03883311857
69.12304101367124,320774.2187799817
69.18972990997,321718.29339751514
69.25641880626875,322651.5509218536
69.32310770256754,323611.1478357471
69.3897965988663,324560.99147926475
69.45648549516505,325506.6210170133
69.52317439146384,326450.6725104649
69.5898632877626,327388.7566406418
69.65655218406135,328338.711538333
69.72324108036014,329281.40092712274
69.7899299766589,330266.03682967124
69.85661887295765,331210.32573859626
69.92330776925644,332161.3086273649
69.9899966655552,333136.38718195603
70.05668556185395,334080.3489101147
70.12337445815274,335055.60393664904
70.1900633544515,336017.04327570496
70.25675225075025,336991.4622681372
70.32344114704904,337955.6297783354
70.3901300433478,338916.17521209846
70.45681893964655,339901.8920472923
70.52350783594534,340885.0454625917
70.5901967322441,341853.65202297363
70.65688562854285,342839.1837511321
70.72357452484164,343805.5833209453
70.7902634211404,344796.57162744424
70.85695231743915,345776.4909969547
70.92364121373791,346774.0412835235
70.9903301100367,347756.77049446723
71.05701900633545,348752.3688250617
71.12370790263421,349747.7579208145
71.190396798933,350738.67729539
71.25708569523175,351731.29929083266
71.32377459153051,352718.9823086021
71.3904634878293,353726.68482739653
71.45715238412805,354724.06872853305
71.52384128042681,355729.09628097573
71.5905301767256,356734.25864527357
71.65721907302435,357736.71420425747
71.72390796932311,358738.0879346018
71.7905968656219,359759.4906570278
71.85728576192065,360779.3698983253
71.92397465821941,361781.9241903954
71.99066355451819,362809.62327101
72.05735245081695,363843.39140873833
72.1240413471157,364856.9701834352
72.19073024341449,365884.437333696
72.25741913971325,366898.829875805
72.324108036012,367931.3631426337
72.39079693231079,368944.46569711727
72.45748582860955,369975.2509629428
72.5241747249083,370990.5565323117
72.59086362120709,372055.9402649563
72.65755251750585,373094.6743980826
72.7242414138046,374115.74813079566
72.79093031010339,375157.88649461285
72.85761920640215,376195.5563674075
72.9243081027009,377248.2440248861
72.99099699899966,378299.7059446553
73.05768589529845,379324.21793153865
73.1243747915972,380390.8209533859
73.19106368789596,381436.65090310946
73.25775258419475,382493.0255384499
73.3244414804935,383550.98149480304
73.39113037679226,384602.93391575647
73.45781927309105,385662.68144547526
73.5245081693898,386722.8121361126
73.59119706568856,387795.2428358896
73.65788596198735,388855.7335060077
73.7245748582861,389920.9989454648
73.79126375458486,390977.86702457245
73.85795265088365,392055.757651473
73.9246415471824,393138.680363234
73.99133044348116,394206.4521520812
74.05801933977995,395288.04302936734
74.1247082360787,396375.4734782529
74.19139713237746,397450.18502632616
74.25808602867625,398525.11820563604
74.324774924975,399604.74553353025
74.39146382127376,400674.83108443354
74.45815271757255,401782.3057420423
74.5248416138713,402871.4071471414
74.59153051017006,403969.4714673719
74.65821940646885,405059.42323128995
74.7249083027676,406154.3717520552
74.79159719906636,407240.9562042047
74.85828609536514,408347.9061993841
74.9249749916639,409461.4534595184
74.99166388796266,410575.56336377916
75.05835278426144,411667.2350731189
75.1250416805602,412778.80203971267
75.19173057685896,413893.95053234836
75.25841947315772,414991.98337216227
75.3251083694565,416115.5352927049
75.39179726575526,417222.799335918
75.45848616205402,418353.75832794735
75.5251750583528,419468.1632113115
75.59186395465156,420591.44941430184
75.65855285095031,421706.9101618036
75.7252417472491,422844.93747774087
75.79193064354786,423984.07208755857
75.85861953984661,425089.4489325511
75.9253084361454,426226.91845213744
75.99199733244416,427365.6219177901
76.05868622874291,428506.20285676216
76.1253751250417,429633.58958068176
76.19206402134046,430755.5696269251
76.25875291763921,431931.2906574232
76.325441813938,433070.7015961489
76.39213071023676,434196.8932857252
76.45881960653551,435354.2163270234
76.5255085028343,436521.8848203514
76.59219739913306,437673.20846754505
76.65888629543181,438823.44798294303
76.7255751917306,439970.8705406932
76.79226408802936,441131.31350731367
76.85895298432811,442290.0037392726
76.9256418806269,443462.51175123954
76.99233077692566,444610.9487100464
77.05901967322441,445778.01537700667
77.1257085695232,446961.0887840674
77.19239746582195,448123.23677659105
77.25908636212071,449307.24653523375
77.3257752584195,450465.5176537391
77.39246415471825,451647.1680859226
77.45915305101701,452818.9909562998
77.52584194731577,454007.2422745228
77.59253084361455,455178.2190555451
77.65921973991331,456371.06314627564
77.72590863621207,457550.4454695159
77.79259753251085,458756.5144568399
77.85928642880961,459947.7814195343
77.92597532510837,461121.3520796742
77.99266422140715,462341.0723666012
78.05935311770591,463547.65110274067
78.12604201400467,464727.3755154456
78.19273091030345,465923.2811939799
78.25941980660221,467154.47613714274
78.32610870290097,468326.87164898193
78.39279759919975,469545.1984530146
78.45948649549851,470756.16286308545
78.52617539179727,471977.25120836345
78.59286428809605,473183.2097201243
78.65955318439481,474392.26393606403
78.72624208069357,475606.64592871524
78.79293097699235,476831.6062026626
78.85961987329111,478048.45548853703
78.92630876958987,479281.15017639415
78.99299766588865,480502.5989865766
79.05968656218741,481723.59533117287
79.12637545848617,482976.1157522113
79.19306435478495,484194.7138125406
79.25975325108371,485423.2661391063
79.32644214738247,486668.87841483986
79.39313104368125,487909.68370792206
79.45981993998001,489136.1780217328
79.52650883627877,490395.9185092392
79.59319773257752,491630.1079714962
79.65988662887631,492899.4994779986
79.72657552517506,494139.4368379924
79.79326442147382,495383.58953079453
79.85995331777261,496634.4824153786
79.92664221407136,497895.37227226794
79.99333111037012,499158.99760536756
80.0600200066689,500413.8913805889
80.12670890296766,501674.476685575
80.19339779926642,502940.9198885625
80.2600866955652,504201.98315233644
80.32677559186396,505472.55338082416
80.39346448816272,506729.2233796397
80.4601533844615,508026.43768592656
80.52684228076026,509295.90566082345
80.59353117705902,510564.32605945936
80.6602200733578,511864.8348183803
80.72690896965656,513131.606886933
80.79359786595532,514406.02378687443
80.8602867622541,515706.7071585395
80.92697565855286,516990.71789153013
80.99366455485162,518280.5120947825
81.0603534511504,519565.91484118934
81.12704234744916,520867.03554452775
81.19373124374792,522157.59524626704
81.2604201400467,523462.54339875095
81.32710903634546,524743.413466308
81.39379793264422,526057.891568849
81.460486828943,527380.003491316
81.52717572524176,528667.1093437946
81.59386462154052,529977.592528443
81.6605535178393,531290.1763935385
81.72724241413806,532597.5397621758
81.79393131043682,533905.2531492208
81.86062020673558,535238.900725118
81.92730910303436,536561.8249288398
81.99399799933312,537882.4790458601
82.06068689563187,539206.0712662523
82.12737579193066,540534.0777849893
82.19406468822942,541870.5930875606
82.26075358452817,543191.7391981146
82.32744248082696,544521.6998124046
82.39413137712572,545859.2522477226
82.46082027342447,547203.5256569786
82.52750916972326,548549.7593615038
82.59419806602202,549875.194671968
82.66088696232077,551224.9541589723
82.72757585861956,552573.0003859523
82.79426475491832,553910.6734906051
82.86095365121707,555269.2895702978
82.92764254751586,556610.1062700187
82.99433144381462,557962.5797755367
83.06102034011337,559336.763535048
83.12770923641216,560690.054599959
83.19439813271092,562056.2403030973
83.26108702900967,563418.1775693662
83.32777592530846,564776.4121850957
83.39446482160722,566151.9697738842
83.46115371790597,567512.7829667444
83.52784261420476,568906.3008505598
83.59453151050351,570259.0617086308
83.66122040680227,571645.2924736554
83.72790930310106,573017.6845318497
83.79459819939981,574411.9664665243
83.86128709569857,575788.3502621606
83.92797599199736,577172.6709983345
83.99466488829611,578571.6863459356
84.06135378459487,579955.3601418727
84.12804268089363,581351.7471579076
84.19473157719241,582734.4798212431
84.26142047349117,584128.0372203289
84.32810936978993,585539.309427029
84.39479826608871,586937.3094598055
84.46148716238747,588348.514414766
84.52817605868623,589748.7423954793
84.59486495498501,591159.1387900637
84.66155385128377,592554.8672294497
84.72824274758253,593995.559245193
84.79493164388131,595393.978410988
84.86162054018007,596817.9585565834
84.92830943647883,598225.0213377293
84.99499833277761,599655.7548364546
85.06168722907637,601066.6989407049
85.12837612537513,602506.8212180837
85.19506502167391,603928.6936738124
85.26175391797267,605362.3673757301
85.32844281427143,606800.5674028088
85.39513171057021,608220.2322001628
85.46182060686897,609661.9864336638
85.52850950316773,611110.753518942
85.59519839946651,612565.7777455603
85.66188729576527,613992.0506355986
85.72857619206403,615444.3157547299
85.79526508836281,616887.4320960946
85.86195398466157,618354.79864479
85.92864288096033,619778.5291085436
85.99533177725911,621248.7852213107
86.06202067355787,622692.8222205404
86.12870956985662,624145.8510484394
86.19539846615538,625630.6408735197
86.26208736245417,627094.017003008
86.32877625875292,628557.5462356899
86.39546515505168,630028.1851355907
86.46215405135047,631525.3184670266
86.52884294764922,632972.2534593714
86.59553184394798,634454.4778295237
86.66222074024677,635923.5728550288
86.72890963654552,637411.7953174873
86.79559853284428,638890.4897946945
86.86228742914307,640374.3720269048
86.92897632544182,641879.7679567157
86.99566522174058,643364.4967044317
87.06235411803937,644848.339296308
87.12904301433812,646323.2831477333
87.19573191063688,647835.607490774
87.26242080693567,649359.207487219
87.32910970323442,650837.1364358742
87.39579859953318,652351.5184722047
87.46248749583197,653860.2535927396
87.52917639213072,655358.8111857765
87.59586528842948,656860.9842009079
87.66255418472826,658361.2152329667
87.72924308102702,659901.4714326485
87.79593197732578,661407.1036915733
87.86262087362456,662934.9795526424
87.92930976992332,664445.8471721126
87.99599866622208,665978.3277762356
88.06268756252086,667507.6537062139
88.12937645881962,669038.7990946793
88.19606535511838,670559.3320553865
88.26275425141716,672111.7618814852
88.32944314771592,673633.6848503385
88.39613204401468,675163.6769009221
88.46282094031343,676717.1541300606
88.52950983661222,678261.5977730898
88.59619873291098,679808.2485112181
88.66288762920973,681365.8482316127
88.72957652550852,682903.3950893728
88.79626542180728,684457.0151413631
88.86295431810603,686004.1837317654
88.92964321440482,687576.9642130185
88.99633211070358,689131.6200849666
89.06302100700233,690688.8882469303
89.12970990330112,692241.4727358886
89.19639879959988,693835.0876836331
89.26308769589863,695382.8955664994
89.32977659219742,696959.5355493461
89.39646548849618,698541.0472233343
89.46315438479493,700104.8904038179
89.52984328109372,701681.1666747556
89.59653217739248,703257.1463233439
89.66322107369123,704863.3020754992
89.72990996999002,706438.9436301924
89.79659886628878,708054.8709051235
89.86328776258753,709614.0239116092
89.92997665888632,711207.5133147713
89.99666555518507,712805.6498926504
90.06335445148383,714409.789949295
90.13004334778262,716004.1405827289
90.19673224408137,717615.2454858364
90.26342114038013,719207.3518005467
90.33011003667892,720811.3522938759
90.39679893297767,722417.6364496353
90.46348782927643,724026.2451136616
90.53017672557522,725654.2968733883
90.59686562187397,727272.8392602244
90.66355451817273,728889.4010218807
90.73024341447149,730526.0066976094
90.79693231077027,732149.893923352
90.86362120706903,733763.8065650859
90.93031010336779,735380.955783815
90.99699899966657,737022.004311573
91.06368789596533,738655.3805965406
91.13037679226409,740290.9754983429
91.19706568856287,741929.1182118113
91.26375458486163,743570.3553990857
91.33044348116039,745215.7914422987
91.39713237745917,746859.5194327319
91.46382127375793,748514.4114207658
91.53051017005669,750166.1917420338
91.59719906635547,751809.0122352116
91.66388796265423,753481.8809536675
91.73057685895299,755121.7151789007
91.79726575525177,756776.8865093238
91.86395465155053,758455.5801459425
91.93064354784929,760111.133213209
91.99733244414807,761787.8166962967
92.06402134044683,763436.0280108564
92.13071023674559,765138.8468907775
92.19739913304437,766807.9761420939
92.26408802934313,768467.9269815789
92.33077692564189,770147.8778032403
92.39746582194067,771855.3093803962
92.46415471823943,773520.7032330967
92.53084361453818,775207.0493784826
92.59753251083697,776885.166370811
92.66422140713573,778592.5136171101
92.73091030343448,780287.9780454836
92.79759919973324,781992.460390837
92.86428809603203,783674.9389258692
92.93097699233078,785375.8246093143
92.99766588862954,787095.9119777717
93.06435478492833,788807.1392925456
93.13104368122708,790495.7629902454
93.19773257752584,792228.6984401774
93.26442147382463,793934.5299215625
93.33111037012338,795659.6182093534
93.39779926642214,797369.448883583
93.46448816272093,799071.4337825511
93.53117705901968,800814.4738853851
93.59786595531844,802550.7264322398
93.66455485161723,804264.1307890364
93.73124374791598,805999.6941107432
93.79793264421474,807735.3892131362
93.86462154051353,809450.0877777177
93.93131043681228,811225.6272134293
93.99799933311104,812946.5066874906
94.06468822940982,814701.7153320857
94.13137712570858,816443.4198703803
94.19806602200734,818203.1125174689
94.26475491830612,819947.7339338083
94.33144381460488,821696.5376242853
94.39813271090364,823447.6998247211
94.46482160720242,825220.1628510086
94.53151050350118,826960.2275673903
94.59819939979994,828744.3220056536
94.66488829609872,830496.8088203515
94.73157719239748,832284.5740348903
94.79826608869624,834047.3108198822
94.86495498499502,835825.1499219029
94.93164388129378,837597.1429803183
94.99833277759254,839361.4736004801
95.0650216738913,841150.1295203101
95.13171057019008,842946.4361731942
95.19839946648884,844728.9527579634
95.2650883627876,846526.1524112113
95.33177725908638,848311.5399761876
95.39846615538514,850094.7155389977
95.4651550516839,851892.7438817446
95.53184394798268,853699.128620534
95.59853284428144,855481.5172408409
95.6652217405802,857317.6746453664
95.73191063687898,859114.6135855956
95.79859953317774,860930.2251539702
95.8652884294765,862719.6318547799
95.93197732577528,864556.6413398829
95.99866622207404,866381.487044918
96.06535511837279,868172.5621441102
96.13204401467158,870011.340164487
96.19873291097034,871829.7650502665
96.26542180726909,873644.5371414679
96.33211070356788,875490.5231260952
96.39879959986663,877325.4891021021
96.46548849616539,879148.806045819
96.53217739246418,881000.2935113714
96.59886628876293,882817.5413116707
96.66555518506169,884661.3865077733
96.73224408136048,886519.4681519914
96.79893297765923,888366.1727283495
96.86562187395799,890210.3965684919
96.93231077025678,892075.3324386927
96.99899966655553,893928.3981606116
97.06568856285429,895788.8820172029
97.13237745915308,897641.4700668928
97.19906635545183,899510.2881890171
97.26575525175059,901367.4906472615
97.33244414804935,903255.6523958908
97.39913304434813,905103.4669503227
97.46582194064689,907000.1364190177
97.53251083694565,908859.4828987988
97.59919973324443,910726.6942758451
97.66588862954319,912629.7241571599
97.73257752584195,914503.4562640699
97.79926642214073,916395.517727126
97.86595531843949,918287.3511933886
97.93264421473825,920171.709312057
97.99933311103703,922058.308551889
98.06602200733579,923967.4902656878
98.13271090363455,925858.9277312974
98.19939979993333,927766.2465064684
98.26608869623209,929647.9703636762
98.33277759253085,931575.8210135724
98.39946648882963,933476.7875915857
98.46615538512839,935407.3818199701
98.53284428142715,937314.0088322349
98.59953317772593,939228.4232914483
98.66622207402469,941150.4884904638
98.73291097032345,943061.3191292927
98.79959986662223,945007.6181993597
98.86628876292099,946938.5072225786
98.93297765921974,948856.284083945
98.99966655551853,950799.0507038297
99.06635545181729,952717.5849514584
99.13304434811604,954654.1976321884
99.19973324441483,956601.96586384
99.26642214071359,958548.8112203054
99.33311103701234,960488.5041052707
99.3997999333111,962444.9153110966
99.46648882960989,964394.6560879715
99.53317772590864,966338.4467436975
99.5998666222074,968307.4499666253
99.66655551850619,970269.7142513702
99.73324441480494,972226.3259408287
99.7999333111037,974198.9670694432
99.86662220740249,976147.443669627
99.93331110370124,978131.0106152939
100.0,980090.6377543488
