x,y
-100.0,10302.0
-99.93331110370123,10288.466601460239
-99.86662220740247,10274.94209773826
-99.7999333111037,10261.426488834057
-99.73324441480493,10247.919774747634
-99.66655551850617,10234.421955478992
-99.5998666222074,10220.933031028128
-99.53317772590863,10207.45300139504
-99.46648882960987,10193.981866579736
-99.3997999333111,10180.519626582207
-99.33311103701234,10167.06628140246
-99.26642214071357,10153.62183104049
-99.1997332444148,10140.186275496299
-99.13304434811604,10126.75961476989
-99.06635545181727,10113.341848861257
-98.9996665555185,10099.932977770404
-98.93297765921974,10086.533001497331
-98.86628876292097,10073.141920042037
-98.7995998666222,10059.75973340452
-98.73291097032345,10046.386441584786
-98.66622207402467,10033.022044582829
-98.5995331777259,10019.666542398649
-98.53284428142715,10006.319935032252
-98.46615538512837,9992.982222483632
-98.3994664888296,9979.65340475279
-98.33277759253085,9966.333481839729
-98.26608869623207,9953.022453744445
-98.19939979993332,9939.720320466942
-98.13271090363455,9926.427082007218
-98.06602200733577,9913.142738365272
-97.99933311103702,9899.867289541107
-97.93264421473825,9886.60073553472
-97.86595531843948,9873.343076346111
-97.79926642214072,9860.094311975283
-97.73257752584195,9846.854442422233
-97.66588862954318,9833.62346768696
-97.59919973324442,9820.40138776947
-97.53251083694565,9807.188202669757
-97.46582194064688,9793.983912387823
-97.39913304434812,9780.78851692367
-97.33244414804935,9767.602016277295
-97.26575525175059,9754.424410448699
-97.19906635545182,9741.255699437881
-97.13237745915305,9728.095883244841
-97.06568856285429,9714.944961869585
-96.99899966655552,9701.802935312104
-96.93231077025675,9688.669803572402
-96.86562187395799,9675.545566650482
-96.79893297765922,9662.430224546339
-96.73224408136045,9649.323777259975
-96.66555518506169,9636.226224791393
-96.59886628876292,9623.137567140586
-96.53217739246415,9610.05780430756
-96.46548849616539,9596.986936292315
-96.39879959986662,9583.924963094845
-96.33211070356785,9570.871884715156
-96.26542180726909,9557.827701153248
-96.19873291097032,9544.792412409115
-96.13204401467155,9531.766018482762
-96.06535511837279,9518.748519374192
-95.99866622207402,9505.739915083397
-95.93197732577526,9492.740205610386
-95.8652884294765,9479.749390955149
-95.79859953317772,9466.767471117691
-95.73191063687896,9453.794446098016
-95.6652217405802,9440.830315896117
-95.59853284428142,9427.875080511998
-95.53184394798267,9414.92873994566
-95.4651550516839,9401.9912941971
-95.39846615538512,9389.062743266317
-95.33177725908637,9376.143087153316
-95.2650883627876,9363.232325858091
-95.19839946648882,9350.330459380646
-95.13171057019007,9337.437487720981
-95.0650216738913,9324.553410879094
-94.99833277759254,9311.67822885499
-94.93164388129377,9298.81194164866
-94.864954984995,9285.954549260112
-94.79826608869624,9273.106051689343
-94.73157719239747,9260.266448936352
-94.6648882960987,9247.43574100114
-94.59819939979994,9234.613927883709
-94.53151050350117,9221.801009584055
-94.4648216072024,9208.99698610218
-94.39813271090364,9196.201857438087
-94.33144381460487,9183.41562359177
-94.2647549183061,9170.638284563232
-94.19806602200734,9157.869840352476
-94.13137712570857,9145.110290959497
-94.0646882294098,9132.359636384295
-93.99799933311104,9119.617876626875
-93.93131043681227,9106.885011687233
-93.8646215405135,9094.16104156537
-93.79793264421474,9081.445966261288
-93.73124374791597,9068.739785774984
-93.66455485161721,9056.042500106461
-93.59786595531844,9043.354109255713
-93.53117705901967,9030.674613222745
-93.46448816272091,9018.004012007561
-93.39779926642214,9005.342305610151
-93.33111037012337,8992.689494030521
-93.26442147382461,8980.045577268671
-93.19773257752584,8967.410555324599
-93.13104368122707,8954.784428198307
-93.06435478492831,8942.167195889795
-92.99766588862954,8929.558858399057
-92.93097699233078,8916.959415726105
-92.86428809603201,8904.368867870928
-92.79759919973324,8891.78721483353
-92.73091030343448,8879.214456613914
-92.66422140713571,8866.650593212076
-92.59753251083694,8854.095624628015
-92.53084361453818,8841.549550861737
-92.46415471823941,8829.012371913233
-92.39746582194064,8816.484087782512
-92.33077692564189,8803.96469846957
-92.26408802934311,8791.454203974405
-92.19739913304434,8778.95260429702
-92.13071023674559,8766.459899437416
-92.06402134044681,8753.976089395588
-91.99733244414804,8741.501174171539
-91.93064354784929,8729.035153765271
-91.86395465155051,8716.57802817678
-91.79726575525174,8704.129797406069
-91.73057685895299,8691.69046145314
-91.66388796265421,8679.260020317986
-91.59719906635544,8666.838474000613
-91.53051017005669,8654.42582250102
-91.46382127375792,8642.022065819205
-91.39713237745916,8629.627203955171
-91.33044348116039,8617.241236908912
-91.26375458486162,8604.864164680435
-91.19706568856286,8592.495987269738
-91.13037679226409,8580.136704676817
-91.06368789596532,8567.786316901676
-90.99699899966656,8555.444823944317
-90.93031010336779,8543.112225804734
-90.86362120706902,8530.78852248293
-90.79693231077026,8518.473713978907
-90.73024341447149,8506.16780029266
-90.66355451817273,8493.870781424197
-90.59686562187396,8481.582657373508
-90.53017672557519,8469.3034281406
-90.46348782927643,8457.033093725475
-90.39679893297766,8444.771654128124
-90.33011003667889,8432.519109348552
-90.26342114038013,8420.275459386763
-90.19673224408136,8408.04070424275
-90.13004334778259,8395.814843916516
-90.06335445148383,8383.597878408063
-89.99666555518506,8371.389807717389
-89.92997665888629,8359.190631844493
-89.86328776258753,8347.000350789376
-89.79659886628876,8334.818964552038
-89.72990996998999,8322.646473132478
-89.66322107369123,8310.482876530701
-89.59653217739246,8298.3281747467
-89.52984328109369,8286.182367780479
-89.46315438479493,8274.045455632038
-89.39646548849616,8261.917438301374
-89.32977659219739,8249.79831578849
-89.26308769589863,8237.688088093386
-89.19639879959986,8225.58675521606
-89.1297099033011,8213.494317156514
-89.06302100700233,8201.410773914746
-88.99633211070356,8189.336125490756
-88.9296432144048,8177.270371884549
-88.86295431810603,8165.213513096118
-88.79626542180726,8153.165549125466
-88.7295765255085,8141.126479972596
-88.66288762920973,8129.096305637502
-88.59619873291098,8117.07502612019
-88.5295098366122,8105.0626414206545
-88.46282094031343,8093.059151538897
-88.39613204401468,8081.064556474922
-88.3294431477159,8069.078856228724
-88.26275425141714,8057.102050800305
-88.19606535511838,8045.134140189667
-88.1293764588196,8033.1751243968065
-88.06268756252084,8021.225003421725
-87.99599866622208,8009.283777264424
-87.92930976992331,7997.351445924901
-87.86262087362454,7985.428009403156
-87.79593197732578,7973.513467699192
-87.72924308102701,7961.607820813006
-87.66255418472824,7949.711068744598
-87.59586528842948,7937.823211493973
-87.52917639213071,7925.944249061124
-87.46248749583194,7914.074181446054
-87.39579859953318,7902.213008648766
-87.32910970323441,7890.360730669253
-87.26242080693564,7878.51734750752
-87.19573191063688,7866.682859163569
-87.12904301433811,7854.857265637394
-87.06235411803935,7843.040566929002
-86.99566522174058,7831.232763038385
-86.92897632544181,7819.433853965548
-86.86228742914305,7807.643839710493
-86.79559853284428,7795.862720273212
-86.72890963654551,7784.090495653712
-86.66222074024675,7772.327165851994
-86.59553184394798,7760.5727308680525
-86.52884294764921,7748.82719070189
-86.46215405135045,7737.090545353509
-86.39546515505168,7725.362794822905
-86.32877625875292,7713.643939110082
-86.26208736245415,7701.933978215035
-86.19539846615538,7690.232912137767
-86.12870956985662,7678.540740878282
-86.06202067355785,7666.857464436573
-85.99533177725908,7655.183082812643
-85.92864288096033,7643.517596006494
-85.86195398466155,7631.861004018123
-85.79526508836278,7620.2133068475305
-85.72857619206403,7608.57450449472
-85.66188729576525,7596.9445969596845
-85.59519839946648,7585.323584242429
-85.52850950316773,7573.711466342955
-85.46182060686895,7562.108243261258
-85.39513171057018,7550.51391499734
-85.32844281427143,7538.928481551204
-85.26175391797265,7527.351942922844
-85.19506502167388,7515.7842991122625
-85.12837612537513,7504.225550119463
-85.06168722907636,7492.67569594444
-84.99499833277758,7481.134736587197
-84.92830943647883,7469.602672047735
-84.86162054018006,7458.07950232605
-84.7949316438813,7446.565227422147
-84.72824274758253,7435.059847336019
-84.66155385128376,7423.56336206767
-84.594864954985,7412.075771617104
-84.52817605868623,7400.597075984314
-84.46148716238746,7389.127275169303
-84.3947982660887,7377.666369172074
-84.32810936978993,7366.214357992621
-84.26142047349116,7354.771241630949
-84.1947315771924,7343.337020087057
-84.12804268089363,7331.91169336094
-84.06135378459487,7320.495261452606
-83.9946648882961,7309.08772436205
-83.92797599199733,7297.689082089272
-83.86128709569857,7286.2993346342755
-83.7945981993998,7274.918481997056
-83.72790930310103,7263.5465241776155
-83.66122040680227,7252.183461175956
-83.5945315105035,7240.8292929920735
-83.52784261420473,7229.484019625969
-83.46115371790597,7218.147641077648
-83.3944648216072,7206.820157347102
-83.32777592530843,7195.501568434336
-83.26108702900967,7184.191874339352
-83.1943981327109,7172.891075062144
-83.12770923641213,7161.599170602715
-83.06102034011337,7150.316160961067
-82.9943314438146,7139.042046137197
-82.92764254751583,7127.776826131105
-82.86095365121707,7116.5205009427955
-82.7942647549183,7105.2730705722615
-82.72757585861953,7094.0345350195075
-82.66088696232077,7082.804894284535
-82.594198066022,7071.584148367339
-82.52750916972323,7060.372297267922
-82.46082027342447,7049.1693409862855
-82.3941313771257,7037.975279522428
-82.32744248082695,7026.79011287635
-82.26075358452817,7015.61384104805
-82.19406468822942,7004.44646403753
-82.12737579193065,6993.287981844788
-82.06068689563187,6982.138394469825
-81.99399799933312,6970.997701912643
-81.92730910303435,6959.865904173237
-81.86062020673558,6948.7430012516115
-81.79393131043682,6937.628993147767
-81.72724241413805,6926.523879861699
-81.66055351783928,6915.427661393411
-81.59386462154052,6904.340337742903
-81.52717572524175,6893.261908910173
-81.46048682894298,6882.192374895221
-81.39379793264422,6871.131735698051
-81.32710903634545,6860.079991318657
-81.26042014004668,6849.037141757043
-81.19373124374792,6838.003187013211
-81.12704234744915,6826.9781270871545
-81.06035345115038,6815.961961978878
-80.99366455485162,6804.954691688383
-80.92697565855285,6793.956316215665
-80.86028676225408,6782.966835560724
-80.79359786595532,6771.986249723565
-80.72690896965655,6761.014558704184
-80.66022007335778,6750.051762502582
-80.59353117705902,6739.097861118761
-80.52684228076025,6728.152854552717
-80.46015338446148,6717.216742804452
-80.39346448816272,6706.289525873969
-80.32677559186395,6695.371203761261
-80.26008669556519,6684.461776466336
-80.19339779926642,6673.5612439891875
-80.12670890296765,6662.669606329818
-80.06002000666889,6651.78686348823
-79.99333111037012,6640.913015464419
-79.92664221407136,6630.048062258389
-79.8599533177726,6619.192003870136
-79.79326442147382,6608.344840299661
-79.72657552517506,6597.506571546968
-79.6598866288763,6586.677197612053
-79.59319773257752,6575.856718494916
-79.52650883627877,6565.04513419556
-79.45981993998,6554.242444713982
-79.39313104368122,6543.4486500501835
-79.32644214738247,6532.663750204165
-79.2597532510837,6521.887745175923
-79.19306435478492,6511.120634965461
-79.12637545848617,6500.36241957278
-79.0596865621874,6489.6130989978765
-78.99299766588862,6478.872673240751
-78.92630876958987,6468.141142301408
-78.8596198732911,6457.418506179842
-78.79293097699232,6446.704764876054
-78.72624208069357,6435.999918390047
-78.6595531843948,6425.303966721817
-78.59286428809602,6414.616909871367
-78.52617539179727,6403.938747838698
-78.4594864954985,6393.269480623806
-78.39279759919972,6382.609108226693
-78.32610870290097,6371.957630647362
-78.2594198066022,6361.315047885807
-78.19273091030342,6350.68135994203
-78.12604201400467,6340.056566816036
-78.0593531177059,6329.440668507818
-77.99266422140714,6318.833665017382
-77.92597532510837,6308.235556344724
-77.8592864288096,6297.646342489843
-77.79259753251084,6287.066023452744
-77.72590863621207,6276.494599233422
-77.65921973991331,6265.932069831881
-77.59253084361454,6255.378435248117
-77.52584194731577,6244.8336954821325
-77.45915305101701,6234.297850533929
-77.39246415471824,6223.770900403502
-77.32577525841947,6213.252845090855
-77.25908636212071,6202.743684595989
-77.19239746582194,6192.2434189189
-77.12570856952317,6181.752048059589
-77.05901967322441,6171.26957201806
-76.99233077692564,6160.795990794308
-76.92564188062687,6150.331304388335
-76.85895298432811,6139.875512800144
-76.79226408802934,6129.428616029729
-76.72557519173057,6118.990614077094
-76.65888629543181,6108.561506942239
-76.59219739913304,6098.141294625161
-76.52550850283427,6087.729977125863
-76.45881960653551,6077.327554444346
-76.39213071023674,6066.934026580606
-76.32544181393797,6056.549393534645
-76.25875291763921,6046.173655306465
-76.19206402134044,6035.806811896063
-76.12537512504167,6025.448863303439
-76.05868622874291,6015.099809528595
-75.99199733244414,6004.75965057153
-75.92530843614537,5994.428386432243
-75.85861953984661,5984.106017110738
-75.79193064354784,5973.792542607011
-75.72524174724909,5963.487962921064
-75.65855285095031,5953.192278052893
-75.59186395465156,5942.905488002504
-75.52517505835279,5932.627592769892
-75.45848616205402,5922.358592355059
-75.39179726575526,5912.098486758007
-75.32510836945649,5901.847275978733
-75.25841947315772,5891.604960017237
-75.19173057685896,5881.371538873524
-75.12504168056019,5871.147012547586
-75.05835278426142,5860.931381039428
-74.99166388796266,5850.724644349051
-74.92497499166389,5840.52680247645
-74.85828609536512,5830.33785542163
-74.79159719906636,5820.15780318459
-74.72490830276759,5809.986645765327
-74.65821940646882,5799.824383163844
-74.59153051017006,5789.671015380141
-74.52484161387129,5779.526542414216
-74.45815271757252,5769.390964266068
-74.39146382127376,5759.264280935704
-74.32477492497499,5749.146492423116
-74.25808602867622,5739.037598728307
-74.19139713237746,5728.937599851279
-74.12470823607869,5718.846495792028
-74.05801933977992,5708.764286550557
-73.99133044348116,5698.690972126866
-73.92464154718239,5688.626552520951
-73.85795265088362,5678.571027732817
-73.79126375458486,5668.524397762464
-73.72457485828609,5658.486662609887
-73.65788596198733,5648.457822275092
-73.59119706568856,5638.437876758075
-73.52450816938979,5628.426826058836
-73.45781927309103,5618.424670177378
-73.39113037679226,5608.431409113697
-73.3244414804935,5598.447042867797
-73.25775258419473,5588.471571439674
-73.19106368789596,5578.504994829331
-73.1243747915972,5568.547313036768
-73.05768589529843,5558.598526061983
-72.99099699899966,5548.658633904977
-72.9243081027009,5538.727636565752
-72.85761920640213,5528.805534044304
-72.79093031010336,5518.892326340634
-72.7242414138046,5508.988013454747
-72.65755251750583,5499.092595386635
-72.59086362120706,5489.206072136304
-72.5241747249083,5479.328443703754
-72.45748582860953,5469.4597100889805
-72.39079693231076,5459.599871291986
-72.324108036012,5449.748927312773
-72.25741913971324,5439.906878151336
-72.19073024341446,5430.073723807679
-72.1240413471157,5420.249464281803
-72.05735245081694,5410.434099573704
-71.99066355451816,5400.627629683385
-71.92397465821941,5390.830054610846
-71.85728576192064,5381.041374356085
-71.79059686562186,5371.261588919102
-71.72390796932311,5361.4906982999
-71.65721907302434,5351.728702498475
-71.59053017672557,5341.9756015148305
-71.52384128042681,5332.2313953489665
-71.45715238412804,5322.49608400088
-71.39046348782928,5312.769667470574
-71.32377459153051,5303.052145758044
-71.25708569523174,5293.343518863294
-71.19039679893298,5283.643786786326
-71.12370790263421,5273.9529495271345
-71.05701900633545,5264.271007085724
-70.99033011003668,5254.59795946209
-70.92364121373791,5244.933806656236
-70.85695231743915,5235.278548668163
-70.79026342114038,5225.632185497867
-70.72357452484161,5215.9947171453505
-70.65688562854285,5206.366143610614
-70.59019673224408,5196.746464893655
-70.52350783594531,5187.1356809944755
-70.45681893964655,5177.533791913077
-70.39013004334778,5167.940797649455
-70.32344114704901,5158.356698203613
-70.25675225075025,5148.781493575551
-70.19006335445148,5139.215183765267
-70.12337445815271,5129.657768772761
-70.05668556185395,5120.109248598038
-69.98999666555518,5110.569623241091
-69.92330776925641,5101.038892701923
-69.85661887295765,5091.517056980537
-69.78992997665888,5082.004116076927
-69.72324108036011,5072.500069991096
-69.65655218406135,5063.004918723047
-69.58986328776258,5053.518662272774
-69.52317439146381,5044.0413006402805
-69.45648549516505,5034.5728338255685
-69.38979659886628,5025.113261828634
-69.32310770256751,5015.662584649478
-69.25641880626875,5006.220802288103
-69.18972990996998,4996.7879147445055
-69.12304101367123,4987.363922018689
-69.05635211737246,4977.948824110648
-68.9896632210737,4968.54262102039
-68.92297432477493,4959.145312747908
-68.85628542847616,4949.7568992932065
-68.7895965321774,4940.377380656285
-68.72290763587863,4931.0067568371405
-68.65621873957986,4921.645027835776
-68.5895298432811,4912.2921936521925
-68.52284094698233,4902.948254286384
-68.45615205068356,4893.613209738357
-68.3894631543848,4884.2870600081105
-68.32277425808603,4874.96980509564
-68.25608536178726,4865.66144500095
-68.1893964654885,4856.361979724041
-68.12270756918973,4847.071409264909
-68.05601867289096,4837.789733623556
-67.9893297765922,4828.516952799983
-67.92264088029343,4819.253066794188
-67.85595198399466,4809.998075606172
-67.7892630876959,4800.751979235937
-67.72257419139713,4791.51477768348
-67.65588529509836,4782.286470948801
-67.5891963987996,4773.067059031904
-67.52250750250083,4763.856541932783
-67.45581860620206,4754.654919651442
-67.3891297099033,4745.462192187882
-67.32244081360453,4736.278359542099
-67.25575191730576,4727.103421714094
-67.189063021007,4717.937378703871
-67.12237412470824,4708.780230511427
-67.05568522840946,4699.631977136759
-66.9889963321107,4690.492618579873
-66.92230743581194,4681.362154840766
-66.85561853951316,4672.240585919435
-66.7889296432144,4663.127911815886
-66.72224074691565,4654.024132530118
-66.65555185061687,4644.929248062125
-66.5888629543181,4635.843258411912
-66.52217405801935,4626.76616357948
-66.45548516172057,4617.697963564826
-66.3887962654218,4608.638658367949
-66.32210736912305,4599.588247988854
-66.25541847282427,4590.546732427537
-66.1887295765255,4581.514111683999
-66.12204068022675,4572.490385758241
-66.05535178392797,4563.475554650261
-65.9886628876292,4554.46961836006
-65.92197399133045,4545.47257688764
-65.85528509503168,4536.484430232997
-65.7885961987329,4527.505178396132
-65.72190730243415,4518.534821377049
-65.65521840613538,4509.5733591757435
-65.5885295098366,4500.620791792217
-65.52184061353785,4491.677119226471
-65.45515171723908,4482.7423414785035
-65.3884628209403,4473.816458548314
-65.32177392464155,4464.899470435905
-65.25508502834278,4455.991377141274
-65.188396132044,4447.092178664421
-65.12170723574525,4438.20187500535
-65.05501833944648,4429.320466164057
-64.9883294431477,4420.447952140542
-64.92164054684895,4411.584332934808
-64.85495165055019,4402.729608546854
-64.7882627542514,4393.883778976674
-64.72157385795265,4385.046844224277
-64.65488496165389,4376.21880428966
-64.5881960653551,4367.399659172818
-64.52150716905635,4358.589408873759
-64.45481827275759,4349.788053392479
-64.38812937645882,4340.995592728976
-64.32144048016005,4332.212026883252
-64.25475158386129,4323.43735585531
-64.18806268756252,4314.6715796451435
-64.12137379126375,4305.914698252756
-64.05468489496499,4297.166711678151
-63.98799599866622,4288.427619921324
-63.92130710236746,4279.6974229822745
-63.854618206068686,4270.976120861004
-63.78792930976992,4262.263713557514
-63.72124041347116,4253.560201071804
-63.654551517172386,4244.86558340387
-63.58786262087362,4236.179860553718
-63.52117372457486,4227.503032521344
-63.45448482827609,4218.835099306749
-63.38779593197732,4210.176060909933
-63.32110703567856,4201.525917330896
-63.254418139379794,4192.884668569639
-63.18772924308102,4184.252314626159
-63.12104034678226,4175.62885550046
-63.054351450483495,4167.01429119254
-62.98766255418472,4158.408621702399
-62.92097365788596,4149.811847030037
-62.854284761587195,4141.223967175453
-62.78759586528843,4132.64498213865
-62.72090696898966,4124.074891919625
-62.654218072690895,4115.513696518379
-62.58752917639213,4106.961395934913
-62.52084028009336,4098.417990169224
-62.454151383794596,4089.883479221316
-62.38746248749583,4081.357863091187
-62.32077359119706,4072.841141778836
-62.254084694898296,4064.333315284265
-62.18739579859953,4055.8343836074732
-62.12070690230077,4047.3443467484603
-62.054018006001996,4038.863204707226
-61.98732910970323,4030.3909574837717
-61.92064021340447,4021.927605078096
-61.8539513171057,4013.4731474901987
-61.78726242080693,4005.0275847200814
-61.72057352450817,3996.5909167677432
-61.653884628209404,3988.163143633184
-61.58719573191063,3979.744265316403
-61.52050683561187,3971.3342818174024
-61.453817939313105,3962.9331931361808
-61.38712904301433,3954.540999272737
-61.32044014671557,3946.1577002270733
-61.253751250416805,3937.783295999189
-61.187062354118034,3929.4177865890824
-61.12037345781927,3921.061171996756
-61.053684561520505,3912.7134522222086
-60.98699566522174,3904.3746272654407
-60.92030676892297,3896.044697126451
-60.853617872624206,3887.7236618052407
-60.78692897632544,3879.41152130181
-60.72024008002667,3871.1082756161572
-60.653551183727906,3862.8139247482845
-60.58686228742914,3854.528468698191
-60.52017339113038,3846.2519074658767
-60.453484494831606,3837.98424105134
-60.38679559853284,3829.725469454584
-60.32010670223408,3821.4755926756065
-60.25341780593531,3813.2346107144076
-60.18672890963654,3805.0025235709886
-60.12004001333778,3796.779331245349
-60.053351117039014,3788.5650337374877
-59.98666222074024,3780.3596310474054
-59.91997332444148,3772.163123175103
-59.853284428142715,3763.9755101205797
-59.78659553184394,3755.796791883834
-59.71990663554518,3747.6269684648687
-59.653217739246415,3739.4660398636825
-59.586528842947644,3731.3140060802743
-59.51983994664888,3723.170867114646
-59.453151050350115,3715.0366229667975
-59.38646215405135,3706.9112736367274
-59.31977325775258,3698.794819124436
-59.253084361453816,3690.687259429924
-59.18639546515505,3682.5885945531913
-59.11970656885628,3674.4988244942374
-59.053017672557516,3666.417949253063
-58.98632877625875,3658.3459688296675
-58.91963987995999,3650.282883224051
-58.852950983661216,3642.2286924362134
-58.78626208736245,3634.1833964661555
-58.71957319106369,3626.1469953138762
-58.65288429476492,3618.1194889793755
-58.58619539846615,3610.1008774626553
-58.51950650216739,3602.0911607637136
-58.45281760586862,3594.09033888255
-58.38612870956985,3586.0984118191664
-58.31943981327109,3578.115379573562
-58.252750916972325,3570.141242145737
-58.18606202067355,3562.1759995356897
-58.11937312437479,3554.2196517434227
-58.052684228076025,3546.272198768935
-57.985995331777254,3538.3336406122253
-57.91930643547849,3530.4039772732954
-57.852617539179725,3522.4832087521445
-57.78592864288096,3514.571335048773
-57.71923974658219,3506.66835616318
-57.652550850283426,3498.774272095366
-57.58586195398466,3490.889082845332
-57.51917305768589,3483.012788413076
-57.452484161387126,3475.1453887986
-57.38579526508836,3467.2868840019028
-57.31910636878959,3459.437274022984
-57.252417472490826,3451.5965588618456
-57.18572857619206,3443.764738518486
-57.1190396798933,3435.9418129929054
-57.05235078359453,3428.1277822851025
-56.98566188729576,3420.32264639508
-56.918972990997,3412.526405322837
-56.85228409469823,3404.7390590683713
-56.78559519839946,3396.9606076316863
-56.7189063021007,3389.1910510127805
-56.652217405801935,3381.4303892116536
-56.58552850950316,3373.6786222283044
-56.5188396132044,3365.9357500627357
-56.452150716905635,3358.2017727149464
-56.385461820606864,3350.476690184935
-56.3187729243081,3342.7605024727036
-56.252084028009335,3335.053209578251
-56.18539513171057,3327.354811501578
-56.1187062354118,3319.665308242683
-56.052017339113036,3311.9846998015673
-55.98532844281427,3304.3129861782313
-55.9186395465155,3296.650167372674
-55.851950650216736,3288.996243384896
-55.78526175391797,3281.3512142148975
-55.7185728576192,3273.7150798626767
-55.651883961320436,3266.0878403282363
-55.58519506502167,3258.469495611575
-55.51850616872291,3250.860045712692
-55.45181727242414,3243.259490631588
-55.38512837612537,3235.6678303682643
-55.31843947982661,3228.085064922719
-55.25175058352784,3220.5111942949525
-55.18506168722907,3212.9462184849654
-55.11837279093031,3205.3901374927573
-55.051683894631545,3197.8429513183287
-54.98499499833277,3190.304659961678
-54.91830610203401,3182.7752634228077
-54.851617205735245,3175.2547617017167
-54.784928309436474,3167.7431547984033
-54.71823941313771,3160.2404427128704
-54.651550516838945,3152.746625445116
-54.584861620540174,3145.2617029951402
-54.51817272424141,3137.7856753629444
-54.451483827942646,3130.3185425485276
-54.38479493164388,3122.8603045518894
-54.31810603534511,3115.41096137303
-54.251417139046346,3107.970513011951
-54.18472824274758,3100.5389594686503
-54.11803934644881,3093.116300743128
-54.051350450150046,3085.7025368353857
-53.98466155385128,3078.2976677454226
-53.91797265755252,3070.9016934732385
-53.85128376125375,3063.5146140188326
-53.78459486495498,3056.1364293822066
-53.71790596865622,3048.76713956336
-53.65121707235745,3041.406744562292
-53.58452817605868,3034.055244379003
-53.51783927975992,3026.7126390134936
-53.451150383461155,3019.3789284657632
-53.38446148716238,3012.054112735811
-53.31777259086362,3004.7381918236383
-53.251083694564855,2997.4311657292455
-53.184394798266084,2990.133034452631
-53.11770590196732,2982.8437979937958
-53.051017005668555,2975.5634563527396
-52.984328109369784,2968.2920095294626
-52.91763921307102,2961.029457523965
-52.850950316772256,2953.7758003362464
-52.78426142047349,2946.5310379663065
-52.71757252417472,2939.2951704141456
-52.650883627875956,2932.068197679764
-52.58419473157719,2924.850119763162
-52.51750583527842,2917.640936664338
-52.450816938979656,2910.440648383294
-52.38412804268089,2903.249254920029
-52.31743914638213,2896.066756274544
-52.25075025008336,2888.8931524468358
-52.18406135378459,2881.7284434369085
-52.11737245748583,2874.57262924476
-52.05068356118706,2867.4257098703897
-51.98399466488829,2860.287685313799
-51.91730576858953,2853.158555574988
-51.85061687229076,2846.0383206539555
-51.78392797599199,2838.9269805507024
-51.71723907969323,2831.824535265228
-51.650550183394465,2824.7309847975334
-51.583861287095694,2817.646329147617
-51.51717239079693,2810.57056831548
-51.450483494498165,2803.5037023011223
-51.383794598199394,2796.4457311045435
-51.31710570190063,2789.396654725744
-51.250416805601866,2782.356473164724
-51.1837279093031,2775.325186421482
-51.11703901300433,2768.3027944960195
-51.050350116705566,2761.2892973883368
-50.9836612204068,2754.284695098433
-50.91697232410803,2747.288987626307
-50.850283427809266,2740.3021749719614
-50.7835945315105,2733.324257135395
-50.71690563521173,2726.355234116607
-50.65021673891297,2719.395105915598
-50.5835278426142,2712.443872532369
-50.51683894631544,2705.5015339669185
-50.45015005001667,2698.568090219247
-50.3834611537179,2691.6435412893543
-50.31677225741914,2684.7278871772414
-50.25008336112037,2677.821127882907
-50.1833944648216,2670.9232634063524
-50.11670556852284,2664.0342937475766
-50.050016672224075,2657.15421890658
-49.983327775925304,2650.2830388833618
-49.91663887962654,2643.4207536779236
-49.849949983327775,2636.567363290264
-49.783261087029004,2629.722867720383
-49.71657219073024,2622.8872669682823
-49.649883294431476,2616.0605610339603
-49.58319439813271,2609.242749917417
-49.51650550183394,2602.4338336186524
-49.449816605535176,2595.633812137668
-49.38312770923641,2588.8426854744625
-49.31643881293764,2582.060453629035
-49.249749916638876,2575.2871166013874
-49.18306102034011,2568.522674391519
-49.11637212404134,2561.7671269994294
-49.04968322774258,2555.020474425119
-48.98299433144381,2548.282716668588
-48.91630543514505,2541.553853729836
-48.84961653884628,2534.8338856088626
-48.78292764254751,2528.1228123056685
-48.71623874624875,2521.420633820254
-48.64954984994998,2514.727350152618
-48.58286095365121,2508.0429613027613
-48.51617205735245,2501.367467270684
-48.449483161053685,2494.7008680563854
-48.382794264754914,2488.0431636598655
-48.31610536845615,2481.3943540811256
-48.249416472157385,2474.7544393201642
-48.182727575858614,2468.123419376982
-48.11603867955985,2461.501294251579
-48.049349783261086,2454.8880639439553
-47.982660886962314,2448.2837284541097
-47.91597199066355,2441.6882877820444
-47.849283094364786,2435.101741927758
-47.78259419806602,2428.524090891251
-47.71590530176725,2421.9553346725215
-47.649216405468486,2415.3954732715724
-47.58252750916972,2408.8445066884024
-47.51583861287095,2402.302434923011
-47.44914971657219,2395.7692579753993
-47.38246082027342,2389.244975845566
-47.31577192397466,2382.7295885335125
-47.24908302767589,2376.223096039237
-47.18239413137712,2369.7254983627417
-47.11570523507836,2363.2367955040254
-47.04901633877959,2356.756987463087
-46.98232744248082,2350.2860742399293
-46.91563854618206,2343.8240558345497
-46.848949649883295,2337.37093224695
-46.782260753584524,2330.9267034771283
-46.71557185728576,2324.4913695250866
-46.648882960986995,2318.064930390824
-46.582194064688224,2311.6473860743395
-46.51550516838946,2305.238736575635
-46.448816272090696,2298.8389818947094
-46.382127375791924,2292.448122031563
-46.31543847949316,2286.066156986195
-46.248749583194396,2279.693086758607
-46.18206068689563,2273.328911348798
-46.11537179059686,2266.9736307567673
-46.048682894298096,2260.6272449825165
-45.98199399799933,2254.2897540260446
-45.91530510170056,2247.9611578873514
-45.8486162054018,2241.6414565664372
-45.78192730910303,2235.330650063303
-45.71523841280427,2229.028738377948
-45.6485495165055,2222.7357215103707
-45.58186062020673,2216.4515994605736
-45.51517172390797,2210.1763722285555
-45.4484828276092,2203.9100398143155
-45.38179393131043,2197.652602217856
-45.31510503501167,2191.404059439175
-45.2484161387129,2185.1644114782725
-45.181727242414134,2178.93365833515
-45.11503834611537,2172.711800009806
-45.048349449816605,2166.498836502242
-44.981660553517834,2160.294767812456
-44.91497165721907,2154.0995939404497
-44.848282760920306,2147.9133148862225
-44.781593864621534,2141.7359306497738
-44.71490496832277,2135.5674412311046
-44.648216072024006,2129.407846630215
-44.58152717572524,2123.2571468471037
-44.51483827942647,2117.1153418817717
-44.448149383127706,2110.982431734219
-44.38146048682894,2104.8584164044455
-44.31477159053017,2098.7432958924505
-44.24808269423141,2092.637070198235
-44.18139379793264,2086.539739321799
-44.11470490163387,2080.451303263141
-44.04801600533511,2074.371762022263
-43.98132710903634,2068.3011155991644
-43.91463821273758,2062.239363993844
-43.84794931643881,2056.186507206303
-43.78126042014004,2050.142545236541
-43.71457152384128,2044.1074780845586
-43.64788262754251,2038.0813057503547
-43.581193731243744,2032.0640282339302
-43.51450483494498,2026.055645535285
-43.447815938646215,2020.0561576544187
-43.381127042347444,2014.0655645913312
-43.31443814604868,2008.083866346023
-43.247749249749916,2002.111062918494
-43.181060353451144,1996.1471543087437
-43.11437145715238,1990.192140516773
-43.047682560853616,1984.2460215425813
-42.98099366455485,1978.3087973861689
-42.91430476825608,1972.3804680475348
-42.847615871957316,1966.4610335266805
-42.78092697565855,1960.5504938236052
-42.71423807935978,1954.6488489383084
-42.64754918306102,1948.7560988707914
-42.58086028676225,1942.8722436210535
-42.51417139046348,1936.9972831890939
-42.44748249416472,1931.1312175749142
-42.38079359786595,1925.2740467785136
-42.31410470156719,1919.425770799892
-42.24741580526842,1913.5863896390488
-42.18072690896965,1907.7559032959857
-42.11403801267089,1901.9343117707012
-42.04734911637212,1896.1216150631956
-41.980660220073354,1890.3178131734694
-41.91397132377459,1884.5229061015225
-41.847282427475825,1878.7368938473544
-41.780593531177054,1872.959776410965
-41.71390463487829,1867.1915537923553
-41.647215738579526,1861.4322259915248
-41.580526842280754,1855.6817930084726
-41.51383794598199,1849.9402548432001
-41.447149049683226,1844.2076114957067
-41.380460153384455,1838.483862965992
-41.31377125708569,1832.7690092540568
-41.247082360786926,1827.063050359901
-41.18039346448816,1821.3659862835239
-41.11370456818939,1815.6778170249254
-41.04701567189063,1809.9985425841064
-40.98032677559186,1804.328162961067
-40.91363787929309,1798.6666781558056
-40.84694898299433,1793.0140881683244
-40.78026008669556,1787.3703929986218
-40.7135711903968,1781.7355926466987
-40.64688229409803,1776.1096871125537
-40.58019339779926,1770.4926763961887
-40.5135045015005,1764.8845604976027
-40.44681560520173,1759.2853394167953
-40.380126708902964,1753.6950131537674
-40.3134378126042,1748.1135817085187
-40.246748916305435,1742.5410450810489
-40.180060020006664,1736.9774032713578
-40.1133711237079,1731.4226562794463
-40.046682227409136,1725.8768041053142
-39.979993331110364,1720.3398467489603
-39.9133044348116,1714.8117842103861
-39.846615538512836,1709.292616489591
-39.779926642214065,1703.7823435865746
-39.7132377459153,1698.2809655013375
-39.646548849616536,1692.78848223388
-39.57985995331777,1687.3048937842013
-39.513171057019,1681.8302001523011
-39.44648216072024,1676.3644013381804
-39.37979326442147,1670.9074973418392
-39.3131043681227,1665.4594881632763
-39.24641547182394,1660.0203738024932
-39.17972657552517,1654.5901542594888
-39.11303767922641,1649.168829534264
-39.04634878292764,1643.7563996268175
-38.97965988662887,1638.3528645371507
-38.91297099033011,1632.9582242652627
-38.84628209403134,1627.5724788111538
-38.779593197732574,1622.1956281748244
-38.71290430143381,1616.8276723562738
-38.64621540513504,1611.4686113555017
-38.579526508836274,1606.1184451725096
-38.51283761253751,1600.7771738072965
-38.446148716238746,1595.4447972598623
-38.379459819939974,1590.121315530207
-38.31277092364121,1584.806728618331
-38.246082027342446,1579.5010365242342
-38.179393131043675,1574.204239247916
-38.11270423474491,1568.9163367893775
-38.046015338446146,1563.637329148618
-37.97932644214738,1558.3672163256376
-37.91263754584861,1553.1059983204357
-37.84594864954985,1547.8536751330134
-37.77925975325108,1542.6102467633702
-37.71257085695231,1537.3757132115056
-37.64588196065355,1532.1500744774207
-37.57919306435478,1526.933330561115
-37.51250416805601,1521.7254814625876
-37.44581527175725,1516.5265271818398
-37.37912637545848,1511.3364677188715
-37.31243747915972,1506.155303073682
-37.24574858286095,1500.9830332462711
-37.179059686562184,1495.81965823664
-37.11237079026342,1490.6651780447878
-37.04568189396465,1485.5195926707142
-36.978992997665884,1480.3829021144202
-36.91230410136712,1475.2551063759054
-36.845615205068356,1470.1362054551694
-36.778926308769584,1465.0261993522124
-36.71223741247082,1459.9250880670347
-36.645548516172056,1454.8328715996363
-36.578859619873285,1449.7495499500162
-36.51217072357452,1444.675123118176
-36.445481827275756,1439.6095911041145
-36.37879293097699,1434.5529539078327
-36.31210403467822,1429.505211529329
-36.24541513837946,1424.466363968605
-36.17872624208069,1419.43641122566
-36.11203734578192,1414.415353300494
-36.04534844948316,1409.4031901931073
-35.978659553184386,1404.3999219034993
-35.91197065688563,1399.4055484316711
-35.84528176058686,1394.4200697776214
-35.778592864288086,1389.4434859413507
-35.71190396798933,1384.4757969228601
-35.64521507169056,1379.5170027221473
-35.57852617539179,1374.5671033392139
-35.51183727909303,1369.6260987740604
-35.44514838279426,1364.6939890266854
-35.3784594864955,1359.77077409709
-35.31177059019673,1354.856453985273
-35.24508169389796,1349.9510286912348
-35.1783927975992,1345.054498214977
-35.11170390130043,1340.166862556497
-35.04501500500166,1335.2881217157965
-34.9783261087029,1330.4182756928758
-34.91163721240413,1325.5573244877332
-34.84494831610536,1320.7052681003697
-34.7782594198066,1315.8621065307866
-34.71157052350783,1311.0278397789812
-34.64488162720906,1306.2024678449552
-34.5781927309103,1301.385990728709
-34.51150383461153,1296.578408430241
-34.444814938312774,1291.7797209495532
-34.378126042014,1286.9899282866434
-34.31143714571523,1282.2090304415126
-34.244748249416475,1277.4370274141622
-34.1780593531177,1272.6739192045895
-34.11137045681893,1267.9197058127963
-34.044681560520175,1263.1743872387829
-33.977992664221404,1258.4379634825477
-33.91130376792263,1253.7104345440916
-33.844614871623875,1248.9918004234157
-33.777925975325104,1244.2820611205177
-33.71123707902633,1239.581216635399
-33.644548182727576,1234.8892669680602
-33.577859286428804,1230.2062121184995
-33.51117039013003,1225.5320520867178
-33.444481493831276,1220.8667868727166
-33.377792597532505,1216.210416476493
-33.31110370123375,1211.5629408980499
-33.244414804934976,1206.9243601373846
-33.177725908636205,1202.2946741944988
-33.11103701233745,1197.6738830693926
-33.04434811603868,1193.0619867620649
-32.977659219739905,1188.458985272516
-32.91097032344115,1183.8648786007475
-32.84428142714238,1179.2796667467567
-32.777592530843606,1174.7033497105454
-32.71090363454485,1170.1359274921138
-32.64421473824608,1165.5774000914607
-32.577525841947306,1161.0277675085863
-32.51083694564855,1156.4870297434923
-32.44414804934978,1151.9551867961763
-32.37745915305101,1147.4322386666395
-32.31077025675225,1142.9181853548826
-32.24408136045348,1138.413026860904
-32.17739246415472,1133.9167631847051
-32.11070356785595,1129.4293943262846
-32.04401467155718,1124.9509202856432
-31.97732577525842,1120.481341062782
-31.91063687895965,1116.0206566576985
-31.84394798266088,1111.5688670703944
-31.777259086362122,1107.1259723008704
-31.71057019006335,1102.6919723491244
-31.64388129376458,1098.2668672151576
-31.577192397465822,1093.8506568989708
-31.51050350116705,1089.443341400562
-31.44381460486828,1085.0449207199326
-31.377125708569523,1080.655394857083
-31.31043681227075,1076.2747638120115
-31.24374791597198,1071.9030275847194
-31.177059019673223,1067.540186175207
-31.11037012337445,1063.186239583473
-31.043681227075695,1058.841187809519
-30.976992330776923,1054.505030853343
-30.910303434478152,1050.1777687149463
-30.843614538179395,1045.8594013943296
-30.776925641880624,1041.549928891491
-30.710236745581852,1037.2493512064314
-30.643547849283095,1032.957668339152
-30.576858952984324,1028.6748802896504
-30.510170056685553,1024.4009870579284
-30.443481160386796,1020.1359886439861
-30.376792264088024,1015.8798850478221
-30.310103367789253,1011.6326762694372
-30.243414471490496,1007.3943623088322
-30.176725575191725,1003.1649431660055
-30.110036678892953,998.9444188409578
-30.043347782594196,994.7327893336902
-29.976658886295425,990.5300546442007
-29.909969989996668,986.3362147724913
-29.843281093697897,982.15126971856
-29.776592197399125,977.9752194824079
-29.70990330110037,973.8080640640356
-29.643214404801597,969.6498034634417
-29.576525508502826,965.5004376806269
-29.50983661220407,961.3599667155919
-29.443147715905297,957.2283905683353
-29.376458819606526,953.1057092388577
-29.30976992330777,948.99192272716
-29.243081027008998,944.8870310332406
-29.176392130710227,940.7910341571003
-29.10970323441147,936.70393209874
-29.043014338112698,932.6257248581578
-28.976325441813927,928.5564124353549
-28.90963654551517,924.4959948303318
-28.8429476492164,920.444472043087
-28.77625875291764,916.4018440736221
-28.70956985661887,912.3681109219355
-28.6428809603201,908.343272588028
-28.576192064021342,904.3273290719003
-28.50950316772257,900.320280373551
-28.4428142714238,896.3221264929807
-28.376125375125042,892.3328674301904
-28.30943647882627,888.3525031851784
-28.2427475825275,884.3810337579454
-28.176058686228743,880.4184591484924
-28.10936978992997,876.4647793568176
-28.0426808936312,872.5199943829219
-27.975991997332443,868.5841042268062
-27.90930310103367,864.6571088884688
-27.842614204734915,860.7390083679111
-27.775925308436143,856.8298026651319
-27.709236412137372,852.9294917801317
-27.642547515838615,849.0380757129113
-27.575858619539844,845.1555544634693
-27.509169723241072,841.2819280318065
-27.442480826942315,837.4171964179235
-27.375791930643544,833.5613596218188
-27.309103034344773,829.7144176434932
-27.242414138046016,825.8763704829474
-27.175725241747244,822.04721814018
-27.109036345448473,818.2269606151917
-27.042347449149716,814.4155979079833
-26.975658552850945,810.6131300185531
-26.908969656552173,806.8195569469021
-26.842280760253416,803.0348786930309
-26.775591863954645,799.259095256938
-26.708902967655888,795.4922066386252
-26.642214071357117,791.7342128380905
-26.575525175058345,787.9851138553349
-26.50883627875959,784.2449096903592
-26.442147382460817,780.5136003431619
-26.375458486162046,776.7911858137436
-26.30876958986329,773.0776661021052
-26.242080693564517,769.3730412082451
-26.175391797265746,765.6773111321642
-26.10870290096699,761.990475873863
-26.042014004668218,758.3125354333401
-25.975325108369447,754.6434898105965
-25.90863621207069,750.9833390056326
-25.841947315771918,747.3320830184472
-25.775258419473147,743.6897218490408
-25.70856952317439,740.0562554974142
-25.64188062687562,736.431683963566
-25.57519173057686,732.8160072474977
-25.50850283427809,729.2092253492076
-25.44181393797932,725.6113382686966
-25.375125041680562,722.0223460059657
-25.30843614538179,718.4422485610128
-25.24174724908302,714.8710459338392
-25.175058352784262,711.3087381244454
-25.10836945648549,707.75532513283
-25.04168056018672,704.2108069589935
-24.974991663887963,700.6751836029372
-24.90830276758919,697.148455064659
-24.84161387129042,693.6306213441599
-24.774924974991663,690.1216824414407
-24.70823607869289,686.6216383564997
-24.64154718239412,683.130489089338
-24.574858286095363,679.6482346399561
-24.508169389796592,676.1748750083525
-24.441480493497835,672.7104101945287
-24.374791597199064,669.2548401984833
-24.308102700900292,665.8081650202171
-24.241413804601535,662.3703846597305
-24.174724908302764,658.9414991170224
-24.108036012003993,655.5215083920934
-24.041347115705236,652.1104124849442
-23.974658219406464,648.7082113955734
-23.907969323107693,645.3149051239816
-23.841280426808936,641.9304936701698
-23.774591530510165,638.5549770341362
-23.707902634211393,635.1883552158818
-23.641213737912636,631.8306282154072
-23.574524841613865,628.4817960327109
-23.507835945315094,625.1418586677937
-23.441147049016337,621.8108161206563
-23.374458152717565,618.4886683912974
-23.30776925641881,615.1754154797183
-23.241080360120037,611.8710573859174
-23.174391463821266,608.5755941098957
-23.10770256752251,605.2890256516539
-23.041013671223737,602.0113520111904
-22.974324774924966,598.7425731885061
-22.90763587862621,595.4826891836015
-22.840946982327438,592.2316999964752
-22.774258086028667,588.9896056271282
-22.70756918972991,585.7564060755608
-22.640880293431138,582.5321013417719
-22.574191397132367,579.3166914257621
-22.50750250083361,576.110176327532
-22.44081360453484,572.9125560470804
-22.374124708236067,569.7238305844079
-22.30743581193731,566.5439999395151
-22.24074691563854,563.3730641124008
-22.174058019339782,560.2110231030663
-22.10736912304101,557.0578769115101
-22.04068022674224,553.9136255377331
-21.973991330443482,550.7782689817358
-21.90730243414471,547.6518072435169
-21.84061353784594,544.5342403230771
-21.773924641547183,541.4255682204172
-21.70723574524841,538.3257909355356
-21.64054684894964,535.2349084684331
-21.573857952650883,532.1529208191105
-21.50716905635211,529.0798279875661
-21.44048016005334,526.015629973801
-21.373791263754583,522.9603267778155
-21.307102367455812,519.9139183996085
-21.240413471157055,516.8764048391813
-21.173724574858284,513.8477860965324
-21.107035678559512,510.8280621716628
-21.040346782260755,507.81723306457275
-20.973657885961984,504.8152987752613
-20.906968989663213,501.82225930372886
-20.840280093364456,498.83811464997615
-20.773591197065684,495.86286481400197
-20.706902300766913,492.8965097958068
-20.640213404468156,489.9390495953914
-20.573524508169385,486.9904842127545
-20.506835611870613,484.05081364789663
-20.440146715571856,481.1200379008185
-20.373457819273085,478.19815697151887
-20.306768922974314,475.28517085999835
-20.240080026675557,472.3810795662575
-20.173391130376785,469.4858830902951
-20.10670223407803,466.5995814321125
-20.040013337779257,463.72217459170827
-19.973324441480486,460.8536625690832
-19.90663554518173,457.9940453642379
-19.839946648882957,455.14332297717095
-19.773257752584186,452.3014954078832
-19.70656885628543,449.46856265637507
-19.639879959986658,446.6445247226455
-19.573191063687887,443.829381606695
-19.50650216738913,441.02313330852417
-19.439813271090358,438.22577982813186
-19.373124374791587,435.43732116551865
-19.30643547849283,432.65775732068516
-19.23974658219406,429.88708829363014
-19.173057685895287,427.1253140843542
-19.10636878959653,424.37243469285795
-19.03967989329776,421.6284501191402
-18.972990996999002,418.8933603632022
-18.90630210070023,416.16716542504264
-18.83961320440146,413.4498653046622
-18.772924308102702,410.74146000206144
-18.70623541180393,408.0419495172391
-18.63954651550516,405.351333850196
-18.572857619206403,402.66961300093254
-18.50616872290763,399.9967869694476
-18.43947982660886,397.33285575574166
-18.372790930310103,394.6778193598155
-18.30610203401133,392.0316777816678
-18.23941313771256,389.3944310212992
-18.172724241413803,386.76607907871033
-18.106035345115032,384.14662195389997
-18.03934644881626,381.5360596468686
-17.972657552517504,378.93439215761697
-17.905968656218732,376.3416194861438
-17.839279759919975,373.7577416324504
-17.772590863621204,371.1827585965355
-17.705901967322433,368.6166703783997
-17.639213071023676,366.0594769780435
-17.572524174724904,363.5111783954659
-17.505835278426133,360.97177463066737
-17.439146382127376,358.44126568364845
-17.372457485828605,355.9196515544082
-17.305768589529833,353.40693224294694
-17.239079693231076,350.9031077492653
-17.172390796932305,348.40817807336225
-17.105701900633534,345.9221432152383
-17.039013004334777,343.44500317489394
-16.972324108036005,340.9767579523282
-16.905635211737234,338.51740754754155
-16.838946315438477,336.0669519605345
-16.772257419139706,333.62539119130605
-16.70556852284095,331.19272523985717
-16.638879626542177,328.76895410618687
-16.572190730243406,326.3540777902957
-16.50550183394465,323.9480962921841
-16.438812937645878,321.5510096118511
-16.372124041347107,319.16281774929723
-16.30543514504835,316.7835207045229
-16.238746248749578,314.41311847752723
-16.172057352450807,312.05161106831065
-16.10536845615205,309.6989984768736
-16.03867955985328,307.3552807032152
-15.971990663554507,305.02045774733585
-15.90530176725575,302.69452960923616
-15.838612870956979,300.37749628891504
-15.771923974658208,298.06935778637296
-15.70523507835945,295.77011410161055
-15.63854618206068,293.4797652346267
-15.571857285761922,291.1983111854224
-15.505168389463151,288.9257519539968
-15.43847949316438,286.6620875403502
-15.371790596865623,284.4073179444832
-15.305101700566851,282.16144316639486
-15.23841280426808,279.92446320608565
-15.171723907969323,277.6963780635559
-15.105035011670552,275.47718773880484
-15.03834611537178,273.26689223183286
-14.971657219073023,271.0654915426404
-14.904968322774252,268.8729856712267
-14.83827942647548,266.68937461759197
-14.771590530176724,264.5146583817368
-14.704901633877952,262.34883696366035
-14.638212737579181,260.1919103633629
-14.571523841280424,258.0438785808451
-14.504834944981653,255.90474161610587
-14.438146048682896,253.77449946914618
-14.371457152384124,251.6531521399652
-14.304768256085353,249.54069962856323
-14.238079359786596,247.43714193494088
-14.171390463487825,245.34247905909714
-14.104701567189053,243.2567110010325
-14.038012670890296,241.17983776074738
-13.971323774591525,239.11185933824095
-13.904634878292754,237.0527757335136
-13.837945981993997,235.00258694656577
-13.771257085695225,232.96129297739662
-13.704568189396454,230.92889382600657
-13.637879293097697,228.905389492396
-13.571190396798926,226.89077997656418
-13.504501500500169,224.8850652785118
-13.437812604201397,222.88824539823815
-13.371123707902626,220.90032033574354
-13.304434811603869,218.92129009102848
-13.237745915305098,216.9511546640921
-13.171057019006327,214.9899140549348
-13.10436812270757,213.037568263557
-13.037679226408798,211.09411728995792
-12.970990330110027,209.1595611341379
-12.90430143381127,207.2338997960974
-12.837612537512499,205.3171332758356
-12.770923641213727,203.40926157335286
-12.70423474491497,201.51028468864965
-12.637545848616199,199.62020262172513
-12.570856952317428,197.7390153725797
-12.50416805601867,195.86672294121374
-12.4374791597199,194.0033253276265
-12.370790263421142,192.14882253181878
-12.304101367122371,190.3032145537897
-12.2374124708236,188.46650139353977
-12.170723574524843,186.63868305106928
-12.104034678226071,184.81975952637754
-12.0373457819273,183.00973081946483
-11.970656885628543,181.20859693033168
-11.903967989329772,179.4163578589772
-11.837279093031,177.6330136054018
-11.770590196732243,175.85856416960593
-11.703901300433472,174.09300955158872
-11.6372124041347,172.33634975135067
-11.570523507835944,170.58858476889202
-11.503834611537172,168.84971460421212
-11.437145715238401,167.11973925731132
-11.370456818939644,165.39865872818996
-11.303767922640873,163.68647301684737
-11.237079026342116,161.98318212328422
-11.170390130043344,160.2887860474998
-11.103701233744573,158.60328478949447
-11.037012337445816,156.9266783492686
-10.970323441147045,155.25896672682148
-10.903634544848273,153.60014992215343
-10.836945648549516,151.95022793526485
-10.770256752250745,150.30920076615502
-10.703567855951974,148.67706841482425
-10.636878959653217,147.05383088127294
-10.570190063354445,145.4394881655004
-10.503501167055674,143.83404026750694
-10.436812270756917,142.2374871872929
-10.370123374458146,140.64982892485764
-10.303434478159375,139.07106548020147
-10.236745581860617,137.50119685332473
-10.170056685561846,135.94022304422674
-10.103367789263089,134.3881440529082
-10.036678892964318,132.8449598793684
-9.969989996665547,131.3106705236077
-9.90330110036679,129.7852759856264
-9.836612204068018,128.26877626542392
-9.769923307769247,126.76117136300053
-9.70323441147049,125.26246127835653
-9.636545515171719,123.77264601149132
-9.569856618872947,122.2917255624052
-9.50316772257419,120.8196999310985
-9.436478826275419,119.35656911757056
-9.369789929976648,117.90233312182174
-9.30310103367789,116.4569919438523
-9.23641213737912,115.02054558366167
-9.169723241080348,113.59299404125012
-9.103034344781591,112.17433731661798
-9.03634544848282,110.76457540976463
-8.969656552184063,109.36370832069068
-8.902967655885291,107.97173604939552
-8.83627875958652,106.58865859587945
-8.769589863287763,105.21447596014278
-8.702900966988992,103.8491881421849
-8.63621207069022,102.49279514200613
-8.569523174391463,101.14529695960672
-8.502834278092692,99.80669359498614
-8.43614538179392,98.47698504814466
-8.369456485495164,97.15617131908255
-8.302767589196392,95.84425240779925
-8.236078692897621,94.54122831429505
-8.169389796598864,93.24709903857023
-8.102700900300093,91.96186458062421
-8.036012004001321,90.6855249404573
-7.969323107702564,89.41808011806975
-7.902634211403793,88.15953011346103
-7.835945315105036,86.90987492663167
-7.769256418806265,85.66911455758114
-7.702567522507493,84.43724900630971
-7.635878626208736,83.21427827281764
-7.569189729909965,82.00020235710438
-7.502500833611194,80.79502125917024
-7.435811937312437,79.59873497901545
-7.369123041013665,78.41134351663949
-7.302434144714894,77.23284687204263
-7.235745248416137,76.06324504522512
-7.169056352117366,74.90253803618646
-7.1023674558185945,73.75072584492688
-7.0356785595198374,72.60780847144665
-6.968989663221066,71.47378591574527
-6.902300766922309,70.34865817782322
-6.835611870623538,69.23242525768003
-6.7689229743247665,68.12508715531595
-6.7022340780260095,67.02664387073119
-6.635545181727238,65.93709540392528
-6.568856285428467,64.85644175489847
-6.50216738912971,63.784682923651
-6.4354784928309385,62.721818910182385
-6.368789596532167,61.66784971449287
-6.30210070023341,60.62277533658267
-6.235411803934639,59.58659577645135
-6.168722907635868,58.55931103409912
-6.1020340113371105,57.5409211095262
-6.035345115038339,56.53142600273216
-5.968656218739568,55.53082571371722
-5.901967322440811,54.53912024248159
-5.83527842614204,53.556309589024835
-5.7685895298432825,52.58239375334739
-5.701900633544511,51.61737273544883
-5.63521173724574,50.66124653532937
-5.568522840946983,49.714015152989205
-5.501833944648212,48.77567858842794
-5.43514504834944,47.84623684164576
-5.368456152050683,46.92568991264288
-5.301767255751912,46.014037801418894
-5.235078359453141,45.11128050797401
-5.168389463154384,44.21741803230841
-5.101700566855612,43.33245037442171
-5.035011670556841,42.456377534314115
-4.968322774258084,41.5891995119858
-4.901633877959313,40.73091630743639
-4.834944981660541,39.88152792066607
-4.768256085361784,39.04103435167504
-4.701567189063013,38.209435600462925
-4.634878292764256,37.38673166703008
-4.568189396465485,36.572922551376145
-4.501500500166713,35.76800825350131
-4.434811603867956,34.97198877340574
-4.368122707569185,34.184864111089105
-4.301433811270414,33.40663426655156
-4.234744914971657,32.63729923979328
-4.168056018672885,31.87685903081392
-4.101367122374114,31.125313639613665
-4.034678226075357,30.382663066192663
-3.967989329776586,29.648907310550598
-3.9013004334778145,28.924046372687627
-3.8346115371790574,28.208080252603907
-3.767922640880286,27.50100895029913
-3.701233744581515,26.80283246577345
-3.634544848282758,26.11355079902701
-3.5678559519839865,25.433163950059516
-3.5011670556852295,24.761671918871265
-3.434478159386458,24.099074705461966
-3.367789263087687,23.445372309831768
-3.30110036678893,22.800564731980796
-3.2344114704901585,22.164651971908786
-3.1677225741913873,21.537634029615873
-3.10103367789263,20.919510905102186
-3.034344781593859,20.310282598367458
-2.9676558852950876,19.70994910941183
-2.9009669889963305,19.118510438235425
-2.8342780926975593,18.535966584837993
-2.767589196398788,17.96231754921965
-2.700900300100031,17.397563331380532
-2.6342114038012596,16.84170393132038
-2.5675225075024883,16.294739349039332
-2.5008336112037313,15.75666958453749
-2.43414471490496,15.22749463781463
-2.367455818606203,14.707214508870976
-2.3007669223074316,14.195829197706306
-2.2340780260086603,13.693338704320734
-2.1673891297099033,13.199743028714362
-2.100700233411132,12.715042170886981
-2.0340113371123607,12.239236130838695
-1.9673224408136036,11.772324908569606
-1.9006335445148324,11.314308504079513
-1.833944648216061,10.865186917368515
-1.767255751917304,10.424960148436707
-1.7005668556185327,9.993628197283902
-1.6338779593197614,9.571191063910192
-1.5671890630210044,9.157648748315667
-1.500500166722233,8.753001250500148
-1.4338112704234618,8.357248570463726
-1.3671223741247047,7.970390708206484
-1.3004334778259334,7.592427663728253
-1.2337445815271764,7.223359437029197
-1.167055685228405,6.8631860281091575
-1.1003667889296338,6.511907436968214
-1.0336778926308767,6.169523663606441
-0.9669889963321054,5.836034708023689
-0.9003001000333342,5.511440570220034
-0.8336112037345771,5.1957412501955424
-0.7669223074358058,4.888936747950078
-0.7002334111370345,4.591027063483711
-0.6335445148382775,4.3020121967965
-0.5668556185395062,4.021892147888325
-0.5001667222407349,3.7506669167592452
-0.4334778259419778,3.4883365034093172
-0.36678892964320653,3.234900907838429
-0.30010003334444946,2.990360130046688
-0.23341113704567817,2.7547141700339908
-0.1667222407469069,2.52796302780039
-0.10003334444814982,2.3101067033459315
-0.033344448149378536,2.1011451966705224
0.03334444814939275,1.9010785077742094
0.10003334444814982,1.7099066366570328
0.1667222407469211,1.527629583318911
0.23341113704569239,1.3542473477598858
0.30010003334444946,1.1897599299799912
0.36678892964322074,1.0341673299791574
0.433477825941992,0.8874695477574199
0.5001667222407491,0.7496665833148073
0.5668556185395204,0.6207584366512611
0.6335445148382917,0.5007451077668112
0.7002334111370487,0.3896265966614809
0.76692230743582,0.28740290333522234
0.8336112037345771,0.19407402778807947
0.9003001000333484,0.10963997002001191
0.9669889963321197,0.03410073003104119
1.0336778926308767,-0.03254369217881958
1.100366788929648,-0.0902932966095995
1.1670556852284193,-0.1391480832612828
1.2337445815271764,-0.1791080521338615
1.3004334778259476,-0.21017320322735333
1.367122374124719,-0.232343536541749
1.433811270423476,-0.24561905207704582
1.5005001667222473,-0.24999974983325002
1.5671890630210186,-0.2454856298103576
1.6338779593197756,-0.23207669200837255
1.700566855618547,-0.20977293642728911
1.7672557519173182,-0.17857436306710905
1.8339446482160753,-0.1384809719278417
1.9006335445148466,-0.08949276300947062
1.9673224408136036,-0.0316097363120158
2.034011337112375,0.0351681081645463
2.100700233411146,0.11084077042020546
2.1673891297099033,0.1954082504549417
2.2340780260086746,0.2888705482687923
2.300766922307446,0.3912276638617387
2.367455818606203,0.5024795972337577
2.434144714904974,0.6226263483848955
2.5008336112037455,0.7516679173151299
2.5675225075025025,0.8896043040244308
2.634211403801274,1.0364355085128558
2.700900300100045,1.1921615307803783
2.767589196398802,1.356782370826961
2.8342780926975735,1.530298028652675
2.9009669889963448,1.7127085042574848
2.967655885295102,1.9040137976413494
3.034344781593873,2.1042139088043506
3.10103367789263,2.313308837746403
3.1677225741914015,2.531298584467594
3.2344114704901727,2.758183148967884
3.30110036678893,2.9939625312472167
3.367789263087701,3.2386367313056983
3.4344781593864724,3.492205749143274
3.5011670556852295,3.75466958475989
3.5678559519840007,4.026028238155657
3.634544848282772,4.306281709330522
3.701233744581529,4.59542999828442
3.7679226408803004,4.893473105017476
3.8346115371790717,5.2004110295296275
3.9013004334778287,5.5162437718208075
3.9679893297766,5.840971331891151
4.034678226075371,6.174593709740591
4.101367122374128,6.517110905369055
4.1680560186729,6.868522918776684
4.234744914971657,7.228829749963335
4.301433811270428,7.598031398929155
4.368122707569199,7.976127865674076
4.434811603867956,8.363119150198006
4.501500500166728,8.759005252501115
4.568189396465499,9.163786172583322
4.634878292764256,9.577461910444537
4.701567189063027,10.000032466084935
4.768256085361799,10.431497839504427
4.834944981660556,10.871858030702924
4.901633877959327,11.321113039680608
4.968322774258098,11.779262866437392
5.035011670556855,12.246307510973168
5.101700566855627,12.72224697328814
5.168389463154398,13.20708125338221
5.235078359453155,13.70081035125527
5.301767255751926,14.203434266907532
5.368456152050683,14.714953000338777
5.4351450483494546,15.23536655154923
5.501833944648226,15.76467492053878
5.568522840946983,16.302878107307308
5.635211737245754,16.84997611185505
5.7019006335445255,17.405968934181885
5.7685895298432825,17.970856574287694
5.835278426142054,18.544639032172725
5.901967322440825,19.12731630783685
5.968656218739582,19.71888840127994
6.0353451150383535,20.319355312502253
6.102034011337125,20.928717041503667
6.168722907635882,21.54697358828404
6.235411803934653,22.17412495284365
6.30210070023341,22.81017113518221
6.3687895965321815,23.455112135300006
6.435478492830953,24.108947953196896
6.50216738912971,24.77167858887274
6.568856285428481,25.443304042327817
6.635545181727252,26.123824313561997
6.7022340780260095,26.813239402575128
6.768922974324781,27.511549309367496
6.835611870623552,28.218754033938957
6.902300766922309,28.93485357628937
6.96898966322108,29.659847936419027
7.035678559519852,30.393737114327777
7.102367455818609,31.136521110015472
7.16905635211738,31.888199923482418
7.235745248416151,32.64877355472846
7.302434144714908,33.41824200375343
7.36912304101368,34.19660527055766
7.435811937312437,34.98386335514083
7.502500833611208,35.78001625750325
7.569189729909979,36.585063977644765
7.635878626208736,37.39900651556521
7.702567522507508,38.22184387126492
7.769256418806279,39.05357604474373
7.835945315105036,39.89420303600146
7.902634211403807,40.74372484503845
7.969323107702579,41.60214147185455
8.036012004001336,42.469452916449555
8.102700900300107,43.34565917882384
8.169389796598878,44.23076025897723
8.236078692897635,45.12475615690951
8.302767589196407,46.02764687262109
8.369456485495178,46.93943240611176
8.436145381793935,47.86011275738133
8.502834278092706,48.78968792643019
8.569523174391463,49.728157913257945
8.636212070690235,50.67552271786501
8.702900966989006,51.63178234025115
8.769589863287763,52.5969367804162
8.836278759586534,53.57098603836053
8.902967655885305,54.55393011408397
8.969656552184063,55.5457690075863
9.036345448482834,56.54650271886793
9.103034344781605,57.55613124792865
9.169723241080362,58.57465459476826
9.236412137379133,59.60207275938717
9.303101033677905,60.638385741785186
9.369789929976662,61.68359354196207
9.436478826275433,62.73769615991827
9.503167722574204,63.800693595653584
9.569856618872961,64.87258584916775
9.636545515171733,65.95337292046123
9.70323441147049,67.04305480953359
9.769923307769261,68.14163151638527
9.836612204068032,69.24910304101606
9.90330110036679,70.36546938342569
9.96998999666556,71.49073054361466
10.036678892964332,72.62488652158274
10.103367789263089,73.76793731732965
10.17005668556186,74.9198829308559
10.236745581860632,76.08072336216127
10.303434478159389,77.25045861124546
10.37012337445816,78.42908867810901
10.436812270756931,79.61661356275165
10.503501167055688,80.81303326517315
10.57019006335446,82.01834778537398
10.636878959653231,83.23255712335391
10.703567855951988,84.45566127911268
10.77025675225076,85.6876602526508
10.836945648549516,86.92855404396775
10.903634544848288,88.17834265306406
10.970323441147059,89.43702607993947
11.037012337445816,90.7046043245937
11.103701233744587,91.98107738702731
11.170390130043359,93.26644526724
11.237079026342116,94.56070796523153
11.303767922640887,95.8638654810024
11.370456818939658,97.1759178145524
11.437145715238415,98.4968649658812
11.503834611537187,99.82670693498936
11.570523507835958,101.16544372187664
11.637212404134715,102.51307532654272
11.703901300433486,103.86960174898819
11.770590196732257,105.23502298921275
11.837279093031015,106.60933904721611
11.903967989329786,107.99254992299886
11.970656885628543,109.38465561656041
12.037345781927314,110.78565612790135
12.104034678226085,112.19555145702141
12.170723574524843,113.61434160392024
12.237412470823614,115.04202656859846
12.304101367122385,116.4786063510558
12.370790263421142,117.92408095129191
12.437479159719913,119.37845036930742
12.504168056018685,120.84171460510204
12.570856952317442,122.31387365867543
12.637545848616213,123.79492753002825
12.704234744914984,125.28487621916015
12.770923641213741,126.78371972607083
12.837612537512513,128.29145805076092
12.90430143381127,129.80809119322979
12.970990330110041,131.33361915347808
13.037679226408812,132.86804193150545
13.10436812270757,134.4113595273116
13.17105701900634,135.96357194089717
13.237745915305112,137.52467917226184
13.304434811603869,139.09468122140527
13.37112370790264,140.67357808832816
13.437812604201412,142.26136977303008
13.504501500500169,143.8580562755108
13.57119039679894,145.46363759577093
13.637879293097711,147.0781137338102
13.704568189396468,148.7014846896282
13.77125708569524,150.3337504632256
13.837945981994011,151.97491105460216
13.904634878292768,153.62496646375743
13.97132377459154,155.28391669069214
14.038012670890296,156.95176173540563
14.104701567189068,158.62850159789855
14.171390463487839,160.31413627817057
14.238079359786596,162.00866577622128
14.304768256085367,163.7120900920515
14.371457152384139,165.42440922566078
14.438146048682896,167.14562317704883
14.504834944981667,168.87573194621632
14.571523841280438,170.6147355331629
14.638212737579195,172.36263393788823
14.704901633877967,174.119427160393
14.771590530176738,175.88511520067686
14.838279426475495,177.65969805873948
14.904968322774266,179.44317573458153
14.971657219073037,181.23554822820267
15.038346115371795,183.03681553960257
15.105035011670566,184.8469776687819
15.171723907969323,186.66603461574
15.238412804268094,188.4939863804775
15.305101700566865,190.33083296299415
15.371790596865623,192.17657436328952
15.438479493164394,194.03121058136435
15.505168389463165,195.89474161721827
15.571857285761922,197.7671674708509
15.638546182060693,199.64848814226303
15.705235078359465,201.53870363145424
15.771923974658222,203.43781393842414
15.838612870956993,205.34581906317356
15.905301767255764,207.26271900570205
15.971990663554521,209.18851376600924
16.038679559853293,211.12320334409594
16.105368456152064,213.06678773996174
16.17205735245082,215.0192669536062
16.238746248749592,216.98064098503016
16.30543514504835,218.95090983423285
16.37212404134712,220.930073501215
16.438812937645892,222.9181319859763
16.50550183394465,224.91508528851625
16.57219073024342,226.92093340883568
16.63887962654219,228.93567634693426
16.70556852284095,230.9593141028115
16.77225741913972,232.9918466764682
16.83894631543849,235.03327406790407
16.90563521173725,237.0835962771186
16.97232410803602,239.1428133041126
17.03901300433479,241.21092514888574
17.105701900633548,243.28793181143755
17.17239079693232,245.37383329176888
17.23907969323109,247.46862958987924
17.305768589529848,249.5723207057684
17.37245748582862,251.68490663943695
17.439146382127376,253.8063873908842
17.505835278426147,255.93676296011103
17.57252417472492,258.0760333471169
17.639213071023676,260.22419855190145
17.705901967322447,262.38125857446556
17.772590863621218,264.54721341480877
17.839279759919975,266.72206307293055
17.905968656218747,268.90580754883194
17.972657552517518,271.09844684251243
18.039346448816275,273.2999809539715
18.106035345115046,275.51040988321023
18.172724241413817,277.729733630228
18.239413137712575,279.95795219502435
18.306102034011346,282.1950655776003
18.372790930310117,284.44107377795535
18.439479826608874,286.69597679608904
18.506168722907645,288.9597746320023
18.572857619206403,291.2324672856941
18.639546515505174,293.5140547571655
18.706235411803945,295.8045370464161
18.772924308102702,298.1039141534452
18.839613204401473,300.4121860782539
18.906302100700245,302.72935282084177
18.972990996999002,305.05541438120815
19.039679893297773,307.3903707593542
19.106368789596544,309.7342219552793
19.1730576858953,312.08696796898295
19.239746582194073,314.4486088004663
19.306435478492844,316.8191444497287
19.3731243747916,319.19857491676964
19.439813271090372,321.58690020159025
19.50650216738913,323.98412030418945
19.5731910636879,326.3902352245682
19.639879959986672,328.8052449627261
19.70656885628543,331.22914951866255
19.7732577525842,333.6619488923786
19.83994664888297,336.10364308387375
19.90663554518173,338.55423209314745
19.9733244414805,341.0137159202008
20.04001333777927,343.48209456503326
20.10670223407803,345.95936802764425
20.1733911303768,348.4455363080349
20.24008002667557,350.9405994062047
20.306768922974328,353.44455732215295
20.3734578192731,355.95741005588087
20.44014671557187,358.4791576073879
20.506835611870628,361.00979997667355
20.5735245081694,363.5493371637387
20.640213404468156,366.0977691685825
20.706902300766927,368.65509599120594
20.7735911970657,371.2213176316084
20.840280093364456,373.79643408978944
20.906968989663227,376.3804453657501
20.973657885961998,378.9733514594899
21.040346782260755,381.57515237100824
21.107035678559527,384.1858481003062
21.173724574858298,386.8054386473833
21.240413471157055,389.43392401223895
21.307102367455826,392.0713041948742
21.373791263754597,394.7175791952885
21.440480160053355,397.3727490134815
21.507169056352126,400.03681364945396
21.573857952650897,402.70977310320563
21.640546848949654,405.39162737473583
21.707235745248425,408.08237646404564
21.773924641547183,410.7820203711341
21.840613537845954,413.49055909600213
21.907302434144725,416.2079926386492
21.973991330443482,418.9343209990749
22.040680226742253,421.6695441772802
22.107369123041025,424.4136621732646
22.174058019339782,427.16667498702753
22.240746915638553,429.92858261857015
22.307435811937324,432.69938506789185
22.37412470823608,435.4790823349921
22.440813604534853,438.267674419872
22.507502500833624,441.0651613225309
22.57419139713238,443.8715430429685
22.640880293431152,446.68681958118566
22.707569189729924,449.510990937182
22.77425808602868,452.34405711095667
22.840946982327452,455.1860181025112
22.90763587862621,458.03687391184417
22.97432477492498,460.89662453895676
23.04101367122375,463.7652699838486
23.10770256752251,466.6428102465188
23.17439146382128,469.52924532696875
23.24108036012005,472.4245752251978
23.30776925641881,475.3287999412054
23.37445815271758,478.24191947499264
23.44114704901635,481.16393382655895
23.507835945315108,484.0948429959037
23.57452484161388,487.0346469830282
23.64121373791265,489.98334578793185
23.707902634211408,492.94093941061396
23.77459153051018,495.9074278510758
23.84128042680895,498.8828111093168
23.907969323107707,501.8670891853361
23.97465821940648,504.86026207913517
24.041347115705236,507.8623297907127
24.108036012004007,510.87329232007005
24.174724908302778,513.8931496672064
24.241413804601535,516.9219018321212
24.308102700900307,519.9595488148159
24.374791597199078,523.0060906152895
24.441480493497835,526.0615272335416
24.508169389796606,529.1258586695735
24.574858286095377,532.1990849233845
24.641547182394135,535.2812059949739
24.708236078692906,538.372221884343
24.774924974991677,541.4721325914913
24.841613871290434,544.580938116418
24.908302767589205,547.6986384591245
24.974991663887977,550.82523361961
25.041680560186734,553.960723597874
25.108369456485505,557.1051083939177
25.175058352784262,560.2583880077398
25.241747249083033,563.4205624393418
25.308436145381805,566.5916316887228
25.375125041680562,569.7715957558822
25.441813937979333,572.9604546408215
25.508502834278104,576.1582083435397
25.57519173057686,579.3648568640365
25.641880626875633,582.580400202313
25.708569523174404,585.8048383583686
25.77525841947316,589.0381713322025
25.841947315771932,592.2803991238163
25.908636212070704,595.5315217332093
25.97532510836946,598.7915391603805
26.042014004668232,602.0604514053316
26.108702900967003,605.3382584680618
26.17539179726576,608.6249603485703
26.24208069356453,611.9205570468587
26.30876958986329,615.2250485629254
26.37545848616206,618.5384348967721
26.44214738246083,621.8607160483976
26.50883627875959,625.1918920178018
26.57552517505836,628.5319628049855
26.64221407135713,631.8809284099485
26.708902967655888,635.2387888326898
26.77559186395466,638.6055440732109
26.84228076025343,641.9811941315112
26.908969656552188,645.3657390075898
26.97565855285096,648.7591787014481
27.04234744914973,652.1615132130858
27.109036345448487,655.5727425425016
27.17572524174726,658.9928666896973
27.242414138046016,662.4218856546714
27.309103034344787,665.8597994374252
27.375791930643558,669.3066080379582
27.442480826942315,672.7623114562697
27.509169723241087,676.2269096923608
27.575858619539858,679.700402746231
27.642547515838615,683.1827906178797
27.709236412137386,686.6740733073082
27.775925308436157,690.1742508145157
27.842614204734915,693.6833231395017
27.909303101033686,697.2012902822676
27.975991997332457,700.7281522428123
28.04268089363123,704.2639090211362
28.109369789929985,707.8085606172385
28.176058686228743,711.36210703112
28.242747582527528,714.924548262782
28.309436478826285,718.4958843122215
28.376125375125042,722.0761151794402
28.442814271423828,725.6652408644394
28.509503167722585,729.2632613672163
28.576192064021342,732.8701766877723
28.642880960320127,736.4859868261088
28.709569856618884,740.1106917822231
28.77625875291764,743.7442915561163
28.842947649216427,747.3867861477901
28.909636545515184,751.0381755572416
28.97632544181394,754.6984597844721
29.043014338112698,758.3676388294816
29.109703234411484,762.045712692272
29.17639213071024,765.7326813728398
29.243081027008998,769.4285448711867
29.309769923307783,773.1333031873141
29.37645881960654,776.8469563212193
29.443147715905297,780.5695042729035
29.509836612204083,784.3009470423683
29.57652550850284,788.0412846296107
29.643214404801597,791.7905170346321
29.709903301100383,795.5486442574343
29.77659219739914,799.315666298014
29.843281093697897,803.0915831563726
29.909969989996682,806.876394832512
29.97665888629544,810.6701013264291
30.043347782594196,814.472702638125
30.110036678892982,818.2841987676018
30.17672557519174,822.104589714856
30.243414471490496,825.9338754798893
30.31010336778928,829.7720560627033
30.37679226408804,833.6191314632948
30.443481160386796,837.4751016816654
30.51017005668558,841.3399667178167
30.576858952984338,845.2137265717455
30.643547849283095,849.0963812434534
30.71023674558188,852.987930732942
30.776925641880638,856.8883750402081
30.843614538179395,860.7977141652532
30.91030343447818,864.7159481080791
30.976992330776937,868.6430768686824
31.043681227075695,872.5791004470648
31.11037012337445,876.5240188432263
31.177059019673237,880.4778320571687
31.243747915971994,884.4405400888884
31.31043681227075,888.4121429383871
31.377125708569537,892.3926406056668
31.443814604868294,896.3820330907238
31.51050350116705,900.3803203935598
31.577192397465836,904.3875025141767
31.643881293764593,908.403579452571
31.71057019006335,912.4285512087444
31.777259086362136,916.4624177826986
31.843947982660893,920.50517917443
31.91063687895965,924.5568353839407
31.977325775258436,928.6173864112322
32.04401467155719,932.686832256301
32.11070356785595,936.7651729191489
32.177392464154735,940.8524083997778
32.24408136045349,944.9485386981839
32.31077025675225,949.0535638143691
32.377459153051035,953.1674837483351
32.44414804934979,957.2902985000786
32.51083694564855,961.4220080696009
32.577525841947335,965.5626124569045
32.64421473824609,969.7121116619851
32.71090363454485,973.8705056848447
32.777592530843634,978.0377945254854
32.84428142714239,982.2139781839034
32.91097032344115,986.3990566601005
32.977659219739934,990.5930299540786
33.04434811603869,994.7958980658336
33.11103701233745,999.0076609953679
33.17772590863623,1003.2283187426833
33.24441480493499,1007.4578713077759
33.31110370123375,1011.6963186906473
33.377792597532505,1015.9436608912981
33.44448149383129,1020.1998979097298
33.51117039013005,1024.4650297459389
33.577859286428804,1028.7390563999265
33.64454818272759,1033.0219778716955
33.71123707902635,1037.3137941612417
33.777925975325104,1041.6145052685672
33.84461487162389,1045.9241111936733
33.91130376792265,1050.2426119365568
33.977992664221404,1054.5700074972192
34.04468156052019,1058.9062978756629
34.111370456818946,1063.2514830718835
34.1780593531177,1067.6055630858834
34.24474824941649,1071.9685379176642
34.311437145715246,1076.3404075672224
34.378126042014,1080.7211720345592
34.44481493831279,1085.1108313196773
34.511503834611545,1089.5093854225727
34.5781927309103,1093.9168343432473
34.64488162720909,1098.3331780817025
34.711570523507845,1102.7584166379352
34.7782594198066,1107.1925500119469
34.84494831610539,1111.6355782037394
34.911637212404145,1116.0875012133095
34.9783261087029,1120.5483190406585
35.04501500500169,1125.0180316857884
35.111703901300444,1129.4966391486955
35.1783927975992,1133.9841414293817
35.24508169389799,1138.4805385278491
35.311770590196744,1142.9858304440934
35.3784594864955,1147.500017178117
35.44514838279429,1152.0230987299215
35.511837279093044,1156.5550750995035
35.5785261753918,1161.095946286864
35.64521507169056,1165.645712292004
35.71190396798934,1170.204373114925
35.7785928642881,1174.771928755623
35.84528176058686,1179.3483792141
35.91197065688564,1183.9337244903586
35.9786595531844,1188.5279645843939
36.04534844948316,1193.1310994962084
36.11203734578194,1197.7431292258038
36.1787262420807,1202.3640537731767
36.24541513837946,1206.9938731383281
36.31210403467824,1211.6325873212613
36.378792930977,1216.280196321971
36.445481827275756,1220.93670014046
36.51217072357454,1225.6020987767301
36.5788596198733,1230.2763922307774
36.645548516172056,1234.9595805026038
36.71223741247084,1239.6516635922112
36.7789263087696,1244.3526414995956
36.845615205068356,1249.0625142247593
36.91230410136714,1253.781281767704
36.9789929976659,1258.5089441284258
37.045681893964655,1263.2455013069266
37.11237079026344,1267.9909533032087
37.1790596865622,1272.7453001172678
37.245748582860955,1277.508541749106
37.31243747915974,1282.2806781987251
37.3791263754585,1287.0617094661218
37.445815271757255,1291.851635551297
37.51250416805604,1296.6504564542538
37.5791930643548,1301.4581721749873
37.645881960653554,1306.2747827135001
37.71257085695231,1311.100288069792
37.7792597532511,1315.934688243865
37.845948649549854,1320.7779832357148
37.91263754584861,1325.630173045344
37.979326442147396,1330.4912576727543
38.04601533844615,1335.3612371179415
38.11270423474491,1340.2401113809078
38.179393131043696,1345.1278804616554
38.24608202734245,1350.02454436018
38.31277092364121,1354.9301030764836
38.379459819939996,1359.8445566105686
38.44614871623875,1364.7679049624305
38.51283761253751,1369.7001481320713
38.579526508836295,1374.6412861194935
38.64621540513505,1379.5913189246926
38.71290430143381,1384.550246547671
38.779593197732595,1389.5180689884303
38.84628209403135,1394.494786246967
38.91297099033011,1399.4803983232823
38.979659886628895,1404.474905217379
39.04634878292765,1409.4783069292528
39.11303767922641,1414.4906034589055
39.179726575525194,1419.5117948063396
39.24641547182395,1424.5418809715507
39.31310436812271,1429.5808619545405
39.379793264421494,1434.628737755312
39.44648216072025,1439.68550837386
39.51317105701901,1444.7511738101875
39.57985995331779,1449.825734064296
39.64654884961655,1454.9091891361818
39.71323774591531,1460.0015390258463
39.77992664221409,1465.1027837332924
39.84661553851285,1470.212923258515
39.91330443481161,1475.3319576015172
39.979993331110364,1480.4598867622983
40.04668222740915,1485.5967107408605
40.11337112370791,1490.7424295371998
40.180060020006664,1495.8970431513178
40.24674891630545,1501.0605515832174
40.31343781260421,1506.232954832894
40.380126708902964,1511.4142529003498
40.44681560520175,1516.6044457855864
40.513504501500506,1521.8035334886004
40.58019339779926,1527.011516009393
40.64688229409805,1532.2283933479673
40.713571190396806,1537.4541655043183
40.78026008669556,1542.6888324784486
40.84694898299435,1547.93239427036
40.913637879293105,1553.1848508800485
40.98032677559186,1558.4462023075157
41.04701567189065,1563.7164485527644
41.113704568189405,1568.99558961579
41.18039346448816,1574.283625496595
41.24708236078695,1579.5805561951809
41.313771257085705,1584.886381711544
41.38046015338446,1590.2011020456857
41.44714904968325,1595.524717197609
41.513837945982004,1600.8572271673092
41.58052684228076,1606.1986319547887
41.64721573857955,1611.5489315600494
41.713904634878304,1616.9081259830868
41.78059353117706,1622.2762152239034
41.84728242747585,1627.6531992825012
41.913971323774604,1633.039078158876
41.98066022007336,1638.4338518530299
42.047349116372146,1643.837520364965
42.1140380126709,1649.250083694677
42.18072690896966,1654.6715418421682
42.24741580526842,1660.1018948074384
42.3141047015672,1665.5411425904902
42.38079359786596,1670.9892851913185
42.44748249416472,1676.4463226099258
42.5141713904635,1681.9122548463147
42.58086028676226,1687.3870819004806
42.64754918306102,1692.8708037724255
42.7142380793598,1698.3634204621515
42.78092697565856,1703.8649319696547
42.847615871957316,1709.3753382949365
42.9143047682561,1714.894639438
42.98099366455486,1720.4228353988403
43.047682560853616,1725.9599261774597
43.1143714571524,1731.5059117738606
43.18106035345116,1737.060792188038
43.247749249749916,1742.6245674199945
43.3144381460487,1748.197237469733
43.38112704234746,1753.7788023372475
43.447815938646215,1759.3692620225415
43.514504834945,1764.9686165256169
43.58119373124376,1770.576865846469
43.647882627542515,1776.1940099851001
43.7145715238413,1781.8200489415126
43.78126042014006,1787.4549827157023
43.847949316438815,1793.0988113076708
43.9146382127376,1798.7515347174206
43.98132710903636,1804.4131529449473
44.048016005335114,1810.083665990253
44.1147049016339,1815.7630738533403
44.18139379793266,1821.4513765342042
44.248082694231414,1827.1485740328474
44.31477159053017,1832.8546663492693
44.381460486828956,1838.569653483473
44.44814938312771,1844.2935354354534
44.51483827942647,1850.026312205213
44.581527175725256,1855.7679837927537
44.64821607202401,1861.5185501980714
44.71490496832277,1867.278011421168
44.781593864621556,1873.0463674620464
44.84828276092031,1878.8236183207011
44.91497165721907,1884.6097639971351
44.981660553517855,1890.4048044913507
45.04834944981661,1896.208739803343
45.11503834611537,1902.021569933114
45.181727242414155,1907.843294880667
45.24841613871291,1913.6739146459963
45.31510503501167,1919.5134292291048
45.381793931310455,1925.361838629995
45.44848282760921,1931.2191428486617
45.51517172390797,1937.0853418851077
45.581860620206754,1942.9604357393353
45.64854951650551,1948.8444244113389
45.71523841280427,1954.7373079011222
45.781927309103054,1960.6390862086866
45.84861620540181,1966.549759334028
45.91530510170057,1972.4693272771483
45.98199399799935,1978.3977900380505
46.04868289429811,1984.3351476167288
46.11537179059687,1990.2814000131868
46.18206068689565,1996.236547227426
46.24874958319441,2002.200589259442
46.31543847949317,2008.173526109237
46.38212737579195,2014.1553577768134
46.44881627209071,2020.1460842621664
46.51550516838947,2026.1457055652986
46.582194064688224,2032.1542216862103
46.64888296098701,2038.1716326249032
46.71557185728577,2044.1979383813728
46.782260753584524,2050.233138955621
46.84894964988331,2056.2772343476518
46.915638546182066,2062.330224557458
46.98232744248082,2068.392109585044
47.04901633877961,2074.462889430412
47.115705235078366,2080.542564093556
47.18239413137712,2086.6311335744786
47.24908302767591,2092.728597873184
47.315771923974665,2098.8349569896654
47.38246082027342,2104.9502109239256
47.44914971657221,2111.0743596759676
47.515838612870965,2117.2074032457863
47.58252750916972,2123.349341633384
47.64921640546851,2129.500174838764
47.715905301767265,2135.6599028619194
47.78259419806602,2141.8285257028547
47.84928309436481,2148.0060433615713
47.915971990663564,2154.1924558380647
47.98266088696232,2160.3877631323367
48.04934978326111,2166.591965244391
48.116038679559864,2172.8050621742213
48.18272757585862,2179.027053921831
48.24941647215741,2185.257940487222
48.316105368456164,2191.49772187039
48.38279426475492,2197.746398071337
48.449483161053706,2204.0039690900658
48.51617205735246,2210.2704349265705
48.58286095365122,2216.5457955808547
48.649549849950006,2222.8300510529207
48.71623874624876,2229.123201342763
48.78292764254752,2235.4252464503843
48.84961653884628,2241.7361863757847
48.91630543514506,2248.0560211189672
48.98299433144382,2254.384750679926
49.04968322774258,2260.722375058664
49.11637212404136,2267.0688942551833
49.18306102034012,2273.4243082694793
49.249749916638876,2279.7886171015543
49.31643881293766,2286.161820751411
49.38312770923642,2292.5439192190443
49.449816605535176,2298.934912504457
49.51650550183396,2305.3348006076512
49.58319439813272,2311.7435835286215
49.649883294431476,2318.161261267371
49.71657219073026,2324.5878338239027
49.78326108702902,2331.023301198211
49.849949983327775,2337.4676633902977
49.91663887962656,2343.9209204001663
49.98332777592532,2350.383072227811
50.050016672224075,2356.8541188732356
50.11670556852286,2363.3340603364413
50.18339446482162,2369.822896617424
50.250083361120375,2376.3206277161858
50.31677225741916,2382.827253632729
50.38346115371792,2389.342774367049
50.450150050016674,2395.867189919147
50.51683894631546,2402.400500289028
50.58352784261422,2408.942705476685
50.650216738912974,2415.4938054821214
50.71690563521176,2422.053800305339
50.783594531510516,2428.622689946333
50.85028342780927,2435.200474405107
50.91697232410803,2441.787153681659
50.983661220406816,2448.3827277759933
51.05035011670557,2454.987196688104
51.11703901300433,2461.6005604179936
51.183727909303116,2468.2228189656653
51.25041680560187,2474.8539723311133
51.31710570190063,2481.4940205143403
51.383794598199415,2488.1429635153495
51.45048349449817,2494.8008013341346
51.51717239079693,2501.4675339706982
51.583861287095715,2508.143161425045
51.65055018339447,2514.8276836971672
51.71723907969323,2521.521100787069
51.783927975992015,2528.2234126947524
51.85061687229077,2534.934619420212
51.91730576858953,2541.654720963451
51.983994664888314,2548.383717324472
52.05068356118707,2555.121608503269
52.11737245748583,2561.8683944998447
52.184061353784614,2568.6240753142033
52.25075025008337,2575.3886509463377
52.31743914638213,2582.1621213962508
52.38412804268091,2588.944486663946
52.45081693897967,2595.735746749418
52.51750583527843,2602.5359016526686
52.58419473157721,2609.344951373701
52.65088362787597,2616.16289591251
52.71757252417473,2622.989735269098
52.78426142047351,2629.825469443468
52.85095031677227,2636.670098435614
52.91763921307103,2643.523622245539
52.98432810936981,2650.3860408732467
53.05101700566857,2657.2573543187304
53.11770590196733,2664.1375625819924
53.184394798266084,2671.0266656630342
53.25108369456487,2677.924663561858
53.317772590863626,2684.831556278458
53.38446148716238,2691.7473438128363
53.45115038346117,2698.6720261649975
53.517839279759926,2705.6056033349346
53.58452817605868,2712.548075322651
53.65121707235747,2719.499442128149
53.717905968656225,2726.4597037514236
53.78459486495498,2733.428860192477
53.85128376125377,2740.4069114513127
53.917972657552525,2747.393857527924
53.98466155385128,2754.3896984223147
54.05135045015007,2761.3944341344877
54.118039346448825,2768.408064664437
54.18472824274758,2775.4305900121644
54.25141713904637,2782.462010177675
54.318106035345124,2789.502325160961
54.38479493164388,2796.5515349620264
54.45148382794267,2803.6096395808736
54.518172724241424,2810.676639017497
54.58486162054018,2817.7525332719
54.65155051683897,2824.837322344085
54.718239413137724,2831.931006234045
54.78492830943648,2839.033584941785
54.851617205735266,2846.1450584673075
54.91830610203402,2853.2654268106057
54.98499499833278,2860.3946899716825
55.051683894631566,2867.532847950542
55.11837279093032,2874.6799007471773
55.18506168722908,2881.8358483615916
55.251750583527866,2889.000690793788
55.31843947982662,2896.1744280437606
55.38512837612538,2903.3570601115125
55.45181727242414,2910.5485869970435
55.51850616872292,2917.749008700356
55.58519506502168,2924.958325221445
55.651883961320436,2932.1765365603137
55.71857285761922,2939.403642716964
55.78526175391798,2946.6396436913897
55.851950650216736,2953.8845394835953
55.91863954651552,2961.138330093583
55.98532844281428,2968.401015521347
56.052017339113036,2975.6725957668896
56.11870623541182,2982.953070830214
56.18539513171058,2990.242440711315
56.252084028009335,2997.540705410195
56.31877292430812,3004.847864926857
56.38546182060688,3012.163919261295
56.452150716905635,3019.4888684135126
56.51883961320442,3026.822712383512
56.58552850950318,3034.1654511712873
56.652217405801935,3041.517084776842
56.71890630210072,3048.8776132001785
56.78559519839948,3056.2470364412916
56.852284094698234,3063.6253545001828
56.91897299099702,3071.012567376857
56.98566188729578,3078.4086750713072
57.052350783594534,3085.8136775835364
57.11903967989332,3093.2275749135474
57.185728576192076,3100.6503670613347
57.25241747249083,3108.082054026901
57.31910636878962,3115.52263581025
57.385795265088376,3122.972112411374
57.45248416138713,3130.430483830278
57.51917305768589,3137.8977500669607
57.585861953984676,3145.373911121426
57.65255085028343,3152.8589669936664
57.71923974658219,3160.3529176836864
57.785928642880975,3167.855763191489
57.85261753917973,3175.3675035170672
57.91930643547849,3182.888138660425
57.985995331777275,3190.417668621564
58.05268422807603,3197.9560934004794
58.11937312437479,3205.503412997174
58.186062020673575,3213.059627411651
58.25275091697233,3220.624736643904
58.31943981327109,3228.1987406939356
58.386128709569874,3235.78163956175
58.45281760586863,3243.3734332473396
58.51950650216739,3250.974121750709
58.586195398466174,3258.5837050718605
58.65288429476493,3266.202183210788
58.71957319106369,3273.8295561674945
58.78626208736247,3281.465823941983
58.85295098366123,3289.110986534248
58.91963987995999,3296.7650439442914
58.98632877625877,3304.427996172117
59.05301767255753,3312.0998432177194
59.11970656885629,3319.7805850811005
59.18639546515507,3327.470221762264
59.25308436145383,3335.168753261203
59.31977325775259,3342.876179577921
59.38646215405137,3350.592500712422
59.45315105035013,3358.3177166646983
59.51983994664889,3366.051827434754
59.58652884294767,3373.794833022592
59.65321773924643,3381.5467334282057
59.719906635545186,3389.3075286515987
59.78659553184394,3397.0772186927707
59.85328442814273,3404.8558035517244
59.919973324441486,3412.643283228455
59.98666222074024,3420.439657722964
60.05335111703903,3428.2449270352554
60.120040013337785,3436.059091165323
60.18672890963654,3443.8821501131692
60.25341780593533,3451.7141038787986
60.320106702234085,3459.5549524622033
60.38679559853284,3467.4046958633867
60.45348449483163,3475.263334082353
60.520173391130385,3483.130867119095
60.58686228742914,3491.0072949736164
60.65355118372793,3498.8926176459195
60.720240080026684,3506.786835135999
60.78692897632544,3514.6899474438574
60.85361787262423,3522.601954569498
60.920306768922984,3530.5228565129146
60.98699566522174,3538.45265327411
61.05368456152053,3546.3913448530884
61.120373457819284,3554.3389312498425
61.18706235411804,3562.2954124643747
61.253751250416826,3570.2607884966906
61.32044014671558,3578.235059346782
61.38712904301434,3586.218225014652
61.453817939313126,3594.210285500304
61.52050683561188,3602.211240803733
61.58719573191064,3610.22109092494
61.653884628209426,3618.2398358639302
61.72057352450818,3626.2674756206957
61.78726242080694,3634.3040101952406
61.853951317105725,3642.349439587568
61.92064021340448,3650.403763797671
61.98732910970324,3658.466982825553
62.054018006001996,3666.539096671214
62.12070690230078,3674.6201053346576
62.18739579859954,3682.7100088158772
62.254084694898296,3690.808807114875
62.32077359119708,3698.9165002316563
62.38746248749584,3707.033088166213
62.454151383794596,3715.158570918549
62.52084028009338,3723.2929484886668
62.58752917639214,3731.4362208765606
62.654218072690895,3739.588388082234
62.72090696898968,3747.7494501056894
62.78759586528844,3755.9194069469204
62.854284761587195,3764.0982586059304
62.92097365788598,3772.2860050827235
62.98766255418474,3780.482646377292
63.054351450483495,3788.688182489639
63.12104034678228,3796.9026134197698
63.18772924308104,3805.1259391676754
63.254418139379794,3813.3581597333605
63.32110703567858,3821.5992751168274
63.38779593197734,3829.8492853180705
63.454484828276094,3838.1081903370928
63.52117372457488,3846.3759901738977
63.587862620873636,3854.6526848284775
63.65455151717239,3862.938274300837
63.72124041347118,3871.2327585909793
63.787929309769936,3879.5361376988967
63.85461820606869,3887.848411624593
63.92130710236748,3896.1695803680727
63.987995998666236,3904.4996439293277
64.05468489496499,3912.8386023083613
64.12137379126375,3921.1864555051743
64.18806268756254,3929.5432035197705
64.25475158386129,3937.9088463521416
64.32144048016005,3946.2833840022918
64.38812937645883,3954.666816470224
64.45481827275759,3963.0591437559333
64.52150716905635,3971.4603658594206
64.58819606535513,3979.8704827806914
64.65488496165389,3988.2894945197363
64.72157385795265,3996.7174010765616
64.78826275425143,4005.1542024511696
64.85495165055019,4013.599898643553
64.92164054684895,4022.054489653714
64.98832944314773,4030.517975481659
65.05501833944649,4038.9903561273795
65.12170723574525,4047.471631590879
65.18839613204403,4055.9618018721617
65.25508502834279,4064.4608669712193
65.32177392464155,4072.968826888056
65.38846282094033,4081.485681622675
65.45515171723909,4090.0114311750704
65.52184061353785,4098.546075545244
65.58852950983663,4107.089614733201
65.65521840613539,4115.642048738933
65.72190730243415,4124.203377562445
65.78859619873293,4132.7736012037385
65.85528509503169,4141.352719662807
65.92197399133045,4149.940732939656
65.98866288762923,4158.537641034288
66.05535178392799,4167.143443946695
66.12204068022675,4175.758141676881
66.18872957652553,4184.381734224849
66.25541847282429,4193.0142215905935
66.32210736912305,4201.655603774117
66.3887962654218,4210.305880775419
66.45548516172059,4218.9650525945035
66.52217405801935,4227.633119231364
66.5888629543181,4236.310080686003
66.65555185061689,4244.995936958426
66.72224074691565,4253.690688048624
66.7889296432144,4262.3943339566
66.85561853951319,4271.10687468236
66.92230743581194,4279.828310225896
66.9889963321107,4288.558640587208
67.05568522840949,4297.297865766305
67.12237412470824,4306.045985763178
67.189063021007,4314.803000577829
67.25575191730579,4323.568910210264
67.32244081360454,4332.343714660474
67.3891297099033,4341.127413928462
67.45581860620209,4349.920008014233
67.52250750250084,4358.721496917779
67.5891963987996,4367.531880639106
67.65588529509839,4376.351159178214
67.72257419139714,4385.179332535099
67.7892630876959,4394.016400709762
67.85595198399469,4402.862363702208
67.92264088029344,4411.71722151243
67.9893297765922,4420.580974140431
68.05601867289099,4429.453621586214
68.12270756918974,4438.335163849772
68.1893964654885,4447.2256009311095
68.25608536178729,4456.124932830231
68.32277425808604,4465.033159547127
68.3894631543848,4473.950281081802
68.45615205068358,4482.87629743426
68.52284094698234,4491.811208604493
68.5895298432811,4500.755014592505
68.65621873957986,4509.707715398296
68.72290763587864,4518.669311021871
68.7895965321774,4527.6398014632205
68.85628542847616,4536.61918672235
68.92297432477494,4545.607466799262
68.9896632210737,4554.604641693948
69.05635211737246,4563.610711406414
69.12304101367124,4572.625675936662
69.18972990997,4581.649535284687
69.25641880626875,4590.68228945049
69.32310770256754,4599.723938434076
69.3897965988663,4608.774482235438
69.45648549516505,4617.8339208545785
69.52317439146384,4626.902254291503
69.5898632877626,4635.979482546201
69.65655218406135,4645.065605618678
69.72324108036014,4654.160623508939
69.7899299766589,4663.264536216975
69.85661887295765,4672.377343742791
69.92330776925644,4681.499046086389
69.9899966655552,4690.629643247762
70.05668556185395,4699.769135226915
70.12337445815274,4708.91752202385
70.1900633544515,4718.07480363856
70.25675225075025,4727.240980071049
70.32344114704904,4736.416051321323
70.3901300433478,4745.600017389371
70.45681893964655,4754.792878275198
70.52350783594534,4763.9946339788075
70.5901967322441,4773.205284500193
70.65688562854285,4782.424829839358
70.72357452484164,4791.653269996304
70.7902634211404,4800.890604971027
70.85695231743915,4810.136834763528
70.92364121373791,4819.391959373808
70.9903301100367,4828.655978801872
71.05701900633545,4837.928893047711
71.12370790263421,4847.21070211133
71.190396798933,4856.501405992731
71.25708569523175,4865.801004691906
71.32377459153051,4875.109498208861
71.3904634878293,4884.4268865436
71.45715238412805,4893.753169696113
71.52384128042681,4903.088347666406
71.5905301767256,4912.432420454481
71.65721907302435,4921.785388060332
71.72390796932311,4931.147250483962
71.7905968656219,4940.5180077253735
71.85728576192065,4949.897659784562
71.92397465821941,4959.286206661529
71.99066355451819,4968.683648356279
72.05735245081695,4978.089984868805
72.1240413471157,4987.505216199109
72.19073024341449,4996.929342347196
72.25741913971325,5006.362363313059
72.324108036012,5015.8042790967
72.39079693231079,5025.255089698125
72.45748582860955,5034.714795117325
72.5241747249083,5044.183395354304
72.59086362120709,5053.660890409066
72.65755251750585,5063.147280281603
72.7242414138046,5072.6425649719195
72.79093031010339,5082.146744480019
72.85761920640215,5091.659818805892
72.9243081027009,5101.181787949546
72.99099699899966,5110.712651910979
73.05768589529845,5120.252410690195
73.1243747915972,5129.801064287185
73.19106368789596,5139.358612701955
73.25775258419475,5148.925055934508
73.3244414804935,5158.500393984837
73.39113037679226,5168.084626852944
73.45781927309105,5177.677754538833
73.5245081693898,5187.279777042499
73.59119706568856,5196.890694363943
73.65788596198735,5206.51050650317
73.7245748582861,5216.139213460174
73.79126375458486,5225.776815234955
73.85795265088365,5235.42331182752
73.9246415471824,5245.078703237859
73.99133044348116,5254.742989465978
74.05801933977995,5264.41617051188
74.1247082360787,5274.098246375558
74.19139713237746,5283.789217057014
74.25808602867625,5293.489082556253
74.324774924975,5303.197842873268
74.39146382127376,5312.915498008062
74.45815271757255,5322.642047960638
74.5248416138713,5332.37749273099
74.59153051017006,5342.121832319121
74.65821940646885,5351.875066725035
74.7249083027676,5361.637195948724
74.79159719906636,5371.408219990192
74.85828609536514,5381.188138849443
74.9249749916639,5390.97695252647
74.99166388796266,5400.774661021274
75.05835278426144,5410.581264333863
75.1250416805602,5420.396762464226
75.19173057685896,5430.22115541237
75.25841947315772,5440.054443178291
75.3251083694565,5449.896625761997
75.39179726575526,5459.747703163476
75.45848616205402,5469.607675382736
75.5251750583528,5479.476542419777
75.59186395465156,5489.354304274594
75.65855285095031,5499.240960947191
75.7252417472491,5509.136512437571
75.79193064354786,5519.040958745725
75.85861953984661,5528.954299871659
75.9253084361454,5538.876535815376
75.99199733244416,5548.807666576868
76.05868622874291,5558.747692156138
76.1253751250417,5568.696612553193
76.19206402134046,5578.654427768021
76.25875291763921,5588.621137800629
76.325441813938,5598.5967426510215
76.39213071023676,5608.581242319187
76.45881960653551,5618.574636805133
76.5255085028343,5628.576926108862
76.59219739913306,5638.588110230365
76.65888629543181,5648.608189169648
76.7255751917306,5658.637162926714
76.79226408802936,5668.675031501555
76.85895298432811,5678.721794894175
76.9256418806269,5688.777453104579
76.99233077692566,5698.842006132757
77.05901967322441,5708.915453978714
77.1257085695232,5718.997796642454
77.19239746582195,5729.089034123969
77.25908636212071,5739.189166423264
77.3257752584195,5749.298193540342
77.39246415471825,5759.4161154751955
77.45915305101701,5769.542932227827
77.52584194731577,5779.678643798238
77.59253084361455,5789.823250186432
77.65921973991331,5799.976751392402
77.72590863621207,5810.139147416149
77.79259753251085,5820.310438257681
77.85928642880961,5830.490623916988
77.92597532510837,5840.679704394073
77.99266422140715,5850.877679688942
78.05935311770591,5861.084549801586
78.12604201400467,5871.300314732009
78.19273091030345,5881.524974480215
78.25941980660221,5891.758529046196
78.32610870290097,5902.0009784299555
78.39279759919975,5912.252322631499
78.45948649549851,5922.512561650818
78.52617539179727,5932.7816954879145
78.59286428809605,5943.059724142796
78.65955318439481,5953.346647615452
78.72624208069357,5963.642465905887
78.79293097699235,5973.947179014103
78.85961987329111,5984.260786940096
78.92630876958987,5994.583289683868
78.99299766588865,6004.914687245424
79.05968656218741,6015.254979624754
79.12637545848617,6025.604166821863
79.19306435478495,6035.962248836757
79.25975325108371,6046.329225669424
79.32644214738247,6056.705097319869
79.39313104368125,6067.089863788099
79.45981993998001,6077.483525074104
79.52650883627877,6087.886081177888
79.59319773257752,6098.297532099451
79.65988662887631,6108.717877838798
79.72657552517506,6119.147118395918
79.79326442147382,6129.585253770819
79.85995331777261,6140.032283963502
79.92664221407136,6150.48820897396
79.99333111037012,6160.953028802198
80.0600200066689,6171.426743448219
80.12670890296766,6181.909352912015
80.19339779926642,6192.400857193589
80.2600866955652,6202.901256292947
80.32677559186396,6213.410550210081
80.39346448816272,6223.928738944992
80.4601533844615,6234.455822497687
80.52684228076026,6244.991800868158
80.59353117705902,6255.536674056407
80.6602200733578,6266.09044206244
80.72690896965656,6276.653104886248
80.79359786595532,6287.224662527834
80.8602867622541,6297.805114987204
80.92697565855286,6308.3944622643485
80.99366455485162,6318.9927043592725
81.0603534511504,6329.59984127198
81.12704234744916,6340.215873002462
81.19373124374792,6350.840799550723
81.2604201400467,6361.474620916768
81.32710903634546,6372.117337100588
81.39379793264422,6382.768948102186
81.460486828943,6393.429453921567
81.52717572524176,6404.098854558724
81.59386462154052,6414.77715001366
81.6605535178393,6425.464340286379
81.72724241413806,6436.160425376873
81.79393131043682,6446.865405285146
81.86062020673558,6457.5792800111985
81.92730910303436,6468.3020495550345
81.99399799933312,6479.033713916643
82.06068689563187,6489.774273096033
82.12737579193066,6500.523727093206
82.19406468822942,6511.282075908153
82.26075358452817,6522.049319540881
82.32744248082696,6532.825457991391
82.39413137712572,6543.610491259676
82.46082027342447,6554.404419345739
82.52750916972326,6565.207242249587
82.59419806602202,6576.0189599712085
82.66088696232077,6586.83957251061
82.72757585861956,6597.669079867795
82.79426475491832,6608.507482042754
82.86095365121707,6619.354779035493
82.92764254751586,6630.210970846016
82.99433144381462,6641.076057474312
83.06102034011337,6651.950038920388
83.12770923641216,6662.832915184246
83.19439813271092,6673.72468626588
83.26108702900967,6684.625352165293
83.32777592530846,6695.534912882491
83.39446482160722,6706.453368417462
83.46115371790597,6717.380718770212
83.52784261420476,6728.316963940746
83.59453151050351,6739.262103929054
83.66122040680227,6750.216138735142
83.72790930310106,6761.179068359013
83.79459819939981,6772.150892800659
83.86128709569857,6783.131612060084
83.92797599199736,6794.121226137293
83.99466488829611,6805.119735032276
84.06135378459487,6816.127138745038
84.12804268089363,6827.143437275579
84.19473157719241,6838.1686306239035
84.26142047349117,6849.202718790003
84.32810936978993,6860.245701773882
84.39479826608871,6871.297579575545
84.46148716238747,6882.358352194981
84.52817605868623,6893.428019632197
84.59486495498501,6904.506581887197
84.66155385128377,6915.594038959971
84.72824274758253,6926.690390850523
84.79493164388131,6937.79563755886
84.86162054018007,6948.909779084972
84.92830943647883,6960.032815428862
84.99499833277761,6971.164746590536
85.06168722907637,6982.305572569985
85.12837612537513,6993.455293367213
85.19506502167391,7004.613908982224
85.26175391797267,7015.78141941501
85.32844281427143,7026.957824665575
85.39513171057021,7038.143124733923
85.46182060686897,7049.337319620046
85.52850950316773,7060.540409323949
85.59519839946651,7071.752393845635
85.66188729576527,7082.973273185095
85.72857619206403,7094.203047342335
85.79526508836281,7105.4417163173575
85.86195398466157,7116.689280110156
85.92864288096033,7127.945738720732
85.99533177725911,7139.211092149093
86.06202067355787,7150.485340395228
86.12870956985662,7161.768483459143
86.19539846615538,7173.060521340835
86.26208736245417,7184.361454040312
86.32877625875292,7195.671281557564
86.39546515505168,7206.990003892594
86.46215405135047,7218.3176210454085
86.52884294764922,7229.654133015997
86.59553184394798,7240.999539804365
86.66222074024677,7252.353841410517
86.72890963654552,7263.717037834443
86.79559853284428,7275.089129076147
86.86228742914307,7286.470115135636
86.92897632544182,7297.8599960128995
86.99566522174058,7309.258771707941
87.06235411803937,7320.666442220768
87.12904301433812,7332.083007551369
87.19573191063688,7343.5084676997485
87.26242080693567,7354.942822665912
87.32910970323442,7366.38607244985
87.39579859953318,7377.838217051566
87.46248749583197,7389.299256471067
87.52917639213072,7400.769190708342
87.59586528842948,7412.248019763396
87.66255418472826,7423.7357436362345
87.72924308102702,7435.232362326847
87.79593197732578,7446.737875835238
87.86262087362456,7458.252284161414
87.92930976992332,7469.775587305363
87.99599866622208,7481.307785267091
88.06268756252086,7492.848878046604
88.12937645881962,7504.398865643891
88.19606535511838,7515.957748058957
88.26275425141716,7527.525525291808
88.32944314771592,7539.102197342431
88.39613204401468,7550.687764210835
88.46282094031343,7562.282225897017
88.52950983661222,7573.885582400983
88.59619873291098,7585.497833722724
88.66288762920973,7597.118979862244
88.72957652550852,7608.749020819547
88.79626542180728,7620.387956594625
88.86295431810603,7632.035787187482
88.92964321440482,7643.692512598123
88.99633211070358,7655.358132826537
89.06302100700233,7667.032647872732
89.12970990330112,7678.71605773671
89.19639879959988,7690.408362418462
89.26308769589863,7702.109561917994
89.32977659219742,7713.81965623531
89.39646548849618,7725.5386453703995
89.46315438479493,7737.2665293232685
89.52984328109372,7749.00330809392
89.59653217739248,7760.748981682347
89.66322107369123,7772.503550088553
89.72990996999002,7784.267013312544
89.79659886628878,7796.039371354308
89.86328776258753,7807.820624213851
89.92997665888632,7819.610771891179
89.99666555518507,7831.409814386281
90.06335445148383,7843.217751699161
90.13004334778262,7855.034583829825
90.19673224408137,7866.860310778265
90.26342114038013,7878.694932544482
90.33011003667892,7890.538449128485
90.39679893297767,7902.39086053026
90.46348782927643,7914.252166749816
90.53017672557522,7926.122367787155
90.59686562187397,7938.001463642268
90.66355451817273,7949.889454315161
90.73024341447149,7961.786339805832
90.79693231077027,7973.692120114288
90.86362120706903,7985.606795240518
90.93031010336779,7997.530365184527
90.99699899966657,8009.462829946319
91.06368789596533,8021.404189525886
91.13037679226409,8033.354443923232
91.19706568856287,8045.313593138362
91.26375458486163,8057.281637171267
91.33044348116039,8069.25857602195
91.39713237745917,8081.244409690418
91.46382127375793,8093.239138176659
91.53051017005669,8105.24276148068
91.59719906635547,8117.255279602487
91.66388796265423,8129.276692542066
91.73057685895299,8141.307000299422
91.79726575525177,8153.346202874564
91.86395465155053,8165.39430026748
91.93064354784929,8177.451292478175
91.99733244414807,8189.517179506655
92.06402134044683,8201.591961352908
92.13071023674559,8213.67563801694
92.19739913304437,8225.768209498758
92.26408802934313,8237.869675798349
92.33077692564189,8249.980036915718
92.39746582194067,8262.099292850873
92.46415471823943,8274.2274436038
92.53084361453818,8286.364489174508
92.59753251083697,8298.510429562999
92.66422140713573,8310.665264769264
92.73091030343448,8322.828994793308
92.79759919973324,8335.001619635132
92.86428809603203,8347.18313929474
92.93097699233078,8359.373553772122
92.99766588862954,8371.572863067282
93.06435478492833,8383.781067180225
93.13104368122708,8395.998166110945
93.19773257752584,8408.224159859443
93.26442147382463,8420.459048425726
93.33111037012338,8432.702831809782
93.39779926642214,8444.955510011618
93.46448816272093,8457.217083031237
93.53117705901968,8469.487550868631
93.59786595531844,8481.766913523803
93.66455485161723,8494.05517099676
93.73124374791598,8506.352323287492
93.79793264421474,8518.658370396
93.86462154051353,8530.973312322296
93.93131043681228,8543.297149066364
93.99799933311104,8555.62988062821
94.06468822940982,8567.971507007842
94.13137712570858,8580.322028205246
94.19806602200734,8592.68144422043
94.26475491830612,8605.0497550534
94.33144381460488,8617.426960704142
94.39813271090364,8629.813061172665
94.46482160720242,8642.20805645897
94.53151050350118,8654.61194656305
94.59819939979994,8667.02473148491
94.66488829609872,8679.446411224553
94.73157719239748,8691.87698578197
94.79826608869624,8704.316455157166
94.86495498499502,8716.764819350148
94.93164388129378,8729.222078360903
94.99833277759254,8741.688232189435
95.0650216738913,8754.163280835748
95.13171057019008,8766.647224299846
95.19839946648884,8779.140062581715
95.2650883627876,8791.641795681364
95.33177725908638,8804.1524235988
95.39846615538514,8816.671946334007
95.4651550516839,8829.200363886996
95.53184394798268,8841.737676257766
95.59853284428144,8854.283883446313
95.6652217405802,8866.838985452636
95.73191063687898,8879.402982276746
95.79859953317774,8891.975873918629
95.8652884294765,8904.55766037829
95.93197732577528,8917.148341655737
95.99866622207404,8929.747917750958
96.06535511837279,8942.356388663957
96.13204401467158,8954.97375439474
96.19873291097034,8967.600014943295
96.26542180726909,8980.235170309632
96.33211070356788,8992.879220493753
96.39879959986663,9005.532165495648
96.46548849616539,9018.194005315321
96.53217739246418,9030.86473995278
96.59886628876293,9043.544369408011
96.66555518506169,9056.232893681023
96.73224408136048,9068.930312771818
96.79893297765923,9081.636626680387
96.86562187395799,9094.351835406735
96.93231077025678,9107.075938950868
96.99899966655553,9119.808937312775
97.06568856285429,9132.55083049246
97.13237745915308,9145.30161848993
97.19906635545183,9158.061301305173
97.26575525175059,9170.829878938197
97.33244414804935,9183.607351388997
97.39913304434813,9196.393718657584
97.46582194064689,9209.188980743944
97.53251083694565,9221.993137648082
97.59919973324443,9234.806189370007
97.66588862954319,9247.628135909705
97.73257752584195,9260.45897726718
97.79926642214073,9273.298713442442
97.86595531843949,9286.147344435476
97.93264421473825,9299.00487024629
97.99933311103703,9311.871290874888
98.06602200733579,9324.74660632126
98.13271090363455,9337.630816585412
98.19939979993333,9350.523921667347
98.26608869623209,9363.425921567057
98.33277759253085,9376.336816284545
98.39946648882963,9389.256605819815
98.46615538512839,9402.185290172862
98.53284428142715,9415.122869343688
98.59953317772593,9428.069343332298
98.66622207402469,9441.024712138682
98.73291097032345,9453.988975762844
98.79959986662223,9466.962134204792
98.86628876292099,9479.944187464514
98.93297765921974,9492.935135542013
98.99966655551853,9505.934978437299
99.06635545181729,9518.943716150357
99.13304434811604,9531.961348681194
99.19973324441483,9544.987876029816
99.26642214071359,9558.023298196213
99.33311103701234,9571.067615180387
99.3997999333111,9584.120826982342
99.46648882960989,9597.182933602078
99.53317772590864,9610.25393503959
99.5998666222074,9623.333831294882
99.66655551850619,9636.422622367956
99.73324441480494,9649.520308258807
99.7999333111037,9662.626888967434
99.86662220740249,9675.742364493848
99.93331110370124,9688.866734838035
100.0,9702.0
