x,y
-3.141592653589793,-1.2246467991473532e-16
-3.139497560122911,-0.0020950919341760762
-3.1374024666560287,-0.00419017467212445
-3.1353073731891468,-0.006285239017656698
-3.1332122797222643,-0.008380275774666783
-3.1311171862553824,-0.010475275747167988
-3.1290220927885,-0.012570229739336835
-3.126926999321618,-0.014665128555549899
-3.124831905854736,-0.016759963000427272
-3.1227368123878536,-0.0188547238788716
-3.1206417189209716,-0.02094940199610712
-3.1185466254540892,-0.023043988157723103
-3.1164515319872073,-0.025138473169710688
-3.1143564385203253,-0.027232847838506324
-3.112261345053443,-0.02932710297103081
-3.110166251586561,-0.0314212293747283
-3.1080711581196785,-0.033515217857609775
-3.1059760646527965,-0.03560905922828983
-3.103880971185914,-0.037702744296030564
-3.101785877719032,-0.0397962638707784
-3.09969078425215,-0.041889608763207485
-3.0975956907852678,-0.04398276978475873
-3.095500597318386,-0.046075737747678806
-3.0934055038515034,-0.048168503465063565
-3.0913104103846214,-0.05026105775089483
-3.0892153169177394,-0.052353391420083814
-3.087120223450857,-0.054445495288510094
-3.085025129983975,-0.05653736017306063
-3.0829300365170926,-0.05862897689167315
-3.0808349430502107,-0.06072033626337289
-3.0787398495833282,-0.0628114291083165
-3.0766447561164463,-0.06490224624782871
-3.0745496626495643,-0.06699277850444581
-3.072454569182682,-0.06908301670195452
-3.0703594757158,-0.071172951665431
-3.0682643822489175,-0.0732625742212842
-3.0661692887820355,-0.07535187519729257
-3.064074195315153,-0.07744084542264791
-3.061979101848271,-0.07952947572799202
-3.059884008381389,-0.08161775694546008
-3.0577889149145068,-0.08370567990871959
-3.055693821447625,-0.08579323545300921
-3.0535987279807424,-0.08788041441518216
-3.0515036345138604,-0.08996720763374284
-3.0494085410469784,-0.0920536059488902
-3.047313447580096,-0.09413960020255652
-3.045218354113214,-0.09622518123844641
-3.0431232606463317,-0.09831033990208002
-3.0410281671794497,-0.10039506704082966
-3.0389330737125673,-0.10247935350396362
-3.0368379802456853,-0.10456319014268264
-3.0347428867788033,-0.10664656781016334
-3.032647793311921,-0.1087294773615969
-3.030552699845039,-0.11081190965422795
-3.0284576063781565,-0.11289385554739777
-3.0263625129112746,-0.11497530590258088
-3.024267419444392,-0.1170562515834287
-3.02217232597751,-0.1191366834558061
-3.020077232510628,-0.12121659238783457
-3.017982139043746,-0.12329596924993105
-3.015887045576864,-0.1253748049148466
-3.0137919521099814,-0.1274530902577096
-3.0116968586430994,-0.1295308161560622
-3.0096017651762175,-0.13160797348990366
-3.007506671709335,-0.1336845531417287
-3.005411578242453,-0.13576054599656653
-3.0033164847755707,-0.13783594294202384
-3.0012213913086887,-0.13991073486832115
-2.9991262978418063,-0.1419849126683365
-2.9970312043749243,-0.14405846723764176
-2.9949361109080423,-0.14613138947454585
-2.99284101744116,-0.14820367028013315
-2.990745923974278,-0.1502753005583023
-2.9886508305073956,-0.15234627121580904
-2.9865557370405136,-0.15441657316230278
-2.984460643573631,-0.15648619731036997
-2.982365550106749,-0.15855513457557033
-2.9802704566398672,-0.16062337587648
-2.978175363172985,-0.16269091213472997
-2.976080269706103,-0.16475773427504464
-2.9739851762392204,-0.1668238332252847
-2.9718900827723385,-0.16888919991648352
-2.9697949893054565,-0.1709538252828899
-2.967699895838574,-0.17301770026200672
-2.965604802371692,-0.1750808157946292
-2.9635097089048097,-0.1771431628248879
-2.9614146154379277,-0.17920473230028494
-2.9593195219710453,-0.18126551517173708
-2.9572244285041633,-0.1833255023936122
-2.9551293350372814,-0.18538468492377186
-2.953034241570399,-0.1874430537236097
-2.950939148103517,-0.18950059975808994
-2.9488440546366346,-0.19155731399578999
-2.9467489611697526,-0.19361318740893652
-2.94465386770287,-0.1956682109734488
-2.942558774235988,-0.19772237566897463
-2.9404636807691062,-0.19977567247893305
-2.938368587302224,-0.20182809239055263
-2.936273493835342,-0.20387962639490967
-2.9341784003684594,-0.20593026548697085
-2.9320833069015775,-0.20798000066562927
-2.9299882134346955,-0.21002882293374697
-2.927893119967813,-0.2120767232981931
-2.925798026500931,-0.21412369276988216
-2.9237029330340487,-0.21616972236381646
-2.9216078395671667,-0.2182148030991221
-2.9195127461002848,-0.2202589259990914
-2.9174176526334024,-0.22230208209122093
-2.9153225591665204,-0.2243442624072499
-2.913227465699638,-0.2263854579832021
-2.911132372232756,-0.22842565985942215
-2.9090372787658736,-0.23046485908061817
-2.9069421852989916,-0.23250304669589755
-2.9048470918321097,-0.23454021375880937
-2.9027519983652272,-0.2365763513273824
-2.9006569048983453,-0.23861145046416282
-2.898561811431463,-0.24064550223625686
-2.896466717964581,-0.2426784977153662
-2.8943716244976985,-0.24471042797783077
-2.8922765310308165,-0.2467412841046645
-2.8901814375639345,-0.24877105718159742
-2.888086344097052,-0.2507997382991135
-2.88599125063017,-0.25282731855248847
-2.8838961571632877,-0.254853789041832
-2.8818010636964058,-0.25687914087212316
-2.879705970229524,-0.2589033651532527
-2.8776108767626414,-0.26092645300006045
-2.8755157832957594,-0.2629483955323734
-2.873420689828877,-0.2649691838750475
-2.871325596361995,-0.2669888091580031
-2.8692305028951126,-0.2690072625162676
-2.8671354094282306,-0.2710245350900105
-2.8650403159613487,-0.2730406180245858
-2.8629452224944663,-0.2750555024705691
-2.8608501290275843,-0.2770691795837955
-2.858755035560702,-0.27908164052540135
-2.85665994209382,-0.2810928764618594
-2.8545648486269375,-0.2831028785650212
-2.8524697551600555,-0.2851116380121526
-2.8503746616931736,-0.2871191459859751
-2.848279568226291,-0.28912539367470336
-2.846184474759409,-0.29113037227208277
-2.8440893812925268,-0.2931340729774311
-2.841994287825645,-0.29513648699567346
-2.839899194358763,-0.29713760553738405
-2.8378041008918804,-0.2991374198188235
-2.8357090074249984,-0.3011359210619762
-2.833613913958116,-0.30313310049459147
-2.831518820491234,-0.3051289493502191
-2.8294237270243516,-0.307123458868251
-2.8273286335574697,-0.3091166202939562
-2.8252335400905877,-0.31110842487852247
-2.8231384466237053,-0.31309886387909325
-2.8210433531568233,-0.3150879285588048
-2.818948259689941,-0.31707561018682756
-2.816853166223059,-0.3190619000384011
-2.8147580727561765,-0.32104678939487574
-2.8126629792892945,-0.3230302695437474
-2.8105678858224126,-0.32501233177869904
-2.80847279235553,-0.32699296739963724
-2.806377698888648,-0.3289721677127294
-2.8042826054217658,-0.33094992403044476
-2.802187511954884,-0.3329262276715892
-2.800092418488002,-0.3349010699613462
-2.7979973250211194,-0.3368744422313138
-2.7959022315542374,-0.3388463358195412
-2.793807138087355,-0.34081674207056994
-2.791712044620473,-0.34278565233546837
-2.789616951153591,-0.34475305797187256
-2.7875218576867087,-0.34671895034402306
-2.7854267642198267,-0.3486833208228015
-2.7833316707529443,-0.3506461607857715
-2.7812365772860623,-0.3526074616172129
-2.77914148381918,-0.35456721470816327
-2.777046390352298,-0.356525411456452
-2.7749512968854155,-0.35848204326674177
-2.7728562034185336,-0.36043710155056263
-2.7707611099516516,-0.3623905777263528
-2.768666016484769,-0.364342463219495
-2.766570923017887,-0.36629274946235285
-2.764475829551005,-0.36824142789431147
-2.762380736084123,-0.3701884899618117
-2.760285642617241,-0.37213392711839033
-2.7581905491503584,-0.37407773082471674
-2.7560954556834765,-0.3760198925486289
-2.754000362216594,-0.37796040376517376
-2.751905268749712,-0.3798992559566414
-2.74981017528283,-0.38183644061260535
-2.7477150818159477,-0.38377194922995844
-2.7456199883490657,-0.38570577331294936
-2.7435248948821833,-0.3876379043732224
-2.7414298014153013,-0.3895683339298516
-2.739334707948419,-0.39149705350938124
-2.737239614481537,-0.39342405464585983
-2.7351445210146546,-0.3953493288808805
-2.7330494275477726,-0.3972728677636147
-2.7309543340808906,-0.3991946628508523
-2.728859240614008,-0.4011147057070376
-2.7267641471471262,-0.40303298790430475
-2.724669053680244,-0.40494950102251787
-2.722573960213362,-0.40686423664930466
-2.72047886674648,-0.40877718638009614
-2.7183837732795975,-0.41068834181816244
-2.7162886798127155,-0.4125976945746484
-2.714193586345833,-0.41450523626861313
-2.712098492878951,-0.41641095852706356
-2.710003399412069,-0.41831485298499427
-2.7079083059451867,-0.42021691128542266
-2.7058132124783048,-0.42211712507942467
-2.7037181190114223,-0.42401548602617406
-2.7016230255445404,-0.425911985792976
-2.699527932077658,-0.4278066160553067
-2.697432838610776,-0.4296993684968468
-2.6953377451438936,-0.43159023480952113
-2.6932426516770116,-0.43347920669353185
-2.6911475582101296,-0.43536627585739773
-2.689052464743247,-0.43725143401798955
-2.6869573712763652,-0.4391346729005648
-2.684862277809483,-0.44101598423880733
-2.682767184342601,-0.44289535977486005
-2.680672090875719,-0.4447727912593641
-2.6785769974088365,-0.44664827045149397
-2.6764819039419545,-0.4485217891189922
-2.674386810475072,-0.4503933390382087
-2.67229171700819,-0.4522629119941333
-2.670196623541308,-0.45413049978043474
-2.6681015300744257,-0.45599609419949555
-2.6660064366075438,-0.45785968706244673
-2.6639113431406614,-0.4597212701892066
-2.6618162496737794,-0.4615808354085133
-2.659721156206897,-0.4634383745579642
-2.657626062740015,-0.46529387948404827
-2.655530969273133,-0.4671473420421846
-2.6534358758062506,-0.4689987540967573
-2.6513407823393687,-0.47084810752114953
-2.6492456888724862,-0.47269539419778245
-2.6471505954056043,-0.4745406060181474
-2.645055501938722,-0.4763837348828446
-2.64296040847184,-0.47822477270161573
-2.640865315004958,-0.48006371139338216
-2.6387702215380755,-0.48190054288627915
-2.6366751280711935,-0.4837352591176901
-2.634580034604311,-0.4855678520342848
-2.632484941137429,-0.48739831359205166
-2.630389847670547,-0.4892266357563355
-2.6282947542036648,-0.491052810501872
-2.626199660736783,-0.4928768298128215
-2.6241045672699004,-0.4946986856828069
-2.6220094738030184,-0.496518370114946
-2.6199143803361364,-0.49833587512188887
-2.617819286869254,-0.5001511927258523
-2.6157241934023716,-0.5019643149586533
-2.6136290999354896,-0.5037752338617456
-2.6115340064686077,-0.5055839414862551
-2.6094389130017253,-0.5073904298930135
-2.6073438195348433,-0.5091946911525927
-2.605248726067961,-0.5109967173453422
-2.603153632601079,-0.5127965005614202
-2.601058539134197,-0.5145940329008316
-2.5989634456673145,-0.5163893064734614
-2.5968683522004326,-0.5181823133991078
-2.59477325873355,-0.5199730458075204
-2.592678165266668,-0.5217614958384302
-2.590583071799786,-0.5235476556415887
-2.588487978332904,-0.5253315173767991
-2.586392884866022,-0.5271130732139514
-2.5842977913991394,-0.5288923153330584
-2.5822026979322574,-0.530669235924287
-2.5801076044653755,-0.5324438271879959
-2.578012510998493,-0.5342160813347678
-2.5759174175316106,-0.5359859905854434
-2.5738223240647287,-0.5377535471711559
-2.5717272305978467,-0.5395187433333664
-2.5696321371309643,-0.5412815713238966
-2.5675370436640823,-0.5430420234049622
-2.5654419501972,-0.5448000918492091
-2.563346856730318,-0.5465557689397443
-2.561251763263436,-0.548309046970173
-2.5591566697965535,-0.5500599182446305
-2.5570615763296716,-0.5518083750778154
-2.554966482862789,-0.5535544097950259
-2.552871389395907,-0.55529801473219
-2.550776295929025,-0.5570391822359024
-2.548681202462143,-0.5587779046634568
-2.546586108995261,-0.560514174382878
-2.5444910155283784,-0.5622479837729583
-2.5423959220614964,-0.563979325223288
-2.5403008285946145,-0.5657081911342913
-2.538205735127732,-0.5674345739172586
-2.53611064166085,-0.5691584659943785
-2.5340155481939677,-0.5708798597987741
-2.5319204547270857,-0.5725987477745327
-2.5298253612602037,-0.5743151223767421
-2.5277302677933213,-0.576028976071522
-2.525635174326439,-0.577740301336057
-2.523540080859557,-0.5794490906586299
-2.521444987392675,-0.5811553365386555
-2.5193498939257926,-0.5828590314867128
-2.5172548004589106,-0.584560168024577
-2.515159706992028,-0.5862587386852544
-2.513064613525146,-0.5879547360130126
-2.5109695200582642,-0.5896481525634162
-2.508874426591382,-0.591338980903357
-2.5067793331245,-0.5930272136110873
-2.5046842396576174,-0.5947128432762537
-2.5025891461907355,-0.5963958624999274
-2.5004940527238535,-0.5980762638946386
-2.498398959256971,-0.5997540400844088
-2.496303865790089,-0.6014291837047812
-2.4942087723232067,-0.6031016874028559
-2.4921136788563247,-0.6047715438373191
-2.4900185853894428,-0.6064387456784787
-2.4879234919225603,-0.6081032856082937
-2.485828398455678,-0.6097651563204076
-2.483733304988796,-0.6114243505201796
-2.481638211521914,-0.613080860924718
-2.4795431180550316,-0.6147346802629117
-2.4774480245881496,-0.6163858012754603
-2.475352931121267,-0.6180342167149092
-2.4732578376543852,-0.6196799193456783
-2.4711627441875033,-0.621322901944096
-2.469067650720621,-0.6229631572984302
-2.466972557253739,-0.6246006782089186
-2.4648774637868565,-0.6262354574878031
-2.4627823703199745,-0.6278674879593581
-2.4606872768530925,-0.6294967624599251
-2.45859218338621,-0.6311232738379423
-2.456497089919328,-0.6327470149539756
-2.4544019964524457,-0.634367978680752
-2.4523069029855638,-0.6359861579031882
-2.450211809518682,-0.6376015455184245
-2.4481167160517994,-0.6392141344358545
-2.446021622584917,-0.6408239175771557
-2.443926529118035,-0.6424308878763216
-2.441831435651153,-0.644035038279693
-2.4397363421842706,-0.6456363617459882
-2.4376412487173886,-0.6472348512463332
-2.435546155250506,-0.6488304997642951
-2.4334510617836242,-0.6504233002959093
-2.4313559683167423,-0.6520132458497138
-2.42926087484986,-0.6536003294467779
-2.427165781382978,-0.6551845441207325
-2.4250706879160955,-0.6567658829178022
-2.4229755944492135,-0.6583443388968345
-2.4208805009823315,-0.6599199051293312
-2.418785407515449,-0.6614925746994783
-2.416690314048567,-0.6630623407041759
-2.4145952205816847,-0.66462919625307
-2.4125001271148028,-0.666193134468581
-2.410405033647921,-0.667754148485935
-2.4083099401810384,-0.669312231453194
-2.406214846714156,-0.6708673765312848
-2.404119753247274,-0.6724195768940302
-2.402024659780392,-0.6739688257281786
-2.3999295663135096,-0.6755151162334343
-2.3978344728466277,-0.677058441622486
-2.3957393793797452,-0.6785987951210385
-2.3936442859128633,-0.6801361699678405
-2.3915491924459813,-0.681670559414716
-2.389454098979099,-0.6832019567265932
-2.387359005512217,-0.6847303551815332
-2.3852639120453345,-0.6862557480707614
-2.3831688185784525,-0.6877781286986946
-2.3810737251115706,-0.6892974903829728
-2.378978631644688,-0.6908138264544874
-2.376883538177806,-0.6923271302574093
-2.3747884447109238,-0.6938373951492207
-2.372693351244042,-0.6953446145007416
-2.37059825777716,-0.6968487816961609
-2.3685031643102774,-0.698349890133065
-2.3664080708433954,-0.6998479332224653
-2.364312977376513,-0.7013429043888295
-2.362217883909631,-0.7028347970701081
-2.3601227904427486,-0.7043236047177656
-2.3580276969758667,-0.7058093207968067
-2.3559326035089843,-0.7072919387858074
-2.3538375100421023,-0.7087714521769417
-2.3517424165752203,-0.7102478544760112
-2.349647323108338,-0.7117211392024742
-2.347552229641456,-0.7131912998894716
-2.3454571361745735,-0.7146583300838588
-2.3433620427076916,-0.7161222233462307
-2.3412669492408096,-0.7175829732509525
-2.339171855773927,-0.7190405733861871
-2.337076762307045,-0.7204950173539219
-2.334981668840163,-0.721946298769999
-2.332886575373281,-0.7233944112641417
-2.330791481906399,-0.7248393484799834
-2.3286963884395164,-0.7262811040750953
-2.3266012949726345,-0.7277196717210132
-2.324506201505752,-0.729155045103267
-2.32241110803887,-0.7305872179214068
-2.320316014571988,-0.732016183889032
-2.3182209211051057,-0.7334419367338182
-2.3161258276382233,-0.7348644701975442
-2.3140307341713413,-0.7362837780361197
-2.3119356407044593,-0.737699854019614
-2.309840547237577,-0.7391126919322822
-2.307745453770695,-0.7405222855725918
-2.3056503603038125,-0.7419286287532518
-2.3035552668369306,-0.7433317153012376
-2.3014601733700486,-0.7447315390578206
-2.299365079903166,-0.7461280938785934
-2.297269986436284,-0.7475213736334968
-2.295174892969402,-0.7489113722068482
-2.29307979950252,-0.7502980834973666
-2.290984706035638,-0.7516815014182007
-2.2888896125687554,-0.7530616198969554
-2.2867945191018735,-0.7544384328757174
-2.284699425634991,-0.7558119343110837
-2.282604332168109,-0.7571821181741859
-2.280509238701227,-0.7585489784507186
-2.2784141452343447,-0.759912509140965
-2.2763190517674623,-0.7612727042598227
-2.2742239583005803,-0.7626295578368306
-2.2721288648336984,-0.7639830639161955
-2.270033771366816,-0.7653332165568177
-2.267938677899934,-0.7666800098323164
-2.2658435844330516,-0.7680234378310575
-2.2637484909661696,-0.7693634946561775
-2.2616533974992876,-0.7707001744256108
-2.259558304032405,-0.7720334712721156
-2.2574632105655232,-0.7733633793432982
-2.255368117098641,-0.7746898928016407
-2.253273023631759,-0.7760130058245241
-2.251177930164877,-0.777332712604257
-2.2490828366979945,-0.7786490073480985
-2.2469877432311125,-0.7799618842782843
-2.24489264976423,-0.781271337632053
-2.242797556297348,-0.7825773616616701
-2.240702462830466,-0.7838799506344544
-2.2386073693635837,-0.7851790988328022
-2.2365122758967013,-0.7864748005542129
-2.2344171824298193,-0.7877670501113136
-2.2323220889629374,-0.7890558418318848
-2.230226995496055,-0.7903411700588852
-2.228131902029173,-0.7916230291504751
-2.2260368085622906,-0.7929014134800434
-2.2239417150954086,-0.7941763174362304
-2.2218466216285266,-0.7954477354229536
-2.2197515281616442,-0.7967156618594321
-2.2176564346947623,-0.7979800911802101
-2.21556134122788,-0.7992410178351829
-2.213466247760998,-0.8004984362896196
-2.211371154294116,-0.8017523410241891
-2.2092760608272335,-0.8030027265349834
-2.2071809673603515,-0.8042495873335408
-2.205085873893469,-0.8054929179468725
-2.202990780426587,-0.8067327129174839
-2.200895686959705,-0.8079689668034005
-2.1988005934928228,-0.8092016741781911
-2.1967055000259403,-0.8104308296309913
-2.1946104065590584,-0.8116564277665275
-2.1925153130921764,-0.8128784632051408
-2.190420219625294,-0.8140969305828109
-2.188325126158412,-0.8153118245511783
-2.1862300326915296,-0.8165231397775696
-2.1841349392246476,-0.8177308709450192
-2.1820398457577657,-0.8189350127522937
-2.1799447522908832,-0.8201355599139155
-2.1778496588240013,-0.8213325071601841
-2.175754565357119,-0.8225258492372021
-2.173659471890237,-0.823715580906895
-2.171564378423355,-0.8249016969470371
-2.1694692849564725,-0.8260841921512732
-2.1673741914895905,-0.8272630613291404
-2.165279098022708,-0.8284382993060931
-2.163184004555826,-0.8296099009235238
-2.161088911088944,-0.8307778610387869
-2.1589938176220618,-0.8319421745252208
-2.15689872415518,-0.8331028362721701
-2.1548036306882974,-0.834259841185009
-2.1527085372214154,-0.8354131841851624
-2.1506134437545334,-0.8365628602101294
-2.148518350287651,-0.8377088642135049
-2.1464232568207686,-0.8388511911650016
-2.1443281633538867,-0.8399898360504722
-2.1422330698870047,-0.8411247938719318
-2.1401379764201227,-0.8422560596475798
-2.1380428829532403,-0.843383628411821
-2.135947789486358,-0.8445074952152882
-2.133852696019476,-0.8456276551248633
-2.131757602552594,-0.8467441032236996
-2.1296625090857115,-0.8478568346112435
-2.1275674156188296,-0.8489658444032545
-2.125472322151947,-0.8500711277318288
-2.123377228685065,-0.8511726797454189
-2.121282135218183,-0.8522704956088558
-2.119187041751301,-0.8533645705033704
-2.1170919482844184,-0.8544548996266137
-2.1149968548175364,-0.8555414781926785
-2.1129017613506544,-0.8566243014321205
-2.1108066678837725,-0.8577033645919794
-2.10871157441689,-0.8587786629357992
-2.1066164809500076,-0.859850191743649
-2.1045213874831257,-0.8609179463121438
-2.1024262940162437,-0.861981921954466
-2.1003312005493617,-0.863042114000385
-2.0982361070824793,-0.864098517796278
-2.096141013615597,-0.8651511287051501
-2.094045920148715,-0.866199942106655
-2.091950826681833,-0.8672449533971155
-2.0898557332149506,-0.8682861579895436
-2.0877606397480686,-0.8693235513136598
-2.085665546281186,-0.8703571288159146
-2.083570452814304,-0.8713868859595072
-2.0814753593474222,-0.8724128182244061
-2.07938026588054,-0.873434921107369
-2.0772851724136574,-0.874453190121962
-2.0751900789467754,-0.8754676207985796
-2.0730949854798935,-0.8764782086844648
-2.0709998920130115,-0.8774849493437278
-2.068904798546129,-0.8784878383573662
-2.0668097050792467,-0.8794868713232838
-2.0647146116123647,-0.8804820438563102
-2.0626195181454827,-0.88147335158822
-2.0605244246786008,-0.8824607901677526
-2.0584293312117183,-0.8834443552606299
-2.056334237744836,-0.8844240425495767
-2.054239144277954,-0.8853998477343387
-2.052144050811072,-0.8863717665317019
-2.0500489573441896,-0.8873397946755117
-2.0479538638773076,-0.8883039279166903
-2.045858770410425,-0.8892641620232573
-2.043763676943543,-0.8902204927803462
-2.0416685834766612,-0.8911729159902246
-2.039573490009779,-0.892121427472312
-2.0374783965428964,-0.8930660230631977
-2.0353833030760144,-0.8940066986166592
-2.0332882096091325,-0.8949434500036815
-2.0311931161422505,-0.8958762731124738
-2.029098022675368,-0.8968051638484886
-2.0270029292084857,-0.8977301181344389
-2.0249078357416037,-0.8986511319103161
-2.0228127422747217,-0.8995682011334086
-2.0207176488078398,-0.9004813217783192
-2.0186225553409574,-0.9013904898369824
-2.016527461874075,-0.9022957013186823
-2.014432368407193,-0.9031969522500696
-2.012337274940311,-0.9040942386751802
-2.0102421814734286,-0.9049875566554517
-2.0081470880065466,-0.9058769022697405
-2.006051994539664,-0.9067622716143399
-2.0039569010727822,-0.907643660802996
-2.0018618076059003,-0.908521065966926
-1.9997667141390179,-0.9093944832548346
-1.9976716206721357,-0.9102639088329308
-1.9955765272052537,-0.9111293388849449
-1.9934814337383715,-0.911990769612145
-1.9913863402714893,-0.9128481972333544
-1.9892912468046071,-0.9137016179849674
-1.987196153337725,-0.9145510281209659
-1.9851010598708427,-0.9153964239129365
-1.9830059664039608,-0.9162378016500861
-1.9809108729370786,-0.9170751576392586
-1.9788157794701964,-0.9179084882049511
-1.9767206860033142,-0.91873778968933
-1.974625592536432,-0.9195630584522466
-1.9725304990695498,-0.920384290871254
-1.9704354056026678,-0.9212014833416222
-1.9683403121357856,-0.9220146322763544
-1.9662452186689034,-0.9228237341062023
-1.9641501252020213,-0.9236287852796823
-1.962055031735139,-0.9244297822630906
-1.9599599382682569,-0.925226721540519
-1.9578648448013747,-0.9260195996138703
-1.9557697513344927,-0.9268084130028734
-1.9536746578676105,-0.9275931582450992
-1.9515795644007283,-0.9283738318959751
-1.9494844709338461,-0.9291504305288004
-1.947389377466964,-0.9299229507347613
-1.9452942840000818,-0.9306913891229461
-1.9431991905331998,-0.9314557423203597
-1.9411040970663176,-0.9322160069719387
-1.9390090035994354,-0.9329721797405662
-1.9369139101325532,-0.933724257307086
-1.934818816665671,-0.9344722363703173
-1.9327237231987888,-0.9352161136470698
-1.9306286297319069,-0.9359558858721573
-1.9285335362650247,-0.9366915497984125
-1.9264384427981425,-0.9374231021967011
-1.9243433493312603,-0.9381505398559361
-1.922248255864378,-0.9388738595830916
-1.920153162397496,-0.9395930582032171
-1.918058068930614,-0.9403081325594514
-1.9159629754637317,-0.9410190795130364
-1.9138678819968495,-0.9417258959433309
-1.9117727885299673,-0.9424285787478242
-1.9096776950630852,-0.9431271248421498
-1.907582601596203,-0.9438215311600989
-1.9054875081293208,-0.9445117946536341
-1.9033924146624388,-0.9451979122929024
-1.9012973211955566,-0.9458798810662488
-1.8992022277286744,-0.9465576979802292
-1.8971071342617922,-0.9472313600596238
-1.89501204079491,-0.9479008643474505
-1.8929169473280278,-0.9485662079049766
-1.8908218538611459,-0.9492273878117334
-1.8887267603942637,-0.949884401165528
-1.8866316669273815,-0.9505372450824557
-1.8845365734604993,-0.951185916696914
-1.882441479993617,-0.9518304131616138
-1.880346386526735,-0.9524707316475927
-1.878251293059853,-0.9531068693442268
-1.8761561995929708,-0.9537388234592442
-1.8740611061260886,-0.9543665912187357
-1.8719660126592064,-0.9549901698671682
-1.8698709191923242,-0.9556095566673962
-1.867775825725442,-0.9562247489006739
-1.86568073225856,-0.9568357438666673
-1.8635856387916778,-0.9574425388834659
-1.8614905453247956,-0.9580451312875945
-1.8593954518579134,-0.9586435184340251
-1.8573003583910312,-0.9592376976961879
-1.855205264924149,-0.9598276664659838
-1.8531101714572669,-0.960413422153795
-1.851015077990385,-0.9609949621884963
-1.8489199845235027,-0.9615722840174675
-1.8468248910566205,-0.9621453851066035
-1.8447297975897383,-0.9627142629403256
-1.8426347041228561,-0.9632789150215929
-1.840539610655974,-0.9638393388719131
-1.838444517189092,-0.9643955320313533
-1.8363494237222098,-0.964947492058551
-1.8342543302553276,-0.9654952165307246
-1.8321592367884454,-0.9660387030436838
-1.8300641433215632,-0.9665779492118409
-1.827969049854681,-0.9671129526682206
-1.825873956387799,-0.9676437110644708
-1.8237788629209168,-0.9681702220708726
-1.8216837694540347,-0.9686924833763506
-1.8195886759871525,-0.9692104926884832
-1.8174935825202703,-0.9697242477335125
-1.815398489053388,-0.9702337462563545
-1.813303395586506,-0.9707389860206087
-1.811208302119624,-0.971239964808568
-1.8091132086527417,-0.9717366804212286
-1.8070181151858595,-0.9722291306782995
-1.8049230217189773,-0.9727173134182123
-1.8028279282520951,-0.9732012264981302
-1.800732834785213,-0.9736808677939579
-1.798637741318331,-0.9741562352003506
-1.7965426478514488,-0.9746273266307236
-1.7944475543845666,-0.975094140017261
-1.7923524609176844,-0.9755566733109252
-1.7902573674508022,-0.9760149244814655
-1.78816227398392,-0.9764688915174273
-1.786067180517038,-0.9769185724261611
-1.7839720870501559,-0.9773639652338305
-1.7818769935832737,-0.9778050679854218
-1.7797819001163915,-0.9782418787447518
-1.7776868066495093,-0.9786743955944768
-1.775591713182627,-0.979102616636101
-1.7734966197157451,-0.9795265399899843
-1.771401526248863,-0.9799461637953514
-1.7693064327819807,-0.9803614862102991
-1.7672113393150986,-0.9807725054118049
-1.7651162458482164,-0.9811792195957352
-1.7630211523813342,-0.9815816269768525
-1.7609260589144522,-0.9819797257888235
-1.75883096544757,-0.9823735142842278
-1.7567358719806878,-0.982762990734564
-1.7546407785138056,-0.9831481534302583
-1.7525456850469234,-0.9835290006806718
-1.7504505915800412,-0.9839055308141079
-1.7483554981131593,-0.9842777421778196
-1.746260404646277,-0.9846456331380166
-1.7441653111793949,-0.985009202079873
-1.7420702177125127,-0.9853684474075336
-1.7399751242456305,-0.9857233675441216
-1.7378800307787483,-0.9860739609317454
-1.7357849373118661,-0.9864202260315049
-1.7336898438449841,-0.986762161323499
-1.731594750378102,-0.9870997653068317
-1.7294996569112198,-0.9874330364996192
-1.7274045634443376,-0.9877619734389957
-1.7253094699774554,-0.9880865746811205
-1.7232143765105732,-0.9884068388011841
-1.7211192830436912,-0.9887227643934142
-1.719024189576809,-0.9890343500710825
-1.7169290961099268,-0.98934159446651
-1.7148340026430446,-0.9896444962310735
-1.7127389091761624,-0.9899430540352115
-1.7106438157092803,-0.9902372665684299
-1.7085487222423983,-0.9905271325393077
-1.706453628775516,-0.990812650675503
-1.704358535308634,-0.9910938197237581
-1.7022634418417517,-0.9913706384499054
-1.7001683483748695,-0.9916431056388725
-1.6980732549079873,-0.9919112200946879
-1.6959781614411054,-0.992174980640486
-1.6938830679742232,-0.9924343861185123
-1.691787974507341,-0.9926894353901285
-1.6896928810404588,-0.9929401273358176
-1.6875977875735766,-0.9931864608551884
-1.6855026941066944,-0.9934284348669808
-1.6834076006398122,-0.9936660483090708
-1.6813125071729302,-0.993899300138474
-1.679217413706048,-0.9941281893313515
-1.6771223202391659,-0.9943527148830137
-1.6750272267722837,-0.9945728758079245
-1.6729321333054015,-0.9947886711397066
-1.6708370398385193,-0.9950000999311445
-1.6687419463716373,-0.9952071612541894
-1.6666468529047551,-0.9954098541999633
-1.664551759437873,-0.9956081778787629
-1.6624566659709907,-0.9958021314200631
-1.6603615725041085,-0.9959917139725214
-1.6582664790372263,-0.9961769247039811
-1.6561713855703444,-0.9963577628014757
-1.6540762921034622,-0.9965342274712315
-1.65198119863658,-0.996706317938672
-1.6498861051696978,-0.9968740334484206
-1.6477910117028156,-0.9970373732643045
-1.6456959182359334,-0.9971963366693573
-1.6436008247690514,-0.9973509229658225
-1.6415057313021693,-0.9975011314751571
-1.639410637835287,-0.9976469615380331
-1.6373155443684049,-0.9977884125143424
-1.6352204509015227,-0.9979254837831975
-1.6331253574346405,-0.9980581747429358
-1.6310302639677583,-0.9981864848111217
-1.6289351705008763,-0.9983104134245491
-1.6268400770339941,-0.9984299600392438
-1.624744983567112,-0.9985451241304661
-1.6226498901002298,-0.998655905192713
-1.6205547966333476,-0.9987623027397206
-1.6184597031664654,-0.9988643163044656
-1.6163646096995834,-0.9989619454391683
-1.6142695162327012,-0.999055189715294
-1.612174422765819,-0.9991440487235547
-1.6100793292989368,-0.9992285220739113
-1.6079842358320546,-0.9993086093955754
-1.6058891423651724,-0.9993843103370105
-1.6037940488982905,-0.9994556245659336
-1.6016989554314083,-0.999522551769317
-1.599603861964526,-0.9995850916533895
-1.597508768497644,-0.9996432439436376
-1.5954136750307617,-0.9996970083848066
-1.5933185815638795,-0.9997463847409022
-1.5912234880969975,-0.999791372795191
-1.5891283946301153,-0.9998319723502018
-1.5870333011632332,-0.9998681832277264
-1.584938207696351,-0.9999000052688201
-1.5828431142294688,-0.9999274383338027
-1.5807480207625866,-0.9999504823022591
-1.5786529272957044,-0.99996913707304
-1.5765578338288224,-0.9999834025642617
-1.5744627403619402,-0.999993278713307
-1.572367646895058,-0.9999987654768254
-1.5702725534281758,-0.9999998628307333
-1.5681774599612937,-0.9999965707702139
-1.5660823664944115,-0.9999888893097174
-1.5639872730275295,-0.9999768184829609
-1.5618921795606473,-0.9999603583429283
-1.559797086093765,-0.9999395089618701
-1.557701992626883,-0.9999142704313027
-1.5556068991600007,-0.9998846428620086
-1.5535118056931185,-0.9998506263840354
-1.5514167122262366,-0.9998122211466957
-1.5493216187593544,-0.9997694273185659
-1.5472265252924722,-0.9997222450874859
-1.54513143182559,-0.999670674660558
-1.5430363383587078,-0.9996147162641464
-1.5409412448918256,-0.9995543701438756
-1.5388461514249436,-0.9994896365646299
-1.5367510579580614,-0.9994205158105516
-1.5346559644911792,-0.9993470081850405
-1.532560871024297,-0.9992691140107522
-1.5304657775574149,-0.9991868336295965
-1.5283706840905327,-0.999100167402736
-1.5262755906236505,-0.9990091157105848
-1.5241804971567685,-0.9989136789528067
-1.5220854036898863,-0.9988138575483131
-1.5199903102230041,-0.9987096519352616
-1.517895216756122,-0.9986010625710539
-1.5158001232892397,-0.9984880899323338
-1.5137050298223576,-0.998370734514985
-1.5116099363554756,-0.9982489968341294
-1.5095148428885934,-0.9981228774241239
-1.5074197494217112,-0.997992376838559
-1.505324655954829,-0.997857495650256
-1.5032295624879468,-0.9977182344512645
-1.5011344690210646,-0.9975745938528596
-1.4990393755541827,-0.9974265744855395
-1.4969442820873005,-0.9972741769990225
-1.4948491886204183,-0.9971174020622448
-1.492754095153536,-0.9969562503633562
-1.4906590016866539,-0.9967907226097187
-1.4885639082197717,-0.9966208195279023
-1.4864688147528897,-0.9964465418636819
-1.4843737212860075,-0.9962678903820348
-1.4822786278191253,-0.9960848658671362
-1.4801835343522431,-0.9958974691223569
-1.478088440885361,-0.9957057009702589
-1.4759933474184788,-0.9955095622525922
-1.4738982539515966,-0.9953090538302911
-1.4718031604847146,-0.9951041765834702
-1.4697080670178324,-0.9948949314114208
-1.4676129735509502,-0.9946813192326067
-1.465517880084068,-0.9944633409846606
-1.4634227866171858,-0.9942409976243795
-1.4613276931503036,-0.9940142901277204
-1.4592325996834217,-0.9937832194897969
-1.4571375062165395,-0.9935477867248738
-1.4550424127496573,-0.9933079928663632
-1.452947319282775,-0.9930638389668198
-1.450852225815893,-0.9928153260979367
-1.4487571323490107,-0.9925624553505397
-1.4466620388821287,-0.9923052278345836
-1.4445669454152466,-0.9920436446791467
-1.4424718519483644,-0.9917777070324261
-1.4403767584814822,-0.9915074160617323
-1.4382816650146,-0.9912327729534848
-1.4361865715477178,-0.9909537789132059
-1.4340914780808358,-0.9906704351655166
-1.4319963846139536,-0.99038274295413
-1.4299012911470714,-0.9900907035418465
-1.4278061976801892,-0.9897943182105485
-1.425711104213307,-0.9894935882611942
-1.4236160107464249,-0.9891885150138119
-1.4215209172795427,-0.988879099807495
-1.4194258238126607,-0.9885653440003952
-1.4173307303457785,-0.9882472489697169
-1.4152356368788963,-0.9879248161117112
-1.4131405434120141,-0.9875980468416697
-1.411045449945132,-0.9872669425939186
-1.4089503564782497,-0.9869315048218115
-1.4068552630113678,-0.9865917349977241
-1.4047601695444856,-0.9862476346130473
-1.4026650760776034,-0.9858992051781804
-1.4005699826107212,-0.9855464482225249
-1.398474889143839,-0.9851893652944773
-1.3963797956769568,-0.984827957961423
-1.3942847022100748,-0.9844622278097286
-1.3921896087431926,-0.9840921764447356
-1.3900945152763104,-0.9837178054907529
-1.3879994218094283,-0.9833391165910502
-1.385904328342546,-0.9829561114078501
-1.3838092348756639,-0.9825687916223214
-1.381714141408782,-0.9821771589345714
-1.3796190479418997,-0.9817812150636384
-1.3775239544750175,-0.9813809617474843
-1.3754288610081353,-0.9809764007429873
-1.3733337675412531,-0.9805675338259333
-1.371238674074371,-0.9801543627910091
-1.3691435806074888,-0.9797368894517936
-1.3670484871406068,-0.9793151156407509
-1.3649533936737246,-0.9788890432092209
-1.3628583002068424,-0.9784586740274126
-1.3607632067399602,-0.9780240099843949
-1.358668113273078,-0.9775850529880886
-1.3565730198061958,-0.9771418049652584
-1.3544779263393139,-0.9766942678615035
-1.3523828328724317,-0.9762424436412501
-1.3502877394055495,-0.9757863342877423
-1.3481926459386673,-0.9753259418030332
-1.346097552471785,-0.9748612682079767
-1.344002459004903,-0.974392315542218
-1.341907365538021,-0.9739190858641849
-1.3398122720711387,-0.9734415812510788
-1.3377171786042565,-0.9729598037988658
-1.3356220851373743,-0.972473755622267
-1.3335269916704922,-0.9719834388547496
-1.33143189820361,-0.9714888556485174
-1.329336804736728,-0.9709900081745013
-1.3272417112698458,-0.9704868986223499
-1.3251466178029636,-0.9699795292004199
-1.3230515243360814,-0.9694679021357662
-1.3209564308691992,-0.9689520196741324
-1.318861337402317,-0.9684318840799406
-1.3167662439354348,-0.9679074976362819
-1.3146711504685529,-0.9673788626449061
-1.3125760570016707,-0.9668459814262115
-1.3104809635347885,-0.9663088563192348
-1.3083858700679063,-0.9657674896816412
-1.306290776601024,-0.9652218838897134
-1.304195683134142,-0.9646720413383418
-1.30210058966726,-0.9641179644410137
-1.3000054962003778,-0.9635596556298022
-1.2979104027334956,-0.9629971173553566
-1.2958153092666134,-0.9624303520868908
-1.2937202157997312,-0.9618593623121728
-1.291625122332849,-0.9612841505375137
-1.289530028865967,-0.9607047192877568
-1.2874349353990848,-0.9601210711062662
-1.2853398419322026,-0.9595332085549161
-1.2832447484653204,-0.9589411342140791
-1.2811496549984382,-0.9583448506826153
-1.279054561531556,-0.9577443605778605
-1.276959468064674,-0.9571396665356152
-1.274864374597792,-0.9565307712101324
-1.2727692811309097,-0.9559176772741063
-1.2706741876640275,-0.9553003874186606
-1.2685790941971453,-0.9546789043533369
-1.2664840007302631,-0.9540532308060822
-1.2643889072633812,-0.9534233695232374
-1.262293813796499,-0.9527893232695249
-1.2601987203296168,-0.9521510948280372
-1.2581036268627346,-0.9515086870002234
-1.2560085333958524,-0.9508621026058784
-1.2539134399289702,-0.9502113444831293
-1.251818346462088,-0.9495564154884236
-1.249723252995206,-0.9488973184965166
-1.2476281595283238,-0.9482340564004584
-1.2455330660614417,-0.9475666321115817
-1.2434379725945595,-0.9468950485594886
-1.2413428791276773,-0.9462193086920381
-1.239247785660795,-0.9455394154753328
-1.237152692193913,-0.9448553718937066
-1.235057598727031,-0.9441671809497103
-1.2329625052601487,-0.9434748456640996
-1.2308674117932665,-0.9427783690758216
-1.2287723183263843,-0.9420777542420008
-1.2266772248595021,-0.9413730042379268
-1.2245821313926202,-0.9406641221570399
-1.222487037925738,-0.9399511111109173
-1.2203919444588558,-0.9392339742292609
-1.2182968509919736,-0.9385127146598818
-1.2162017575250914,-0.9377873355686878
-1.2141066640582092,-0.9370578401396685
-1.2120115705913272,-0.9363242315748825
-1.209916477124445,-0.935586513094442
-1.2078213836575629,-0.9348446879364996
-1.2057262901906807,-0.9340987593572337
-1.2036311967237985,-0.9333487306308347
-1.2015361032569163,-0.9325946050494897
-1.199441009790034,-0.931836385923369
-1.1973459163231521,-0.931074076580611
-1.19525082285627,-0.9303076803673078
-1.1931557293893877,-0.9295372006474905
-1.1910606359225056,-0.9287626408031142
-1.1889655424556234,-0.9279840042340436
-1.1868704489887412,-0.9272012943580379
-1.1847753555218592,-0.9264145146107354
-1.182680262054977,-0.925623668445639
-1.1805851685880948,-0.9248287593341008
-1.1784900751212126,-0.9240297907653068
-1.1763949816543304,-0.9232267662462615
-1.1742998881874482,-0.922419689301773
-1.1722047947205663,-0.9216085634744369
-1.170109701253684,-0.920793392324621
-1.1680146077868019,-0.9199741794304498
-1.1659195143199197,-0.9191509283877889
-1.1638244208530375,-0.9183236428102285
-1.1617293273861553,-0.9174923263290686
-1.1596342339192733,-0.9166569825933022
-1.1575391404523911,-0.9158176152695996
-1.155444046985509,-0.9149742280422922
-1.1533489535186268,-0.9141268246133569
-1.1512538600517446,-0.9132754087023988
-1.1491587665848624,-0.9124199840466358
-1.1470636731179802,-0.9115605544008817
-1.1449685796510982,-0.91069712353753
-1.142873486184216,-0.9098296952465369
-1.1407783927173338,-0.9089582733354052
-1.1386832992504519,-0.9080828616291677
-1.1365882057835694,-0.9072034639703692
-1.1344931123166875,-0.9063200842190514
-1.132398018849805,-0.9054327262527343
-1.130302925382923,-0.9045413939664007
-1.1282078319160407,-0.9036460912724774
-1.1261127384491587,-0.9027468221008201
-1.1240176449822767,-0.9018435903986942
-1.1219225515153943,-0.9009364001307583
-1.1198274580485124,-0.9000252552790472
-1.11773236458163,-0.8991101598429535
-1.115637271114748,-0.8981911178392115
-1.113542177647866,-0.8972681333018774
-1.1114470841809836,-0.8963412102823135
-1.1093519907141016,-0.8954103528491699
-1.1072568972472192,-0.8944755650883658
-1.1051618037803372,-0.8935368511030731
-1.1030667103134548,-0.8925942150136966
-1.1009716168465729,-0.8916476609578579
-1.0988765233796909,-0.8906971930903752
-1.0967814299128085,-0.8897428155832463
-1.0946863364459265,-0.8887845326256306
-1.092591242979044,-0.8878223484238293
-1.0904961495121621,-0.8868562672012686
-1.0884010560452797,-0.8858862931984796
-1.0863059625783977,-0.884912430673081
-1.0842108691115158,-0.8839346838997596
-1.0821157756446333,-0.8829530571702514
-1.0800206821777514,-0.8819675547933241
-1.077925588710869,-0.8809781810947561
-1.075830495243987,-0.8799849404173197
-1.073735401777105,-0.8789878371207601
-1.0716403083102226,-0.8779868755817773
-1.0695452148433406,-0.8769820601940076
-1.0674501213764582,-0.8759733953680021
-1.0653550279095763,-0.8749608855312099
-1.0632599344426938,-0.8739445351279563
-1.0611648409758119,-0.8729243486194257
-1.05906974750893,-0.8719003304836397
-1.0569746540420475,-0.8708724852154387
-1.0548795605751655,-0.8698408173264626
-1.052784467108283,-0.8688053313451296
-1.0506893736414011,-0.8677660318166177
-1.0485942801745187,-0.8667229233028436
-1.0464991867076368,-0.8656760103824439
-1.0444040932407548,-0.8646252976507536
-1.0423089997738724,-0.8635707897197867
-1.0402139063069904,-0.8625124912182168
-1.038118812840108,-0.8614504067913547
-1.036023719373226,-0.86038454110113
-1.033928625906344,-0.8593148988260697
-1.0318335324394616,-0.8582414846612773
-1.0297384389725797,-0.8571643033184134
-1.0276433455056972,-0.8560833595256737
-1.0255482520388153,-0.8549986580277694
-1.0234531585719329,-0.8539102035859054
-1.021358065105051,-0.8528180009777602
-1.019262971638169,-0.8517220549974641
-1.0171678781712865,-0.8506223704555788
-1.0150727847044045,-0.8495189521790764
-1.0129776912375221,-0.8484118050113174
-1.0108825977706402,-0.8473009338120305
-1.0087875043037582,-0.8461863434572905
-1.0066924108368758,-0.8450680388394964
-1.0045973173699938,-0.8439460248673522
-1.0025022239031114,-0.8428203064658422
-1.0004071304362294,-0.841690888576212
-0.998312036969347,-0.8405577761559452
-0.996216943502465,-0.839420974178743
-0.9941218500355831,-0.8382804876345007
-0.9920267565687007,-0.8371363215292869
-0.9899316631018187,-0.835988480885322
-0.9878365696349363,-0.8348369707409543
-0.9857414761680543,-0.8336817961506405
-0.9836463827011719,-0.8325229621849207
-0.9815512892342899,-0.8313604739303987
-0.9794561957674079,-0.8301943364897175
-0.9773611023005255,-0.8290245549815382
-0.9752660088336436,-0.8278511345405177
-0.9731709153667611,-0.826674080317285
-0.9710758218998792,-0.8254933974784199
-0.9689807284329972,-0.8243090912064293
-0.9668856349661148,-0.8231211666997246
-0.9647905414992328,-0.8219296291726
-0.9626954480323504,-0.8207344838552079
-0.9606003545654684,-0.8195357359935374
-0.958505261098586,-0.8183333908493899
-0.9564101676317041,-0.8171274537003579
-0.9543150741648221,-0.8159179298397996
-0.9522199806979397,-0.8147048245768171
-0.9501248872310577,-0.8134881432362333
-0.9480297937641753,-0.8122678911585672
-0.9459347002972933,-0.811044073700012
-0.9438396068304113,-0.8098166962324101
-0.9417445133635289,-0.8085857641432305
-0.939649419896647,-0.8073512828355455
-0.9375543264297646,-0.8061132577280054
-0.9354592329628826,-0.8048716942548165
-0.9333641394960002,-0.8036265978657161
-0.9312690460291182,-0.8023779740259491
-0.9291739525622362,-0.8011258282162438
-0.9270788590953538,-0.7998701659327873
-0.9249837656284718,-0.7986109926872033
-0.9228886721615894,-0.797348314006525
-0.9207935786947075,-0.7960821354331737
-0.918698485227825,-0.7948124625249323
-0.9166033917609431,-0.7935393008549227
-0.9145082982940611,-0.7922626560115795
-0.9124132048271787,-0.7909825335986265
-0.9103181113602967,-0.7896989392350527
-0.9082230178934143,-0.7884118785550862
-0.9061279244265323,-0.7871213572081708
-0.9040328309596504,-0.7858273808589402
-0.901937737492768,-0.7845299551871933
-0.899842644025886,-0.7832290858878702
-0.8977475505590036,-0.7819247786710258
-0.8956524570921216,-0.7806170392618065
-0.8935573636252392,-0.7793058734004225
-0.8914622701583572,-0.7779912868421255
-0.8893671766914752,-0.7766732853571814
-0.8872720832245928,-0.7753518747308453
-0.8851769897577109,-0.7740270607633375
-0.8830818962908284,-0.7726988492698157
-0.8809868028239465,-0.771367246080352
-0.8788917093570641,-0.770032257039905
-0.8767966158901821,-0.768693888008296
-0.8747015224233001,-0.767352144860182
-0.8726064289564177,-0.7660070334850303
-0.8705113354895357,-0.7646585597870934
-0.8684162420226533,-0.7633067296853816
-0.8663211485557714,-0.7619515491136387
-0.8642260550888894,-0.7605930240203145
-0.862130961622007,-0.7592311603685391
-0.860035868155125,-0.7578659641360979
-0.8579407746882426,-0.7564974413154032
-0.8558456812213606,-0.7551255979134701
-0.8537505877544782,-0.7537504399518882
-0.8516554942875962,-0.7523719734667971
-0.8495604008207143,-0.7509902045088579
-0.8474653073538319,-0.7496051391432279
-0.8453702138869499,-0.7482167834495342
-0.8432751204200675,-0.7468251435218458
-0.8411800269531855,-0.7454302254686483
-0.8390849334863035,-0.7440320354128159
-0.8369898400194211,-0.7426305794915845
-0.8348947465525391,-0.7412258638565266
-0.8327996530856567,-0.7398178946735213
-0.8307045596187748,-0.7384066781227304
-0.8286094661518923,-0.7369922203985685
-0.8265143726850104,-0.7355745277096781
-0.8244192792181284,-0.7341536062789006
-0.822324185751246,-0.7327294623432495
-0.820229092284364,-0.7313021021538842
-0.8181339988174816,-0.7298715319760803
-0.8160389053505996,-0.7284377580892049
-0.8139438118837172,-0.7270007867866858
-0.8118487184168353,-0.725560624375987
-0.8097536249499533,-0.7241172771785789
-0.8076585314830709,-0.722670751529911
-0.8055634380161889,-0.7212210537793854
-0.8034683445493065,-0.7197681902903265
-0.8013732510824245,-0.7183121674399556
-0.7992781576155426,-0.7168529916193613
-0.7971830641486601,-0.7153906692334714
-0.7950879706817782,-0.7139252067010264
-0.7929928772148958,-0.7124566104545489
-0.7908977837480138,-0.710984886940318
-0.7888026902811314,-0.7095100426183384
-0.7867075968142494,-0.7080320839623145
-0.7846125033473674,-0.70655101745962
-0.782517409880485,-0.7050668496112702
-0.780422316413603,-0.7035795869318942
-0.7783272229467206,-0.7020892359497046
-0.7762321294798387,-0.7005958032064712
-0.7741370360129562,-0.6990992952574893
-0.7720419425460743,-0.697599718671554
-0.7699468490791923,-0.6960970800309291
-0.7678517556123099,-0.6945913859313189
-0.7657566621454279,-0.6930826429818403
-0.7636615686785455,-0.6915708578049917
-0.7615664752116635,-0.6900560370366263
-0.7594713817447816,-0.6885381873259208
-0.7573762882778992,-0.6870173153353472
-0.7552811948110172,-0.6854934277406445
-0.7531861013441348,-0.6839665312307872
-0.7510910078772528,-0.6824366325079585
-0.7489959144103704,-0.6809037382875182
-0.7469008209434884,-0.6793678552979757
-0.7448057274766064,-0.6778289902809587
-0.742710634009724,-0.6762871499911841
-0.7406155405428421,-0.6747423411964294
-0.7385204470759597,-0.6731945706775011
-0.7364253536090777,-0.6716438452282067
-0.7343302601421957,-0.6700901716553238
-0.7322351666753133,-0.6685335567785701
-0.7301400732084313,-0.6669740074305748
-0.7280449797415489,-0.6654115304568469
-0.725949886274667,-0.6638461327157467
-0.7238547928077845,-0.662277821078454
-0.7217596993409026,-0.6607066024289402
-0.7196646058740206,-0.6591324836639357
-0.7175695124071382,-0.6575554716929007
-0.7154744189402562,-0.655975573437996
-0.7133793254733738,-0.6543927958340499
-0.7112842320064918,-0.652807145828531
-0.7091891385396094,-0.6512186303815146
-0.7070940450727274,-0.6496272564656549
-0.7049989516058455,-0.6480330310661522
-0.7029038581389631,-0.646435961180723
-0.7008087646720811,-0.6448360538195707
-0.6987136712051987,-0.6432333160053517
-0.6966185777383167,-0.6416277547731486
-0.6945234842714347,-0.6400193771704353
-0.6924283908045523,-0.6384081902570484
-0.6903332973376703,-0.6367942011051567
-0.6882382038707879,-0.6351774167992278
-0.686143110403906,-0.6335578444359994
-0.6840480169370236,-0.6319354911244465
-0.6819529234701416,-0.6303103639857515
-0.6798578300032596,-0.6286824701532716
-0.6777627365363772,-0.6270518167725081
-0.6756676430694952,-0.6254184110010763
-0.6735725496026128,-0.6237822600086713
-0.6714774561357308,-0.6221433709770394
-0.6693823626688484,-0.6205017510999442
-0.6672872692019665,-0.6188574075831372
-0.6651921757350845,-0.6172103476443245
-0.6630970822682021,-0.6155605785131351
-0.6610019888013201,-0.6139081074310911
-0.6589068953344377,-0.6122529416515735
-0.6568118018675557,-0.6105950884397923
-0.6547167084006738,-0.6089345550727531
-0.6526216149337913,-0.6072713488392255
-0.6505265214669094,-0.6056054770397128
-0.648431428000027,-0.603936946986417
-0.646336334533145,-0.6022657660032095
-0.6442412410662626,-0.6005919414255968
-0.6421461475993806,-0.5989154806006901
-0.6400510541324986,-0.5972363908871716
-0.6379559606656162,-0.5955546796552625
-0.6358608671987342,-0.593870354286692
-0.6337657737318518,-0.5921834221746626
-0.6316706802649699,-0.5904938907238201
-0.6295755867980879,-0.5888017673502188
-0.6274804933312055,-0.5871070594812903
-0.6253853998643235,-0.5854097745558113
-0.6232903063974411,-0.5837099200238692
-0.6211952129305591,-0.5820075033468318
-0.6191001194636767,-0.5803025319973115
-0.6170050259967947,-0.5785950134591361
-0.6149099325299128,-0.5768849552273126
-0.6128148390630304,-0.5751723648079962
-0.6107197455961484,-0.5734572497184575
-0.608624652129266,-0.5717396174870477
-0.606529558662384,-0.5700194756531685
-0.6044344651955016,-0.5682968317672354
-0.6023393717286196,-0.5665716933906482
-0.6002442782617377,-0.5648440680957547
-0.5981491847948552,-0.5631139634658192
-0.5960540913279733,-0.5613813870949895
-0.5939589978610909,-0.5596463465882617
-0.5918639043942089,-0.5579088495614495
-0.5897688109273269,-0.5561689036411479
-0.5876737174604445,-0.5544265164647014
-0.5855786239935625,-0.5526816956801712
-0.5834835305266801,-0.5509344489462993
-0.5813884370597981,-0.5491847839324772
-0.5792933435929157,-0.5474327083187103
-0.5771982501260338,-0.5456782297955862
-0.5751031566591518,-0.5439213560642391
-0.5730080631922694,-0.5421620948363165
-0.5709129697253874,-0.5404004538339469
-0.568817876258505,-0.5386364407897029
-0.566722782791623,-0.5368700634465706
-0.5646276893247406,-0.5351013295579128
-0.5625325958578586,-0.533330246887437
-0.5604375023909767,-0.53155682320916
-0.5583424089240943,-0.5297810663073738
-0.5562473154572123,-0.5280029839766132
-0.5541522219903299,-0.5262225840216188
-0.5520571285234479,-0.5244398742573058
-0.5499620350565659,-0.5226548625087266
-0.5478669415896835,-0.5208675566110383
-0.5457718481228016,-0.5190779644094692
-0.5436767546559191,-0.5172860937592813
-0.5415816611890372,-0.5154919525257393
-0.5394865677221548,-0.513695548584073
-0.5373914742552728,-0.5118968898194455
-0.5352963807883908,-0.5100959841269164
-0.5332012873215084,-0.5082928394114078
-0.5311061938546264,-0.5064874635876708
-0.529011100387744,-0.5046798645802487
-0.526916006920862,-0.5028700503234442
-0.5248209134539801,-0.5010580287612831
-0.5227258199870977,-0.4992438078474796
-0.5206307265202157,-0.49742739554540294
-0.5185356330533333,-0.49560879982803985
-0.5164405395864513,-0.4937880286779625
-0.5143454461195689,-0.49196509008729034
-0.5122503526526869,-0.49013999205765824
-0.510155259185805,-0.48831274260017843
-0.5080601657189225,-0.48648334973540686
-0.5059650722520406,-0.48465182149330877
-0.5038699787851582,-0.482818165913221
-0.5017748853182762,-0.4809823910438198
-0.4996797918513938,-0.479144504943082
-0.4975846983845118,-0.4773045156782533
-0.49548960491762983,-0.47546243132581
-0.4933945114507474,-0.47361825997142426
-0.49129941798386545,-0.47177200970993044
-0.48920432451698304,-0.46992368864528633
-0.48710923105010107,-0.468073304890541
-0.4850141375832191,-0.4662208665677964
-0.4829190441163367,-0.4643663818081726
-0.4808239506494547,-0.46250985875177375
-0.4787288571825723,-0.46065130554764927
-0.47663376371569033,-0.45879073035376133
-0.4745386702488079,-0.4569281413369458
-0.47244357678192594,-0.45506354667287974
-0.470348483315044,-0.4531969545460426
-0.46825338984816156,-0.4513283731496815
-0.4661582963812796,-0.4494578106857765
-0.4640632029143972,-0.44758527536500176
-0.4619681094475152,-0.44571077540669285
-0.4598730159806328,-0.4438343190388072
-0.4577779225137508,-0.4419559144978914
-0.45568282904686885,-0.4400755700290422
-0.45358773557998644,-0.43819329388587136
-0.45149264211310447,-0.43630909433047105
-0.44939754864622206,-0.4344229796333742
-0.4473024551793401,-0.4325349580735218
-0.4452073617124581,-0.43064503793822373
-0.4431122682455757,-0.4287532275231234
-0.44101717477869373,-0.4268595351321626
-0.4389220813118113,-0.4249639690775426
-0.43682698784492935,-0.4230665376796901
-0.43473189437804693,-0.42116724926721827
-0.43263680091116496,-0.419266112176893
-0.430541707444283,-0.41736313475359366
-0.4284466139774006,-0.41545832535027755
-0.4263515205105186,-0.4135516923279444
-0.4242564270436362,-0.41164324405559716
-0.4221613335767542,-0.4097329889102081
-0.42006624010987226,-0.4078209352766795
-0.41797114664298984,-0.40590709154780785
-0.4158760531761079,-0.40399146612424847
-0.41378095970922546,-0.4020740674144755
-0.4116858662423435,-0.4001549038347485
-0.4095907727754611,-0.39823398380907216
-0.4074956793085791,-0.39631131576916245
-0.40540058584169714,-0.39438690815440697
-0.4033054923748147,-0.39246076941182906
-0.40121039890793275,-0.39053290799605184
-0.39911530544105034,-0.38860333236925837
-0.39702021197416837,-0.38667205100115776
-0.39492511850728595,-0.3847390723689446
-0.392830025040404,-0.38280440495726525
-0.390734931573522,-0.38086805725817746
-0.3886398381066396,-0.37893003777111445
-0.38654474463975763,-0.37699035500284905
-0.3844496511728752,-0.375049017467453
-0.38235455770599325,-0.3731060336862633
-0.3802594642391113,-0.3711614121878419
-0.37816437077222886,-0.36921516150793904
-0.3760692773053469,-0.36726729018945753
-0.3739741838384645,-0.3653178067824123
-0.3718790903715825,-0.3633667198438959
-0.3697839969047001,-0.36141403793803784
-0.3676889034378181,-0.3594597696359702
-0.36559380997093616,-0.35750392351578725
-0.36349871650405374,-0.35554650816250893
-0.3614036230371718,-0.3535875321680445
-0.35930852957028936,-0.3516270041311517
-0.3572134361034074,-0.34966493265740267
-0.3551183426365254,-0.34770132635914297
-0.353023249169643,-0.34573619385545523
-0.35092815570276104,-0.3437695437721223
-0.3488330622358786,-0.341801384741587
-0.34673796876899665,-0.3398317254029168
-0.34464287530211424,-0.3378605744017632
-0.34254778183523227,-0.33588794039032693
-0.3404526883683503,-0.33391383202731695
-0.3383575949014679,-0.3319382579779137
-0.3362625014345859,-0.3299612269137325
-0.3341674079677035,-0.3279827475127823
-0.33207231450082153,-0.32600282845943124
-0.3299772210339391,-0.3240214784443649
-0.32788212756705715,-0.3220387061645516
-0.3257870341001752,-0.3200545203232015
-0.32369194063329276,-0.31806892962972916
-0.3215968471664108,-0.3160819427997172
-0.3195017536995284,-0.3140935685548746
-0.3174066602326464,-0.3121038156230019
-0.31531156676576444,-0.3101126927379502
-0.313216473298882,-0.3081202086395838
-0.31112137983200006,-0.3061263720737431
-0.30902628636511764,-0.30413119179220355
-0.30693119289823567,-0.30213467655264026
-0.30483609943135326,-0.30013683511858635
-0.3027410059644713,-0.29813767625939797
-0.3006459124975893,-0.2961372087502126
-0.2985508190307069,-0.2941354413719119
-0.29645572556382493,-0.2921323829110846
-0.2943606320969425,-0.2901280421599848
-0.29226553863006055,-0.28812242791649667
-0.29017044516317814,-0.28611554898409275
-0.28807535169629617,-0.28410741417179836
-0.2859802582294142,-0.28209803229415026
-0.2838851647625318,-0.280087412171159
-0.2817900712956498,-0.2780755626282717
-0.2796949778287674,-0.27606249249633
-0.27759988436188543,-0.27404821061153517
-0.27550479089500346,-0.2720327258154059
-0.27340969742812105,-0.27001604695474096
-0.2713146039612391,-0.26799818288158184
-0.26921951049435666,-0.26597914245317045
-0.2671244170274747,-0.26395893453191416
-0.2650293235605923,-0.261937567985343
-0.2629342300937103,-0.25991505168607465
-0.26083913662682834,-0.257891394511772
-0.2587440431599459,-0.2558666053451059
-0.25664894969306395,-0.25384069307371726
-0.25455385622618154,-0.25181366659017496
-0.25245876275929957,-0.2497855347919403
-0.2503636692924176,-0.2477563065813251
-0.2482685758255352,-0.24572599086545377
-0.24617348235865322,-0.2436945965562254
-0.2440783888917708,-0.24166213257027194
-0.24198329542488883,-0.23962860782892217
-0.23988820195800642,-0.23759403125815928
-0.23779310849112445,-0.23555841178858514
-0.23569801502424248,-0.23352175835537797
-0.23360292155736007,-0.23148407989825456
-0.2315078280904781,-0.22944538536143222
-0.22941273462359568,-0.22740568369358652
-0.2273176411567137,-0.22536498384781548
-0.2252225476898313,-0.2233232947815968
-0.22312745422294933,-0.221280625456752
-0.22103236075606736,-0.21923698483940415
-0.21893726728918494,-0.21719238189993958
-0.21684217382230297,-0.2151468256129701
-0.21474708035542056,-0.21310032495729028
-0.2126519868885386,-0.21105288891584179
-0.21055689342165662,-0.20900452647567067
-0.2084617999547742,-0.20695524662788942
-0.20636670648789224,-0.20490505836763862
-0.20427161302100982,-0.2028539706940446
-0.20217651955412785,-0.20080199261018328
-0.20008142608724544,-0.1987491331230372
-0.19798633262036347,-0.19669540124345958
-0.1958912391534815,-0.1946408059861315
-0.1937961456865991,-0.1925853563695239
-0.19170105221971712,-0.190529061415859
-0.1896059587528347,-0.188471930151068
-0.18751086528595273,-0.1864139716047546
-0.18541577181907032,-0.18435519481015208
-0.18332067835218835,-0.18229560880408716
-0.18122558488530638,-0.18023522262693717
-0.17913049141842396,-0.17817404532259173
-0.177035397951542,-0.17611208593841435
-0.17494030448465958,-0.17404935352519962
-0.1728452110177776,-0.17198585713713713
-0.17075011755089564,-0.1699216058317685
-0.16865502408401323,-0.16785660866994892
-0.16655993061713126,-0.16579087471580894
-0.16446483715024884,-0.1637244130367113
-0.16236974368336687,-0.16165723270321486
-0.16027465021648446,-0.1595893427890311
-0.1581795567496025,-0.15752075237098803
-0.15608446328272052,-0.15545147052898708
-0.1539893698158381,-0.1533815063459646
-0.15189427634895614,-0.15131086890785336
-0.14979918288207372,-0.1492395673035396
-0.14770408941519175,-0.14716761062482656
-0.14560899594830978,-0.1450950079663916
-0.14351390248142737,-0.14302176842574757
-0.1414188090145454,-0.14094790110320413
-0.13932371554766299,-0.13887341510182474
-0.13722862208078102,-0.1367983195273904
-0.1351335286138986,-0.13472262348835587
-0.13303843514701663,-0.13264633609581344
-0.13094334168013466,-0.13056946646344977
-0.12884824821325225,-0.1284920237075072
-0.12675315474637028,-0.12641401694674503
-0.12465806127948786,-0.12433545530239651
-0.1225629678126059,-0.12225634789813224
-0.12046787434572348,-0.12017670386001662
-0.11837278087884151,-0.11809653231647134
-0.11627768741195954,-0.11601584239823219
-0.11418259394507713,-0.11393464323831035
-0.11208750047819516,-0.11185294397195353
-0.10999240701131274,-0.10977075373660292
-0.10789731354443077,-0.1076880816718565
-0.1058022200775488,-0.10560493691942592
-0.10370712661066639,-0.10352132862309761
-0.10161203314378442,-0.10143726592869401
-0.099516939676902,-0.09935275798403037
-0.09742184621002004,-0.09726781393887805
-0.09532675274313762,-0.09518244294492093
-0.09323165927625565,-0.09309665415571865
-0.09113656580937368,-0.09101045672666341
-0.08904147234249127,-0.08892385981494116
-0.0869463788756093,-0.08683687257949262
-0.08485128540872688,-0.08474950418097
-0.08275619194184491,-0.08266176378170047
-0.0806610984749625,-0.08057366054564218
-0.07856600500808053,-0.07848520363834777
-0.07647091154119856,-0.07639640222692091
-0.07437581807431615,-0.0743072654799775
-0.07228072460743418,-0.07221780256760663
-0.07018563114055176,-0.07012802266132734
-0.0680905376736698,-0.06803793493405184
-0.06599544420678782,-0.06594754856004217
-0.06390035073990541,-0.06385687271487125
-0.06180525727302344,-0.06176591657538397
-0.059710163806141026,-0.05967468931965371
-0.057615070339259056,-0.057583200126945726
-0.05551997687237664,-0.05549145817767322
-0.05342488340549467,-0.053399472653360626
-0.0513297899386127,-0.05130725273660021
-0.04923469647173029,-0.049214807611013066
-0.04713960300484832,-0.04712214646121017
-0.045044509537965904,-0.04502927847274894
-0.042949416071083935,-0.04293621283209646
-0.040854322604201965,-0.040842958726586075
-0.03875922913731955,-0.038749525344378366
-0.03666413567043758,-0.03665592187442217
-0.03456904220355517,-0.03456215750641114
-0.0324739487366732,-0.03246824143074694
-0.030378855269790783,-0.03037418283849539
-0.028283761802908813,-0.028279990921349626
-0.026188668336026844,-0.026185674871586677
-0.02409357486914443,-0.024091243882028452
-0.02199848140226246,-0.021996707146002697
-0.019903387935380046,-0.019902073857299554
-0.017808294468498076,-0.01780735321013475
-0.015713201001615662,-0.015712554399105686
-0.013618107534733692,-0.01361768661915464
-0.011523014067851722,-0.01152275906552528
-0.009427920600969308,-0.009427780933723654
-0.0073328271340873385,-0.007332761419479148
-0.005237733667204925,-0.0052377097187010155
-0.0031426402003229548,-0.0031426350274415694
-0.001047546733440985,-0.0010475465418527013
0.001047546733441429,0.0010475465418531454
0.003142640200323399,0.0031426350274420135
0.005237733667205813,0.005237709718701904
0.007332827134087783,0.007332761419479592
0.009427920600970197,0.009427780933724542
0.011523014067852166,0.011522759065525724
0.013618107534734136,0.013617686619155083
0.01571320100161655,0.015712554399106574
0.01780829446849852,0.017807353210135195
0.019903387935380934,0.01990207385730044
0.021998481402262904,0.02199670714600314
0.024093574869145318,0.02409124388202934
0.026188668336027288,0.02618567487158712
0.028283761802909257,0.02827999092135007
0.03037885526979167,0.03037418283849628
0.03247394873667364,0.032468241430747384
0.034569042203556055,0.034562157506412026
0.036664135670438025,0.03665592187442261
0.038759229137319995,0.03874952534437881
0.04085432260420241,0.04084295872658652
0.04294941607108438,0.04293621283209691
0.04504450953796679,0.04502927847274983
0.04713960300484876,0.047122146461210615
0.049234696471731176,0.049214807611013954
0.051329789938613146,0.05130725273660065
0.053424883405495116,0.05339947265336107
0.05551997687237753,0.055491458177674105
0.0576150703392595,0.05758320012694617
0.059710163806141914,0.0596746893196546
0.061805257273023884,0.06176591657538441
0.06390035073990585,0.0638568727148717
0.06599544420678827,0.06594754856004262
0.06809053767367024,0.06803793493405227
0.07018563114055265,0.07012802266132823
0.07228072460743462,0.07221780256760707
0.07437581807431703,0.07430726547997837
0.076470911541199,0.07639640222692136
0.07856600500808097,0.07848520363834821
0.08066109847496339,0.08057366054564306
0.08275619194184536,0.08266176378170091
0.08485128540872777,0.0847495041809709
0.08694637887560974,0.08683687257949306
0.08904147234249216,0.08892385981494205
0.09113656580937413,0.09101045672666386
0.0932316592762561,0.09309665415571909
0.09532675274313851,0.09518244294492181
0.09742184621002048,0.0972678139388785
0.0995169396769029,0.09935275798403126
0.10161203314378486,0.10143726592869445
0.10370712661066683,0.10352132862309806
0.10580222007754925,0.10560493691942636
0.10789731354443122,0.10768808167185695
0.10999240701131363,0.1097707537366038
0.1120875004781956,0.11185294397195397
0.11418259394507801,0.11393464323831122
0.11627768741195998,0.11601584239823264
0.11837278087884195,0.11809653231647178
0.12046787434572437,0.1201767038600175
0.12256296781260634,0.12225634789813268
0.12465806127948875,0.12433545530239738
0.12675315474637072,0.12641401694674545
0.1288482482132527,0.12849202370750762
0.1309433416801351,0.13056946646345022
0.13303843514701708,0.1326463360958139
0.1351335286138995,0.13472262348835676
0.13722862208078146,0.13679831952739083
0.13932371554766387,0.13887341510182563
0.14141880901454584,0.14094790110320454
0.1435139024814278,0.143021768425748
0.14560899594831023,0.14509500796639205
0.1477040894151922,0.147167610624827
0.1497991828820746,0.14923956730354046
0.15189427634895658,0.1513108689078538
0.153989369815839,0.15338150634596548
0.15608446328272096,0.1554514705289875
0.15817955674960293,0.15752075237098848
0.16027465021648535,0.15958934278903197
0.16236974368336732,0.16165723270321528
0.16446483715024973,0.16372441303671217
0.1665599306171317,0.1657908747158094
0.16865502408401367,0.16785660866994936
0.17075011755089609,0.1699216058317689
0.17284521101777806,0.17198585713713757
0.17494030448466047,0.1740493535252005
0.17703539795154244,0.17611208593841476
0.17913049141842485,0.1781740453225926
0.18122558488530682,0.1802352226269376
0.1833206783521888,0.1822956088040876
0.1854157718190712,0.18435519481015294
0.18751086528595318,0.186413971604755
0.1896059587528356,0.18847193015106886
0.19170105221971756,0.19052906141585946
0.19379614568659997,0.19258535636952476
0.19589123915348194,0.19464080598613195
0.19798633262036391,0.19669540124346002
0.20008142608724633,0.19874913312303807
0.2021765195541283,0.2008019926101837
0.2042716130210107,0.20285397069404545
0.20636670648789268,0.20490505836763906
0.20846179995477465,0.20695524662788983
0.21055689342165707,0.2090045264756711
0.21265198688853904,0.21105288891584223
0.21474708035542145,0.21310032495729117
0.21684217382230342,0.21514682561297052
0.21893726728918583,0.21719238189994047
0.2210323607560678,0.2192369848394046
0.22312745422294977,0.22128062545675245
0.2252225476898322,0.22332329478159765
0.22731764115671416,0.2253649838478159
0.22941273462359657,0.22740568369358738
0.23150782809047854,0.22944538536143266
0.2336029215573605,0.231484079898255
0.23569801502424292,0.23352175835537842
0.2377931084911249,0.23555841178858555
0.2398882019580073,0.23759403125816014
0.24198329542488928,0.2396286078289226
0.2440783888917717,0.2416621325702728
0.24617348235865366,0.24369459655622586
0.24826857582553563,0.24572599086545419
0.25036366929241805,0.24775630658132555
0.2524587627593,0.24978553479194074
0.25455385622618243,0.2518136665901758
0.2566489496930644,0.2538406930737177
0.2587440431599468,0.2558666053451068
0.2608391366268288,0.25789139451177245
0.26293423009371075,0.25991505168607504
0.26502932356059317,0.26193756798534384
0.26712441702747514,0.26395893453191455
0.26921951049435755,0.26597914245317134
0.2713146039612395,0.2679981828815823
0.2734096974281215,0.2700160469547414
0.2755047908950039,0.27203272581540633
0.2775998843618859,0.2740482106115356
0.2796949778287683,0.2760624924963309
0.28179007129565026,0.27807556262827215
0.28388516476253267,0.2800874121711599
0.28598025822941464,0.2820980322941507
0.2880753516962966,0.2841074141717988
0.290170445163179,0.2861155489840936
0.292265538630061,0.2881224279164971
0.2943606320969434,0.2901280421599856
0.2964557255638254,0.292132382911085
0.2985508190307078,0.2941354413719127
0.30064591249758976,0.296137208750213
0.30274100596447173,0.2981376762593984
0.30483609943135415,0.30013683511858724
0.3069311928982361,0.3021346765526407
0.30902628636511853,0.3041311917922044
0.3111213798320005,0.30612637207374355
0.31321647329888247,0.3081202086395842
0.3153115667657649,0.3101126927379506
0.31740666023264685,0.3121038156230023
0.31950175369952927,0.3140935685548754
0.32159684716641124,0.31608194279971763
0.32369194063329365,0.31806892962973005
0.3257870341001756,0.3200545203232019
0.3278821275670576,0.32203870616455205
0.32997722103394,0.32402147844436574
0.332072314500822,0.3260028284594317
0.3341674079677044,0.32798274751278317
0.33626250143458636,0.3299612269137329
0.33835759490146833,0.3319382579779141
0.34045268836835074,0.3339138320273174
0.3425477818352327,0.3358879403903274
0.3446428753021151,0.33786057440176404
0.3467379687689971,0.3398317254029172
0.3488330622358795,0.34180138474158783
0.3509281557027615,0.34376954377212277
0.35302324916964345,0.3457361938554556
0.35511834263652586,0.3477013263591434
0.35721343610340783,0.34966493265740306
0.35930852957029025,0.35162700413115255
0.3614036230371722,0.3535875321680449
0.36349871650405463,0.35554650816250977
0.3655938099709366,0.35750392351578764
0.36768890343781857,0.3594597696359706
0.369783996904701,0.36141403793803867
0.37187909037158295,0.36336671984389635
0.37397418383846537,0.36531780678241316
0.37606927730534734,0.367267290189458
0.3781643707722293,0.3692151615079394
0.3802594642391117,0.3711614121878423
0.3823545577059937,0.37310603368626377
0.3844496511728761,0.37504901746745384
0.3865447446397581,0.37699035500284944
0.3886398381066405,0.3789300377711153
0.39073493157352246,0.38086805725817785
0.39283002504040443,0.38280440495726564
0.39492511850728684,0.38473907236894545
0.3970202119741688,0.3866720510011582
0.3991153054410512,0.3886033323692592
0.4012103989079332,0.3905329079960522
0.4033054923748156,0.3924607694118299
0.4054005858416976,0.39438690815440736
0.40749567930857955,0.39631131576916284
0.40959077277546196,0.39823398380907293
0.41168586624234393,0.40015490383474894
0.41378095970922635,0.4020740674144763
0.4158760531761083,0.40399146612424885
0.4179711466429903,0.40590709154780824
0.4200662401098727,0.4078209352766799
0.42216133357675467,0.4097329889102085
0.4242564270436371,0.411643244055598
0.42635152051051906,0.4135516923279448
0.42844661397740147,0.4154583253502783
0.43054170744428344,0.4173631347535941
0.4326368009111654,0.4192661121768934
0.4347318943780478,0.42116724926721905
0.4368269878449298,0.4230665376796905
0.4389220813118122,0.42496396907754336
0.4410171747786942,0.42685953513216307
0.44311226824557615,0.4287532275231238
0.44520736171245856,0.4306450379382241
0.44730245517934053,0.4325349580735222
0.44939754864622294,0.43442297963337495
0.4514926421131049,0.43630909433047144
0.45358773557998733,0.4381932938858722
0.4556828290468693,0.4400755700290426
0.45777792251375127,0.4419559144978918
0.4598730159806337,0.443834319038808
0.46196810944751565,0.44571077540669324
0.46406320291439807,0.4475852753650026
0.46615829638128004,0.4494578106857769
0.46825338984816245,0.45132837314968227
0.4703484833150444,0.453196954546043
0.4724435767819264,0.4550635466728801
0.4745386702488088,0.4569281413369466
0.4766337637156908,0.4587907303537617
0.4787288571825732,0.46065130554765005
0.48082395064945516,0.46250985875177414
0.4829190441163371,0.46436638180817297
0.48501413758321954,0.46622086656779677
0.4871092310501015,0.46807330489054144
0.4892043245169839,0.4699236886452871
0.4912994179838659,0.47177200970993083
0.4933945114507483,0.47361825997142504
0.4954896049176303,0.4754624313258104
0.49758469838451225,0.4773045156782537
0.49967979185139466,0.47914450494308275
0.5017748853182766,0.4809823910438202
0.503869978785159,0.4828181659132218
0.505965072252041,0.48465182149330915
0.5080601657189234,0.48648334973540763
0.5101552591858054,0.4883127426001788
0.5122503526526874,0.4901399920576586
0.5143454461195698,0.4919650900872911
0.5164405395864518,0.4937880286779629
0.5185356330533342,0.4956087998280406
0.5206307265202161,0.49742739554540333
0.5227258199870981,0.49924380784747996
0.5248209134539805,0.5010580287612836
0.5269160069208625,0.5028700503234447
0.5290111003877449,0.5046798645802494
0.5311061938546269,0.5064874635876712
0.5332012873215093,0.5082928394114085
0.5352963807883913,0.5100959841269168
0.5373914742552732,0.5118968898194459
0.5394865677221556,0.5136955485840737
0.5415816611890376,0.5154919525257396
0.54367675465592,0.517286093759282
0.545771848122802,0.5190779644094696
0.547866941589684,0.5208675566110388
0.5499620350565664,0.522654862508727
0.5520571285234483,0.5244398742573061
0.5541522219903308,0.5262225840216196
0.5562473154572127,0.5280029839766136
0.5583424089240951,0.5297810663073745
0.5604375023909771,0.5315568232091603
0.5625325958578591,0.5333302468874374
0.5646276893247415,0.5351013295579135
0.5667227827916235,0.536870063446571
0.5688178762585059,0.5386364407897036
0.5709129697253879,0.5404004538339472
0.5730080631922703,0.5421620948363173
0.5751031566591522,0.5439213560642394
0.5771982501260342,0.5456782297955866
0.5792933435929166,0.547432708318711
0.5813884370597986,0.5491847839324776
0.583483530526681,0.5509344489463
0.585578623993563,0.5526816956801717
0.5876737174604449,0.5544265164647018
0.5897688109273274,0.5561689036411482
0.5918639043942093,0.5579088495614498
0.5939589978610917,0.5596463465882625
0.5960540913279737,0.5613813870949899
0.5981491847948561,0.56311396346582
0.6002442782617381,0.5648440680957552
0.6023393717286201,0.5665716933906486
0.6044344651955025,0.5682968317672361
0.6065295586623844,0.5700194756531689
0.6086246521292669,0.5717396174870485
0.6107197455961488,0.5734572497184578
0.6128148390630308,0.5751723648079965
0.6149099325299132,0.576884955227313
0.6170050259967952,0.5785950134591364
0.6191001194636776,0.5803025319973123
0.6211952129305596,0.5820075033468322
0.623290306397442,0.58370992002387
0.625385399864324,0.5854097745558117
0.6274804933312059,0.5871070594812906
0.6295755867980883,0.5888017673502192
0.6316706802649703,0.5904938907238204
0.6337657737318527,0.5921834221746632
0.6358608671987347,0.5938703542866923
0.6379559606656171,0.5955546796552632
0.6400510541324991,0.597236390887172
0.642146147599381,0.5989154806006904
0.6442412410662635,0.6005919414255975
0.6463363345331454,0.6022657660032099
0.6484314280000278,0.6039369469864176
0.6505265214669098,0.6056054770397131
0.6526216149337918,0.6072713488392258
0.6547167084006742,0.6089345550727534
0.6568118018675562,0.6105950884397927
0.6589068953344386,0.6122529416515742
0.6610019888013206,0.6139081074310915
0.663097082268203,0.6155605785131357
0.6651921757350849,0.6172103476443248
0.6672872692019669,0.6188574075831376
0.6693823626688493,0.6205017510999449
0.6714774561357313,0.6221433709770398
0.6735725496026137,0.623782260008672
0.6756676430694957,0.6254184110010766
0.6777627365363781,0.6270518167725089
0.67985783000326,0.6286824701532719
0.681952923470142,0.6303103639857518
0.6840480169370244,0.6319354911244471
0.6861431104039064,0.6335578444359998
0.6882382038707888,0.6351774167992285
0.6903332973376708,0.636794201105157
0.6924283908045528,0.6384081902570488
0.6945234842714352,0.6400193771704357
0.6966185777383171,0.6416277547731489
0.6987136712051996,0.6432333160053525
0.7008087646720815,0.644836053819571
0.7029038581389639,0.6464359611807237
0.7049989516058459,0.6480330310661525
0.7070940450727279,0.6496272564656552
0.7091891385396103,0.6512186303815153
0.7112842320064923,0.6528071458285314
0.7133793254733747,0.6543927958340505
0.7154744189402567,0.6559755734379963
0.7175695124071386,0.6575554716929011
0.719664605874021,0.6591324836639361
0.721759699340903,0.6607066024289405
0.7238547928077854,0.6622778210784547
0.7259498862746674,0.663846132715747
0.7280449797415498,0.6654115304568475
0.7301400732084318,0.6669740074305751
0.7322351666753137,0.6685335567785704
0.7343302601421962,0.6700901716553241
0.7364253536090781,0.6716438452282071
0.7385204470759605,0.6731945706775017
0.7406155405428425,0.6747423411964297
0.7427106340097249,0.6762871499911848
0.7448057274766069,0.677828990280959
0.7469008209434889,0.679367855297976
0.7489959144103713,0.6809037382875188
0.7510910078772532,0.6824366325079588
0.7531861013441357,0.6839665312307879
0.7552811948110176,0.6854934277406448
0.7573762882778996,0.6870173153353475
0.759471381744782,0.6885381873259211
0.761566475211664,0.6900560370366267
0.7636615686785464,0.6915708578049924
0.7657566621454284,0.6930826429818406
0.7678517556123108,0.6945913859313195
0.7699468490791928,0.6960970800309294
0.7720419425460747,0.6975997186715543
0.7741370360129571,0.6990992952574898
0.7762321294798391,0.7005958032064715
0.7783272229467215,0.7020892359497053
0.7804223164136035,0.7035795869318945
0.7825174098804859,0.7050668496112708
0.7846125033473679,0.7065510174596203
0.7867075968142498,0.7080320839623149
0.7888026902811323,0.709510042618339
0.7908977837480142,0.7109848869403184
0.7929928772148966,0.7124566104545496
0.7950879706817786,0.7139252067010268
0.7971830641486606,0.7153906692334717
0.799278157615543,0.7168529916193617
0.801373251082425,0.718312167439956
0.8034683445493074,0.719768190290327
0.8055634380161893,0.7212210537793857
0.8076585314830718,0.7226707515299117
0.8097536249499537,0.7241172771785792
0.8118487184168357,0.7255606243759873
0.8139438118837181,0.7270007867866863
0.8160389053506001,0.7284377580892052
0.8181339988174825,0.729871531976081
0.8202290922843645,0.7313021021538845
0.8223241857512464,0.7327294623432499
0.8244192792181289,0.7341536062789009
0.8265143726850108,0.7355745277096785
0.8286094661518932,0.7369922203985692
0.8307045596187752,0.7384066781227308
0.8327996530856576,0.7398178946735219
0.8348947465525396,0.7412258638565269
0.8369898400194216,0.7426305794915848
0.839084933486304,0.7440320354128162
0.8411800269531859,0.7454302254686487
0.8432751204200684,0.7468251435218464
0.8453702138869503,0.7482167834495346
0.8474653073538327,0.7496051391432285
0.8495604008207147,0.7509902045088582
0.8516554942875967,0.7523719734667974
0.8537505877544791,0.7537504399518888
0.8558456812213611,0.7551255979134704
0.8579407746882435,0.7564974413154038
0.8600358681551254,0.7578659641360982
0.8621309616220074,0.7592311603685394
0.8642260550888894,0.7605930240203145
0.8663211485557722,0.7619515491136393
0.8684162420226542,0.7633067296853822
0.8705113354895362,0.7646585597870936
0.8726064289564182,0.7660070334850305
0.8747015224233001,0.767352144860182
0.876796615890183,0.7686938880082965
0.878891709357065,0.7700322570399055
0.8809868028239469,0.7713672460803523
0.8830818962908289,0.772698849269816
0.8851769897577118,0.774027060763338
0.8872720832245937,0.7753518747308459
0.8893671766914757,0.7766732853571816
0.8914622701583577,0.7779912868421258
0.8935573636252396,0.7793058734004227
0.8956524570921225,0.780617039261807
0.8977475505590045,0.7819247786710264
0.8998426440258864,0.7832290858878704
0.9019377374927684,0.7845299551871935
0.9040328309596504,0.7858273808589402
0.9061279244265332,0.7871213572081713
0.9082230178934152,0.7884118785550868
0.9103181113602972,0.7896989392350531
0.9124132048271791,0.7909825335986267
0.9145082982940611,0.7922626560115795
0.916603391760944,0.7935393008549233
0.9186984852278259,0.7948124625249329
0.9207935786947079,0.796082135433174
0.9228886721615899,0.7973483140065252
0.9249837656284727,0.7986109926872037
0.9270788590953547,0.7998701659327878
0.9291739525622367,0.801125828216244
0.9312690460291186,0.8023779740259493
0.9333641394960006,0.8036265978657163
0.9354592329628835,0.8048716942548171
0.9375543264297654,0.8061132577280059
0.9396494198966474,0.8073512828355458
0.9417445133635294,0.8085857641432308
0.9438396068304113,0.8098166962324101
0.9459347002972942,0.8110440737000124
0.9480297937641762,0.8122678911585677
0.9501248872310581,0.8134881432362336
0.9522199806979401,0.8147048245768174
0.9543150741648221,0.8159179298397996
0.9564101676317049,0.8171274537003583
0.9585052610985869,0.8183333908493904
0.9606003545654689,0.8195357359935376
0.9626954480323509,0.8207344838552081
0.9647905414992337,0.8219296291726006
0.9668856349661157,0.8231211666997251
0.9689807284329977,0.8243090912064295
0.9710758218998796,0.8254933974784201
0.9731709153667616,0.8266740803172852
0.9752660088336444,0.8278511345405182
0.9773611023005264,0.8290245549815387
0.9794561957674084,0.8301943364897177
0.9815512892342904,0.8313604739303989
0.9836463827011723,0.8325229621849211
0.9857414761680552,0.8336817961506411
0.9878365696349372,0.8348369707409549
0.9899316631018191,0.8359884808853222
0.9920267565687011,0.8371363215292871
0.9941218500355831,0.8382804876345007
0.9962169435024659,0.8394209741787435
0.9983120369693479,0.8405577761559457
1.0004071304362299,0.8416908885762122
1.0025022239031118,0.8428203064658424
1.0045973173699947,0.8439460248673527
1.0066924108368767,0.8450680388394969
1.0087875043037586,0.8461863434572907
1.0108825977706406,0.8473009338120308
1.0129776912375226,0.8484118050113176
1.0150727847044054,0.8495189521790769
1.0171678781712874,0.8506223704555792
1.0192629716381694,0.8517220549974643
1.0213580651050513,0.8528180009777604
1.0234531585719333,0.8539102035859056
1.0255482520388162,0.85499865802777
1.0276433455056981,0.8560833595256742
1.02973843897258,0.8571643033184136
1.031833532439462,0.8582414846612775
1.033928625906344,0.8593148988260697
1.036023719373227,0.8603845411011305
1.0381188128401089,0.8614504067913551
1.0402139063069908,0.862512491218217
1.0423089997738728,0.863570789719787
1.0444040932407557,0.864625297650754
1.0464991867076376,0.8656760103824443
1.0485942801745196,0.8667229233028441
1.0506893736414016,0.8677660318166179
1.0527844671082836,0.8688053313451298
1.0548795605751664,0.869840817326463
1.0569746540420484,0.8708724852154391
1.0590697475089303,0.8719003304836399
1.0611648409758123,0.8729243486194259
1.0632599344426943,0.8739445351279566
1.0653550279095771,0.8749608855312103
1.0674501213764591,0.8759733953680026
1.069545214843341,0.8769820601940078
1.071640308310223,0.8779868755817776
1.073735401777105,0.8789878371207601
1.0758304952439879,0.87998494041732
1.0779255887108699,0.8809781810947565
1.0800206821777518,0.8819675547933242
1.0821157756446338,0.8829530571702516
1.0842108691115158,0.8839346838997596
1.0863059625783986,0.8849124306730815
1.0884010560452806,0.88588629319848
1.0904961495121626,0.8868562672012689
1.0925912429790445,0.8878223484238296
1.0946863364459274,0.8887845326256311
1.0967814299128094,0.8897428155832467
1.0988765233796913,0.8906971930903754
1.1009716168465733,0.8916476609578581
1.1030667103134553,0.8925942150136968
1.1051618037803381,0.8935368511030736
1.10725689724722,0.8944755650883662
1.109351990714102,0.89541035284917
1.111447084180984,0.8963412102823137
1.113542177647866,0.8972681333018774
1.1156372711147489,0.8981911178392118
1.1177323645816308,0.899110159842954
1.1198274580485128,0.9000252552790473
1.1219225515153948,0.9009364001307584
1.1240176449822767,0.9018435903986942
1.1261127384491596,0.9027468221008206
1.1282078319160416,0.9036460912724779
1.1303029253829235,0.9045413939664009
1.1323980188498055,0.9054327262527344
1.1344931123166884,0.9063200842190517
1.1365882057835703,0.9072034639703696
1.1386832992504523,0.9080828616291678
1.1407783927173343,0.9089582733354055
1.1428734861842162,0.9098296952465369
1.144968579651099,0.9106971235375303
1.147063673117981,0.911560554400882
1.149158766584863,0.912419984046636
1.151253860051745,0.913275408702399
1.153348953518627,0.914126824613357
1.1554440469855098,0.9149742280422927
1.1575391404523918,0.9158176152695998
1.1596342339192738,0.9166569825933024
1.1617293273861558,0.9174923263290687
1.1638244208530377,0.9183236428102286
1.1659195143199206,0.9191509283877892
1.1680146077868026,0.9199741794304501
1.1701097012536845,0.9207933923246211
1.1722047947205665,0.921608563474437
1.1742998881874493,0.9224196893017734
1.1763949816543313,0.9232267662462619
1.1784900751212133,0.924029790765307
1.1805851685880953,0.9248287593341009
1.1826802620549772,0.9256236684456391
1.18477535552186,0.9264145146107358
1.186870448988742,0.9272012943580382
1.188965542455624,0.9279840042340438
1.191060635922506,0.9287626408031143
1.193155729389388,0.9295372006474906
1.1952508228562708,0.9303076803673082
1.1973459163231528,0.9310740765806114
1.1994410097900348,0.9318363859233693
1.2015361032569167,0.9325946050494899
1.2036311967237987,0.9333487306308348
1.2057262901906816,0.9340987593572341
1.2078213836575635,0.9348446879364998
1.2099164771244455,0.9355865130944422
1.2120115705913275,0.9363242315748826
1.2141066640582103,0.937057840139669
1.2162017575250923,0.9377873355686881
1.2182968509919743,0.9385127146598821
1.2203919444588562,0.939233974229261
1.2224870379257382,0.9399511111109174
1.224582131392621,0.9406641221570402
1.226677224859503,0.9413730042379271
1.228772318326385,0.942077754242001
1.230867411793267,0.9427783690758217
1.232962505260149,0.9434748456640997
1.2350575987270318,0.9441671809497105
1.2371526921939138,0.9448553718937068
1.2392477856607957,0.945539415475333
1.2413428791276777,0.9462193086920382
1.2434379725945597,0.9468950485594886
1.2455330660614425,0.947566632111582
1.2476281595283245,0.9482340564004587
1.2497232529952065,0.9488973184965168
1.2518183464620884,0.9495564154884237
1.2539134399289704,0.9502113444831294
1.2560085333958533,0.9508621026058787
1.2581036268627352,0.9515086870002236
1.2601987203296172,0.9521510948280373
1.2622938137964992,0.952789323269525
1.264388907263382,0.9534233695232377
1.266484000730264,0.9540532308060825
1.268579094197146,0.9546789043533371
1.270674187664028,0.9553003874186607
1.27276928113091,0.9559176772741063
1.2748643745977928,0.9565307712101326
1.2769594680646748,0.9571396665356154
1.2790545615315567,0.9577443605778607
1.2811496549984387,0.9583448506826154
1.2832447484653207,0.9589411342140791
1.2853398419322035,0.9595332085549163
1.2874349353990855,0.9601210711062664
1.2895300288659675,0.960704719287757
1.2916251223328494,0.9612841505375139
1.2937202157997314,0.9618593623121728
1.2958153092666143,0.9624303520868911
1.2979104027334962,0.9629971173553568
1.3000054962003782,0.9635596556298023
1.3021005896672602,0.9641179644410137
1.304195683134143,0.9646720413383422
1.306290776601025,0.9652218838897136
1.308385870067907,0.9657674896816413
1.310480963534789,0.9663088563192349
1.312576057001671,0.9668459814262115
1.3146711504685538,0.9673788626449064
1.3167662439354357,0.9679074976362821
1.3188613374023177,0.9684318840799407
1.3209564308691997,0.9689520196741325
1.3230515243360816,0.9694679021357663
1.3251466178029645,0.9699795292004201
1.3272417112698465,0.97048689862235
1.3293368047367284,0.9709900081745014
1.3314318982036104,0.9714888556485175
1.3335269916704924,0.9719834388547497
1.3356220851373752,0.9724737556222672
1.3377171786042572,0.972959803798866
1.3398122720711392,0.9734415812510789
1.3419073655380211,0.973919085864185
1.344002459004904,0.9743923155422182
1.346097552471786,0.9748612682079769
1.348192645938668,0.9753259418030334
1.35028773940555,0.9757863342877424
1.3523828328724319,0.9762424436412501
1.3544779263393147,0.9766942678615037
1.3565730198061967,0.9771418049652585
1.3586681132730787,0.9775850529880888
1.3607632067399607,0.978024009984395
1.3628583002068426,0.9784586740274127
1.3649533936737255,0.9788890432092211
1.3670484871406074,0.979315115640751
1.3691435806074894,0.9797368894517938
1.3712386740743714,0.9801543627910092
1.3733337675412534,0.9805675338259334
1.3754288610081362,0.9809764007429874
1.3775239544750182,0.9813809617474845
1.3796190479419002,0.9817812150636385
1.3817141414087821,0.9821771589345714
1.383809234875665,0.9825687916223216
1.385904328342547,0.9829561114078503
1.387999421809429,0.9833391165910503
1.390094515276311,0.983717805490753
1.3921896087431929,0.9840921764447356
1.3942847022100757,0.9844622278097287
1.3963797956769577,0.9848279579614231
1.3984748891438397,0.9851893652944774
1.4005699826107216,0.9855464482225249
1.4026650760776036,0.9858992051781804
1.4047601695444865,0.9862476346130474
1.4068552630113684,0.9865917349977242
1.4089503564782504,0.9869315048218116
1.4110454499451324,0.9872669425939186
1.4131405434120143,0.9875980468416699
1.4152356368788972,0.9879248161117113
1.4173307303457792,0.988247248969717
1.4194258238126611,0.9885653440003953
1.421520917279543,0.9888790998074951
1.423616010746426,0.9891885150138121
1.425711104213308,0.9894935882611943
1.42780619768019,0.9897943182105486
1.4299012911470719,0.9900907035418466
1.4319963846139538,0.99038274295413
1.4340914780808367,0.9906704351655168
1.4361865715477187,0.9909537789132061
1.4382816650146006,0.9912327729534848
1.4403767584814826,0.9915074160617323
1.4424718519483646,0.9917777070324261
1.4445669454152474,0.9920436446791469
1.4466620388821294,0.9923052278345837
1.4487571323490114,0.9925624553505398
1.4508522258158933,0.9928153260979368
1.4529473192827753,0.9930638389668199
1.4550424127496582,0.9933079928663633
1.4571375062165401,0.9935477867248739
1.4592325996834221,0.993783219489797
1.461327693150304,0.9940142901277205
1.463422786617186,0.9942409976243795
1.465517880084069,0.9944633409846607
1.4676129735509509,0.9946813192326068
1.4697080670178329,0.9948949314114208
1.4718031604847148,0.9951041765834702
1.4738982539515977,0.9953090538302912
1.4759933474184797,0.9955095622525924
1.4780884408853616,0.995705700970259
1.4801835343522436,0.995897469122357
1.4822786278191256,0.9960848658671363
1.4843737212860084,0.9962678903820348
1.4864688147528904,0.996446541863682
1.4885639082197724,0.9966208195279023
1.4906590016866543,0.9967907226097188
1.4927540951535363,0.9969562503633562
1.4948491886204192,0.9971174020622449
1.4969442820873011,0.9972741769990227
1.499039375554183,0.9974265744855395
1.501134469021065,0.9975745938528596
1.503229562487947,0.9977182344512646
1.50532465595483,0.9978574956502562
1.5074197494217119,0.9979923768385591
1.5095148428885938,0.9981228774241239
1.5116099363554758,0.9982489968341294
1.5137050298223587,0.9983707345149851
1.5158001232892406,0.9984880899323338
1.5178952167561226,0.998601062571054
1.5199903102230046,0.9987096519352616
1.5220854036898865,0.9988138575483131
1.5241804971567694,0.9989136789528067
1.5262755906236514,0.9990091157105848
1.5283706840905333,0.999100167402736
1.5304657775574153,0.9991868336295965
1.5325608710242973,0.9992691140107522
1.5346559644911801,0.9993470081850406
1.536751057958062,0.9994205158105516
1.538846151424944,0.9994896365646299
1.540941244891826,0.9995543701438756
1.543036338358708,0.9996147162641464
1.5451314318255909,0.999670674660558
1.5472265252924728,0.9997222450874859
1.5493216187593548,0.9997694273185659
1.5514167122262368,0.9998122211466957
1.5535118056931196,0.9998506263840354
1.5556068991600016,0.9998846428620086
1.5577019926268836,0.9999142704313027
1.5597970860937656,0.9999395089618701
1.5618921795606475,0.9999603583429283
1.5639872730275304,0.9999768184829609
1.5660823664944123,0.9999888893097174
1.5681774599612943,0.9999965707702139
1.5702725534281763,0.9999998628307333
1.5723676468950583,0.9999987654768254
1.5744627403619411,0.999993278713307
1.576557833828823,0.9999834025642617
1.578652927295705,0.99996913707304
1.580748020762587,0.9999504823022591
1.582843114229469,0.9999274383338027
1.5849382076963519,0.9999000052688201
1.5870333011632338,0.9998681832277263
1.5891283946301158,0.9998319723502018
1.5912234880969978,0.999791372795191
1.5933185815638806,0.9997463847409022
1.5954136750307626,0.9996970083848066
1.5975087684976446,0.9996432439436376
1.5996038619645265,0.9995850916533895
1.6016989554314085,0.999522551769317
1.6037940488982914,0.9994556245659336
1.6058891423651733,0.9993843103370105
1.6079842358320553,0.9993086093955754
1.6100793292989373,0.9992285220739113
1.6121744227658192,0.9991440487235546
1.614269516232702,0.9990551897152938
1.616364609699584,0.9989619454391683
1.618459703166466,0.9988643163044655
1.620554796633348,0.9987623027397204
1.62264989010023,0.998655905192713
1.6247449835671128,0.998545124130466
1.6268400770339948,0.9984299600392438
1.6289351705008768,0.9983104134245491
1.6310302639677587,0.9981864848111217
1.6331253574346416,0.9980581747429357
1.6352204509015236,0.9979254837831973
1.6373155443684055,0.9977884125143422
1.6394106378352875,0.9976469615380331
1.6415057313021695,0.997501131475157
1.6436008247690523,0.9973509229658225
1.6456959182359343,0.9971963366693571
1.6477910117028163,0.9970373732643044
1.6498861051696982,0.9968740334484206
1.6519811986365802,0.996706317938672
1.654076292103463,0.9965342274712314
1.656171385570345,0.9963577628014756
1.658266479037227,0.9961769247039811
1.660361572504109,0.9959917139725213
1.662456665970991,0.9958021314200631
1.6645517594378738,0.9956081778787628
1.6666468529047558,0.9954098541999633
1.6687419463716378,0.9952071612541893
1.6708370398385197,0.9950000999311444
1.6729321333054017,0.9947886711397066
1.6750272267722845,0.9945728758079244
1.6771223202391665,0.9943527148830136
1.6792174137060485,0.9941281893313515
1.6813125071729305,0.9938993001384739
1.6834076006398133,0.9936660483090707
1.6855026941066953,0.9934284348669807
1.6875977875735773,0.9931864608551882
1.6896928810404592,0.9929401273358175
1.6917879745073412,0.9926894353901285
1.693883067974224,0.9924343861185122
1.695978161441106,0.9921749806404859
1.698073254907988,0.9919112200946878
1.70016834837487,0.9916431056388724
1.702263441841752,0.9913706384499053
1.7043585353086348,0.991093819723758
1.7064536287755168,0.990812650675503
1.7085487222423987,0.9905271325393077
1.7106438157092807,0.9902372665684298
1.7127389091761627,0.9899430540352115
1.7148340026430455,0.9896444962310734
1.7169290961099275,0.9893415944665099
1.7190241895768095,0.9890343500710824
1.7211192830436914,0.9887227643934142
1.7232143765105743,0.988406838801184
1.7253094699774563,0.9880865746811204
1.7274045634443382,0.9877619734389956
1.7294996569112202,0.9874330364996191
1.7315947503781022,0.9870997653068317
1.733689843844985,0.9867621613234989
1.735784937311867,0.9864202260315048
1.737880030778749,0.9860739609317453
1.739975124245631,0.9857233675441216
1.742070217712513,0.9853684474075335
1.7441653111793958,0.9850092020798727
1.7462604046462777,0.9846456331380165
1.7483554981131597,0.9842777421778195
1.7504505915800417,0.9839055308141079
1.7525456850469237,0.9835290006806718
1.7546407785138065,0.9831481534302582
1.7567358719806885,0.9827629907345639
1.7588309654475704,0.9823735142842277
1.7609260589144524,0.9819797257888235
1.7630211523813353,0.9815816269768523
1.7651162458482172,0.9811792195957351
1.7672113393150992,0.9807725054118048
1.7693064327819812,0.980361486210299
1.7714015262488632,0.9799461637953514
1.773496619715746,0.9795265399899841
1.775591713182628,0.9791026166361008
1.77768680664951,0.9786743955944767
1.779781900116392,0.9782418787447517
1.781876993583274,0.9778050679854217
1.7839720870501568,0.9773639652338303
1.7860671805170387,0.9769185724261609
1.7881622739839207,0.9764688915174272
1.7902573674508027,0.9760149244814654
1.7923524609176846,0.9755566733109251
1.7944475543845675,0.9750941400172608
1.7965426478514495,0.9746273266307235
1.7986377413183314,0.9741562352003506
1.8007328347852134,0.9736808677939578
1.8028279282520963,0.97320122649813
1.8049230217189782,0.9727173134182121
1.8070181151858602,0.9722291306782994
1.8091132086527422,0.9717366804212285
1.8112083021196241,0.9712399648085679
1.813303395586507,0.9707389860206085
1.815398489053389,0.9702337462563544
1.817493582520271,0.9697242477335124
1.819588675987153,0.9692104926884831
1.8216837694540349,0.9686924833763505
1.8237788629209177,0.9681702220708723
1.8258739563877997,0.9676437110644707
1.8279690498546817,0.9671129526682205
1.8300641433215636,0.9665779492118408
1.8321592367884456,0.9660387030436837
1.8342543302553285,0.9654952165307243
1.8363494237222104,0.9649474920585509
1.8384445171890924,0.9643955320313532
1.8405396106559744,0.963839338871913
1.8426347041228563,0.9632789150215928
1.8447297975897392,0.9627142629403254
1.8468248910566212,0.9621453851066033
1.8489199845235031,0.9615722840174674
1.8510150779903851,0.9609949621884962
1.853110171457268,0.9604134221537947
1.85520526492415,0.9598276664659836
1.857300358391032,0.9592376976961878
1.8593954518579139,0.958643518434025
1.8614905453247959,0.9580451312875945
1.8635856387916787,0.9574425388834656
1.8656807322585607,0.956835743866667
1.8677758257254427,0.9562247489006737
1.8698709191923246,0.9556095566673961
1.8719660126592066,0.9549901698671682
1.8740611061260894,0.9543665912187355
1.8761561995929714,0.953738823459244
1.8782512930598534,0.9531068693442267
1.8803463865267354,0.9524707316475926
1.8824414799936173,0.9518304131616138
1.8845365734605002,0.9511859166969138
1.8866316669273822,0.9505372450824555
1.8887267603942641,0.9498844011655277
1.890821853861146,0.9492273878117333
1.892916947328029,0.9485662079049763
1.895012040794911,0.9479008643474501
1.897107134261793,0.9472313600596236
1.8992022277286749,0.946557697980229
1.9012973211955568,0.9458798810662487
1.9033924146624397,0.9451979122929021
1.9054875081293217,0.9445117946536338
1.9075826015962036,0.9438215311600987
1.9096776950630856,0.9431271248421496
1.9117727885299676,0.942428578747824
1.9138678819968504,0.9417258959433306
1.9159629754637324,0.9410190795130362
1.9180580689306144,0.9403081325594512
1.9201531623974963,0.939593058203217
1.9222482558643783,0.9388738595830916
1.9243433493312612,0.9381505398559358
1.9264384427981431,0.9374231021967009
1.928533536265025,0.9366915497984124
1.930628629731907,0.9359558858721572
1.93272372319879,0.9352161136470695
1.934818816665672,0.934472236370317
1.9369139101325539,0.9337242573070857
1.9390090035994358,0.9329721797405661
1.9411040970663178,0.9322160069719387
1.9431991905332007,0.9314557423203593
1.9452942840000826,0.9306913891229458
1.9473893774669646,0.9299229507347611
1.9494844709338466,0.9291504305288002
1.9515795644007286,0.9283738318959751
1.9536746578676114,0.9275931582450989
1.9557697513344934,0.9268084130028732
1.9578648448013753,0.92601959961387
1.9599599382682573,0.9252267215405188
1.9620550317351393,0.9244297822630905
1.9641501252020221,0.923628785279682
1.9662452186689041,0.922823734106202
1.968340312135786,0.9220146322763542
1.970435405602668,0.9212014833416221
1.972530499069551,0.9203842908712536
1.9746255925364329,0.9195630584522463
1.9767206860033149,0.9187377896893296
1.9788157794701968,0.917908488204951
1.9809108729370788,0.9170751576392585
1.9830059664039617,0.9162378016500857
1.9851010598708436,0.9153964239129362
1.9871961533377256,0.9145510281209657
1.9892912468046076,0.9137016179849672
1.9913863402714895,0.9128481972333543
1.9934814337383724,0.9119907696121446
1.9955765272052544,0.9111293388849445
1.9976716206721363,0.9102639088329306
1.9997667141390183,0.9093944832548345
2.0018618076059003,0.908521065966926
2.003956901072783,0.9076436608029956
2.006051994539665,0.9067622716143395
2.008147088006547,0.9058769022697404
2.010242181473429,0.9049875566554516
2.012337274940312,0.9040942386751798
2.014432368407194,0.9031969522500692
2.016527461874076,0.9022957013186819
2.018622555340958,0.9013904898369823
2.0207176488078398,0.9004813217783192
2.0228127422747226,0.8995682011334083
2.0249078357416046,0.8986511319103156
2.0270029292084866,0.8977301181344385
2.0290980226753685,0.8968051638484885
2.0311931161422505,0.8958762731124738
2.0332882096091334,0.894943450003681
2.0353833030760153,0.8940066986166588
2.0374783965428973,0.8930660230631973
2.0395734900097793,0.8921214274723118
2.0416685834766612,0.8911729159902246
2.043763676943544,0.8902204927803459
2.045858770410426,0.889264162023257
2.047953863877308,0.8883039279166901
2.05004895734419,0.8873397946755115
2.052144050811072,0.8863717665317019
2.054239144277955,0.8853998477343382
2.056334237744837,0.8844240425495764
2.058429331211719,0.8834443552606297
2.0605244246786008,0.8824607901677526
2.0626195181454836,0.8814733515882197
2.0647146116123656,0.8804820438563098
2.0668097050792475,0.8794868713232835
2.0689047985461295,0.878487838357366
2.0709998920130115,0.8774849493437278
2.0730949854798943,0.8764782086844644
2.0751900789467763,0.8754676207985792
2.0772851724136583,0.8744531901219617
2.0793802658805403,0.8734349211073688
2.0814753593474222,0.8724128182244061
2.083570452814305,0.8713868859595068
2.085665546281187,0.8703571288159142
2.087760639748069,0.8693235513136596
2.089855733214951,0.8682861579895433
2.091950826681833,0.8672449533971155
2.094045920148716,0.8661999421066545
2.096141013615598,0.8651511287051497
2.0982361070824798,0.8640985177962778
2.1003312005493617,0.863042114000385
2.1024262940162446,0.8619819219544655
2.1045213874831266,0.8609179463121434
2.1066164809500085,0.8598501917436485
2.1087115744168905,0.858778662935799
2.1108066678837725,0.8577033645919794
2.1129017613506553,0.8566243014321201
2.1149968548175373,0.855541478192678
2.1170919482844193,0.8544548996266133
2.1191870417513012,0.8533645705033702
2.121282135218183,0.8522704956088558
2.123377228685066,0.8511726797454184
2.125472322151948,0.8500711277318284
2.12756741561883,0.8489658444032542
2.129662509085712,0.8478568346112432
2.131757602552594,0.8467441032236996
2.133852696019477,0.8456276551248628
2.1359477894863588,0.8445074952152878
2.1380428829532407,0.8433836284118208
2.1401379764201227,0.8422560596475798
2.1422330698870056,0.8411247938719314
2.1443281633538875,0.8399898360504717
2.1464232568207695,0.8388511911650012
2.1485183502876515,0.8377088642135047
2.1506134437545334,0.8365628602101294
2.1527085372214163,0.8354131841851619
2.1548036306882983,0.8342598411850085
2.1568987241551802,0.8331028362721699
2.158993817622062,0.8319421745252206
2.161088911088944,0.8307778610387869
2.163184004555827,0.8296099009235234
2.165279098022709,0.8284382993060927
2.167374191489591,0.8272630613291401
2.169469284956473,0.8260841921512729
2.171564378423355,0.8249016969470371
2.173659471890238,0.8237155809068945
2.1757545653571198,0.8225258492372015
2.1778496588240017,0.8213325071601839
2.1799447522908837,0.8201355599139152
2.1820398457577665,0.8189350127522932
2.1841349392246485,0.8177308709450186
2.1862300326915305,0.8165231397775692
2.1883251261584125,0.815311824551178
2.1904202196252944,0.8140969305828106
2.1925153130921773,0.8128784632051402
2.1946104065590593,0.8116564277665269
2.1967055000259412,0.8104308296309908
2.198800593492823,0.8092016741781909
2.200895686959705,0.8079689668034005
2.202990780426588,0.8067327129174834
2.20508587389347,0.8054929179468721
2.207180967360352,0.8042495873335406
2.209276060827234,0.8030027265349831
2.211371154294116,0.8017523410241891
2.2134662477609988,0.8004984362896191
2.2155613412278807,0.7992410178351823
2.2176564346947627,0.7979800911802097
2.2197515281616447,0.7967156618594319
2.2218466216285275,0.7954477354229531
2.2239417150954095,0.7941763174362299
2.2260368085622915,0.792901413480043
2.2281319020291734,0.7916230291504748
2.2302269954960554,0.7903411700588849
2.2323220889629383,0.7890558418318843
2.2344171824298202,0.7877670501113131
2.236512275896702,0.7864748005542124
2.238607369363584,0.785179098832802
2.240702462830466,0.7838799506344544
2.242797556297349,0.7825773616616696
2.244892649764231,0.7812713376320525
2.246987743231113,0.779961884278284
2.249082836697995,0.7786490073480982
2.251177930164877,0.777332712604257
2.2532730236317597,0.7760130058245236
2.2553681170986417,0.7746898928016401
2.2574632105655237,0.773363379343298
2.2595583040324057,0.7720334712721154
2.2616533974992876,0.7707001744256108
2.2637484909661705,0.7693634946561769
2.2658435844330524,0.768023437831057
2.2679386778999344,0.7666800098323162
2.2700337713668164,0.7653332165568175
2.2721288648336992,0.763983063916195
2.274223958300581,0.7626295578368301
2.276319051767463,0.7612727042598222
2.278414145234345,0.7599125091409646
2.280509238701227,0.7585489784507186
2.28260433216811,0.7571821181741853
2.284699425634992,0.7558119343110832
2.286794519101874,0.7544384328757172
2.288889612568756,0.7530616198969552
2.290984706035638,0.7516815014182007
2.2930797995025207,0.750298083497366
2.2951748929694027,0.7489113722068477
2.2972699864362847,0.7475213736334965
2.2993650799031666,0.7461280938785931
2.3014601733700486,0.7447315390578206
2.3035552668369315,0.7433317153012371
2.3056503603038134,0.7419286287532512
2.3077454537706954,0.7405222855725916
2.3098405472375774,0.739112691932282
2.3119356407044602,0.7376998540196135
2.314030734171342,0.7362837780361191
2.316125827638224,0.7348644701975435
2.318220921105106,0.733441936733818
2.320316014571988,0.732016183889032
2.322411108038871,0.7305872179214062
2.324506201505753,0.7291550451032663
2.326601294972635,0.7277196717210128
2.328696388439517,0.726281104075095
2.330791481906399,0.7248393484799834
2.3328865753732817,0.7233944112641411
2.3349816688401637,0.7219462987699984
2.3370767623070456,0.7204950173539215
2.3391718557739276,0.7190405733861868
2.3412669492408096,0.7175829732509525
2.3433620427076924,0.7161222233462301
2.3454571361745744,0.7146583300838582
2.3475522296414564,0.7131912998894713
2.3496473231083383,0.7117211392024738
2.351742416575221,0.7102478544760107
2.353837510042103,0.708771452176941
2.355932603508985,0.7072919387858069
2.358027696975867,0.7058093207968064
2.360122790442749,0.7043236047177653
2.362217883909632,0.7028347970701075
2.364312977376514,0.7013429043888288
2.366408070843396,0.699847933222465
2.368503164310278,0.6983498901330648
2.37059825777716,0.6968487816961609
2.3726933512440427,0.6953446145007409
2.3747884447109247,0.69383739514922
2.3768835381778066,0.692327130257409
2.3789786316446886,0.6908138264544871
2.3810737251115706,0.6892974903829728
2.3831688185784534,0.6877781286986939
2.3852639120453354,0.6862557480707607
2.3873590055122174,0.6847303551815329
2.3894540989790993,0.6832019567265929
2.391549192445982,0.6816705594147153
2.393644285912864,0.6801361699678399
2.395739379379746,0.6785987951210379
2.397834472846628,0.6770584416224856
2.39992956631351,0.675515116233434
2.402024659780393,0.673968825728178
2.404119753247275,0.6724195768940295
2.406214846714157,0.6708673765312841
2.408309940181039,0.6693122314531936
2.410405033647921,0.667754148485935
2.4125001271148037,0.6661931344685803
2.4145952205816856,0.6646291962530695
2.4166903140485676,0.6630623407041756
2.4187854075154496,0.661492574699478
2.4208805009823315,0.6599199051293312
2.4229755944492144,0.6583443388968339
2.4250706879160964,0.6567658829178016
2.4271657813829783,0.6551845441207321
2.4292608748498603,0.6536003294467776
2.4313559683167423,0.6520132458497138
2.433451061783625,0.6504233002959087
2.435546155250507,0.6488304997642943
2.437641248717389,0.6472348512463328
2.439736342184271,0.6456363617459878
2.441831435651154,0.6440350382796923
2.443926529118036,0.642430887876321
2.446021622584918,0.6408239175771551
2.4481167160518,0.6392141344358542
2.450211809518682,0.6376015455184245
2.4523069029855646,0.6359861579031876
2.4544019964524466,0.6343679786807513
2.4564970899193286,0.6327470149539752
2.4585921833862106,0.631123273837942
2.4606872768530925,0.6294967624599251
2.4627823703199754,0.6278674879593574
2.4648774637868573,0.6262354574878024
2.4669725572537393,0.6246006782089183
2.4690676507206213,0.6229631572984299
2.4711627441875033,0.621322901944096
2.473257837654386,0.6196799193456777
2.475352931121268,0.6180342167149085
2.47744802458815,0.6163858012754599
2.479543118055032,0.6147346802629113
2.481638211521915,0.6130808609247174
2.483733304988797,0.6114243505201788
2.485828398455679,0.609765156320407
2.487923491922561,0.6081032856082934
2.4900185853894428,0.6064387456784787
2.4921136788563256,0.6047715438373185
2.4942087723232076,0.6031016874028551
2.4963038657900896,0.6014291837047808
2.4983989592569715,0.5997540400844085
2.5004940527238535,0.5980762638946386
2.5025891461907364,0.5963958624999267
2.5046842396576183,0.5947128432762531
2.5067793331245003,0.593027213611087
2.5088744265913823,0.5913389809033567
2.5109695200582642,0.5896481525634162
2.513064613525147,0.587954736013012
2.515159706992029,0.5862587386852536
2.517254800458911,0.5845601680245766
2.519349893925793,0.5828590314867125
2.521444987392676,0.5811553365386548
2.523540080859558,0.5794490906586292
2.52563517432644,0.5777403013360564
2.5277302677933218,0.5760289760715217
2.5298253612602037,0.5743151223767421
2.5319204547270866,0.572598747774532
2.5340155481939686,0.5708798597987733
2.5361106416608505,0.5691584659943781
2.5382057351277325,0.5674345739172582
2.5403008285946145,0.5657081911342913
2.5423959220614973,0.5639793252232872
2.5444910155283793,0.5622479837729575
2.5465861089952613,0.5605141743828775
2.5486812024621432,0.5587779046634564
2.550776295929025,0.5570391822359024
2.552871389395908,0.5552980147321892
2.55496648286279,0.5535544097950251
2.557061576329672,0.5518083750778151
2.559156669796554,0.5500599182446302
2.561251763263437,0.5483090469701722
2.563346856730319,0.5465557689397436
2.565441950197201,0.5448000918492083
2.5675370436640828,0.5430420234049619
2.5696321371309647,0.5412815713238963
2.5717272305978476,0.5395187433333657
2.5738223240647295,0.5377535471711552
2.5759174175316115,0.5359859905854426
2.5780125109984935,0.5342160813347674
2.5801076044653755,0.5324438271879959
2.5822026979322583,0.5306692359242863
2.5842977913991403,0.5288923153330576
2.5863928848660223,0.5271130732139511
2.5884879783329042,0.5253315173767987
2.590583071799786,0.5235476556415887
2.592678165266669,0.5217614958384295
2.594773258733551,0.5199730458075196
2.596868352200433,0.5181823133991075
2.598963445667315,0.5163893064734609
2.601058539134198,0.5145940329008308
2.60315363260108,0.5127965005614195
2.6052487260679618,0.5109967173453415
2.6073438195348437,0.5091946911525924
2.6094389130017257,0.5073904298930131
2.6115340064686086,0.5055839414862543
2.6136290999354905,0.5037752338617449
2.6157241934023725,0.5019643149586526
2.6178192868692545,0.5001511927258518
2.6199143803361364,0.49833587512188887
2.6220094738030193,0.4965183701149452
2.6241045672699013,0.4946986856828061
2.6261996607367832,0.4928768298128211
2.628294754203665,0.4910528105018716
2.630389847670547,0.4892266357563355
2.63248494113743,0.4873983135920509
2.634580034604312,0.48556785203428404
2.636675128071194,0.4837352591176897
2.638770221538076,0.48190054288627876
2.640865315004958,0.48006371139338216
2.6429604084718408,0.47822477270161495
2.6450555019387227,0.4763837348828438
2.6471505954056047,0.474540606018147
2.6492456888724867,0.47269539419778206
2.6513407823393695,0.47084810752114875
2.6534358758062515,0.4689987540967565
2.6555309692731335,0.4671473420421842
2.6576260627400154,0.4652938794840479
2.6597211562068974,0.46343837455796383
2.6618162496737803,0.4615808354085125
2.6639113431406622,0.4597212701892058
2.666006436607544,0.45785968706244634
2.668101530074426,0.45599609419949516
2.670196623541308,0.45413049978043474
2.672291717008191,0.45226291199413254
2.674386810475073,0.45039333903820794
2.676481903941955,0.4485217891189918
2.678576997408837,0.4466482704514935
2.680672090875719,0.4447727912593641
2.6827671843426018,0.4428953597748593
2.6848622778094837,0.44101598423880656
2.6869573712763657,0.4391346729005644
2.6890524647432477,0.43725143401798916
2.6911475582101305,0.43536627585739696
2.6932426516770125,0.433479206693531
2.6953377451438945,0.43159023480952036
2.6974328386107764,0.4296993684968464
2.6995279320776584,0.4278066160553063
2.7016230255445413,0.4259119857929752
2.7037181190114232,0.4240154860261732
2.705813212478305,0.4221171250794242
2.707908305945187,0.42021691128542227
2.710003399412069,0.41831485298499427
2.712098492878952,0.4164109585270628
2.714193586345834,0.4145052362686123
2.716288679812716,0.412597694574648
2.718383773279598,0.41068834181816205
2.72047886674648,0.40877718638009614
2.7225739602133627,0.4068642366493038
2.7246690536802447,0.40494950102251703
2.7267641471471267,0.40303298790430436
2.7288592406140086,0.4011147057070372
2.7309543340808915,0.39919466285085153
2.7330494275477735,0.39727286776361387
2.7351445210146554,0.39534932888087965
2.7372396144815374,0.39342405464585944
2.7393347079484194,0.3914970535093808
2.7414298014153022,0.38956833392985074
2.743524894882184,0.38763790437322154
2.745619988349066,0.385705773312949
2.747715081815948,0.38377194922995805
2.74981017528283,0.38183644061260535
2.751905268749713,0.3798992559566406
2.754000362216595,0.3779604037651729
2.756095455683477,0.3760198925486285
2.758190549150359,0.37407773082471635
2.760285642617241,0.37213392711839033
2.7623807360841237,0.37018848996181086
2.7644758295510057,0.3682414278943107
2.7665709230178877,0.36629274946235246
2.7686660164847696,0.36434246321949454
2.7707611099516525,0.36239057772635197
2.7728562034185344,0.3604371015505618
2.7749512968854164,0.35848204326674094
2.7770463903522984,0.3565254114564516
2.7791414838191804,0.3545672147081628
2.781236577286063,0.35260746161721207
2.783331670752945,0.3506461607857707
2.785426764219827,0.3486833208228011
2.787521857686709,0.3467189503440226
2.789616951153591,0.34475305797187256
2.791712044620474,0.34278565233546754
2.793807138087356,0.3408167420705691
2.795902231554238,0.33884633581954077
2.79799732502112,0.33687444223131335
2.800092418488002,0.3349010699613462
2.8021875119548847,0.33292622767158836
2.8042826054217667,0.33094992403044393
2.8063776988886486,0.32897216771272897
2.8084727923555306,0.3269929673996368
2.8105678858224126,0.32501233177869904
2.8126629792892954,0.3230302695437466
2.8147580727561774,0.3210467893948749
2.8168531662230594,0.3190619000384007
2.8189482596899413,0.3170756101868271
2.821043353156824,0.31508792855880396
2.823138446623706,0.3130988638790924
2.825233540090588,0.3111084248785221
2.82732863355747,0.3091166202939558
2.829423727024352,0.3071234588682506
2.831518820491235,0.3051289493502183
2.833613913958117,0.30313310049459063
2.835709007424999,0.3011359210619758
2.837804100891881,0.29913741981882314
2.839899194358763,0.29713760553738405
2.8419942878256457,0.29513648699567263
2.8440893812925276,0.29313407297743027
2.8461844747594096,0.2911303722720824
2.8482795682262916,0.2891253936747029
2.8503746616931736,0.2871191459859751
2.8524697551600564,0.2851116380121518
2.8545648486269384,0.28310287856502037
2.8566599420938203,0.28109287646185893
2.8587550355607023,0.2790816405254009
2.860850129027585,0.2770691795837947
2.862945222494467,0.27505550247056826
2.865040315961349,0.27304061802458535
2.867135409428231,0.2710245350900101
2.869230502895113,0.26900726251626716
2.871325596361996,0.26698880915800227
2.873420689828878,0.26496918387504664
2.87551578329576,0.262948395532373
2.877610876762642,0.26092645300006
2.879705970229524,0.2589033651532527
2.8818010636964067,0.2568791408721223
2.8838961571632886,0.25485378904183115
2.8859912506301706,0.2528273185524881
2.8880863440970526,0.25079973829911306
2.8901814375639345,0.24877105718159742
2.8922765310308174,0.24674128410466364
2.8943716244976994,0.2447104279778299
2.8964667179645813,0.24267849771536576
2.8985618114314633,0.24064550223625644
2.900656904898346,0.23861145046416196
2.902751998365228,0.23657635132738153
2.90484709183211,0.23454021375880896
2.906942185298992,0.2325030466958971
2.909037278765874,0.23046485908061773
2.911132372232757,0.2284256598594213
2.913227465699639,0.22638545798320123
2.915322559166521,0.22434426240724945
2.917417652633403,0.22230208209122052
2.9195127461002848,0.2202589259990914
2.9216078395671676,0.21821480309912122
2.9237029330340496,0.2161697223638156
2.9257980265009316,0.21412369276988172
2.9278931199678135,0.21207672329819266
2.9299882134346955,0.21002882293374697
2.9320833069015784,0.2079800006656284
2.9341784003684603,0.20593026548697
2.9362734938353423,0.20387962639490922
2.9383685873022243,0.2018280923905522
2.940463680769107,0.1997756724789322
2.942558774235989,0.19772237566897377
2.944653867702871,0.19566821097344794
2.946748961169753,0.1936131874089361
2.948844054636635,0.19155731399578954
2.950939148103518,0.18950059975808908
2.9530342415704,0.18744305372360884
2.955129335037282,0.18538468492377141
2.957224428504164,0.18332550239361178
2.9593195219710458,0.18126551517173667
2.9614146154379286,0.17920473230028405
2.9635097089048106,0.17714316282488704
2.9656048023716925,0.17508081579462875
2.9676998958385745,0.17301770026200627
2.9697949893054565,0.1709538252828899
2.9718900827723393,0.16888919991648266
2.9739851762392213,0.16682383322528382
2.9760802697061033,0.1647577342750442
2.9781753631729853,0.16269091213472955
2.980270456639868,0.16062337587647912
2.98236555010675,0.15855513457556947
2.984460643573632,0.15648619731036909
2.986555737040514,0.15441657316230237
2.988650830507396,0.1523462712158086
2.990745923974279,0.1502753005583014
2.992841017441161,0.1482036702801323
2.994936110908043,0.14613138947454543
2.9970312043749248,0.14405846723764132
2.9991262978418067,0.14198491266833604
3.0012213913086896,0.13991073486832026
3.0033164847755716,0.13783594294202295
3.0054115782424535,0.1357605459965661
3.0075066717093355,0.13368455314172825
3.0096017651762175,0.13160797348990366
3.0116968586431003,0.12953081615606135
3.0137919521099823,0.1274530902577087
3.0158870455768643,0.12537480491484615
3.0179821390437462,0.12329596924993061
3.020077232510628,0.12121659238783457
3.022172325977511,0.1191366834558052
3.024267419444393,0.11705625158342782
3.026362512911275,0.11497530590258044
3.028457606378157,0.11289385554739732
3.03055269984504,0.11081190965422706
3.032647793311922,0.10872947736159602
3.0347428867788038,0.10664656781016289
3.0368379802456857,0.1045631901426822
3.0389330737125677,0.10247935350396317
3.0410281671794506,0.10039506704082878
3.0431232606463325,0.09831033990207913
3.0452183541132145,0.09622518123844596
3.0473134475800965,0.09413960020255607
3.0494085410469784,0.0920536059488902
3.0515036345138613,0.08996720763374196
3.0535987279807433,0.08788041441518128
3.0556938214476252,0.08579323545300876
3.057788914914507,0.08370567990871915
3.059884008381389,0.08161775694546008
3.061979101848272,0.07952947572799113
3.064074195315154,0.07744084542264702
3.066169288782036,0.07535187519729214
3.068264382248918,0.07326257422128375
3.070359475715801,0.07117295166543011
3.072454569182683,0.06908301670195363
3.0745496626495648,0.06699277850444538
3.0766447561164467,0.06490224624782827
3.0787398495833287,0.06281142910831605
3.0808349430502115,0.06072033626337201
3.0829300365170935,0.05862897689167226
3.0850251299839755,0.05653736017306019
3.0871202234508575,0.05444549528850965
3.0892153169177394,0.052353391420083814
3.0913104103846223,0.05026105775089394
3.0934055038515043,0.048168503465062684
3.0955005973183862,0.04607573774767836
3.097595690785268,0.04398276978475829
3.09969078425215,0.041889608763207485
3.101785877719033,0.03979626387077751
3.103880971185915,0.037702744296029676
3.105976064652797,0.035609059228289386
3.108071158119679,0.03351521785760933
3.110166251586562,0.03142122937472741
3.1122613450534438,0.02932710297102992
3.1143564385203257,0.02723284783850588
3.1164515319872077,0.025138473169710244
3.1185466254540897,0.02304398815772266
3.1206417189209725,0.02094940199610623
3.1227368123878545,0.018854723878870716
3.1248319058547365,0.016759963000426828
3.1269269993216184,0.014665128555549455
3.1290220927885004,0.012570229739336391
3.1311171862553833,0.0104752757471671
3.1332122797222652,0.008380275774665895
3.135307373189147,0.006285239017656254
3.137402466656029,0.004190174672124006
3.139497560122911,0.0020950919341760762
3.141592653589793,1.2246467991473532e-16
