x,y
-100.0,1.9999980926513672
-99.93331110370123,1.9275872169722337
-99.86662220740247,1.8646554288714925
-99.7999333111037,1.8552464065325764
-99.73324441480493,1.7623163424218709
-99.66655551850617,1.7009048190628218
-99.5998666222074,1.7295930497007435
-99.53317772590863,1.7024600718977676
-99.46648882960987,1.6844255260110585
-99.3997999333111,1.7111254444139388
-99.33311103701234,1.634147913607415
-99.26642214071357,1.5428794559181167
-99.1997332444148,1.5257560698486556
-99.13304434811604,1.4367119088967162
-99.06635545181727,1.3535749262396557
-98.9996665555185,1.4035641930701224
-98.93297765921974,1.4207690292021076
-98.86628876292097,1.4007693214061507
-98.7995998666222,1.4617123267172336
-98.73291097032345,1.4688975401700837
-98.66622207402467,1.4050699159598163
-98.5995331777259,1.4083585936128633
-98.53284428142715,1.381795828054165
-98.46615538512837,1.3220102789120687
-98.3994664888296,1.3733422661110066
-98.33277759253085,1.414590197814234
-98.26608869623207,1.3834496065178803
-98.19939979993332,1.4279353348730415
-98.13271090363455,1.4440209816664933
-98.06602200733577,1.3357507966427684
-97.99933311103702,1.2753138331396543
-97.93264421473825,1.2364841035659238
-97.86595531843948,1.127313605472678
-97.79926642214072,1.09425060981162
-97.73257752584195,1.1132396689357698
-97.66588862954318,1.0642048085014353
-97.59919973324442,1.0616174278498371
-97.53251083694565,1.0710238217136328
-97.46582194064688,0.9636380492802121
-97.39913304434812,0.8852823444623521
-97.33244414804935,0.8655535357969396
-97.26575525175059,0.7656598578342094
-97.19906635545182,0.7209010241635726
-97.13237745915305,0.7919690230887544
-97.06568856285429,0.8058496749407458
-96.99899966655552,0.8229113959951464
-96.93231077025675,0.9061067497422284
-96.86562187395799,0.8992483076483265
-96.79893297765922,0.8594919286050223
-96.73224408136045,0.8848261279160737
-96.66555518506169,0.8511853323551879
-96.59886628876292,0.8218022718996189
-96.53217739246415,0.9052616659315689
-96.46548849616539,0.9442868128497295
-96.39879959986662,0.9461368586544795
-96.33211070356785,1.0302087909010578
-96.26542180726909,1.0416959545494784
-96.19873291097032,0.9630946259735599
-96.13204401467155,0.9540582607340353
-96.06535511837279,0.9222500128287928
-95.99866622207402,0.8381654370286786
-95.93197732577526,0.8561287990624826
-95.8652884294765,0.882856824900519
-95.79859953317772,0.847607509815088
-95.73191063687896,0.8813599145598174
-95.6652217405802,0.8917823878969251
-95.59853284428142,0.797485254706751
-95.53184394798267,0.7670374485268255
-95.4651550516839,0.7602859269484754
-95.39846615538512,0.6810558354510585
-95.33177725908637,0.6935958496303066
-95.2650883627876,0.7771854808130136
-95.19839946648882,0.7869996708587531
-95.13171057019007,0.8327313121499555
-95.0650216738913,0.908335342402071
-94.99833277759254,0.8729132906586207
-94.93164388129377,0.847382254274984
-94.864954984995,0.8680263527604297
-94.79826608869624,0.8141874175429297
-94.73157719239747,0.8081967861849874
-94.6648882960987,0.8960940000259561
-94.59819939979994,0.9068513564661144
-94.53151050350117,0.9144772187777981
-94.4648216072024,0.9846971444239301
-94.39813271090364,0.9428519092769604
-94.33144381460487,0.8450698541294674
-94.2647549183061,0.8159323593831457
-94.19806602200734,0.7302771879425151
-94.13137712570857,0.6290380979324467
-94.0646882294098,0.6355002441933214
-93.99799933311104,0.6135049404391473
-93.93131043681227,0.5606834436293896
-93.8646215405135,0.5832673505332454
-93.79793264421474,0.5400828755450815
-93.73124374791597,0.4195771730308244
-93.66455485161721,0.38267630092152544
-93.59786595531844,0.326114719853587
-93.53117705901967,0.2185079099813261
-93.46448816272091,0.22816069815821904
-93.39779926642214,0.26449678932271437
-93.33111037012337,0.23630515119529494
-93.26442147382461,0.2758420319980447
-93.19773257752584,0.30711799119574557
-93.13104368122707,0.23660173165911227
-93.06435478492831,0.2165033072220981
-92.99766588862954,0.2138261872240185
-92.93097699233078,0.13735069855299223
-92.86428809603201,0.14553343940362293
-92.79759919973324,0.2135639708339102
-92.73091030343448,0.19118473117762685
-92.66422140713571,0.199195238184257
-92.59753251083694,0.23742368800214242
-92.53084361453818,0.15423897118125401
-92.46415471823941,0.06469859411604482
-92.39746582194064,0.027833157828137955
-92.33077692564189,-0.07952904769412683
-92.26408802934311,-0.1488446098530292
-92.19739913304434,-0.1235635164573873
-92.13071023674559,-0.16113227166686714
-92.06402134044681,-0.19335518479199906
-91.99733244414804,-0.15757310750641249
-91.93064354784929,-0.22436964757185213
-91.86395465155051,-0.33231227045310757
-91.79726575525174,-0.3517796313197773
-91.73057685895299,-0.41553575085760247
-91.66388796265421,-0.4884557184947268
-91.59719906635544,-0.43558418338928884
-91.53051017005669,-0.39217316767934524
-91.46382127375792,-0.3803137130998129
-91.39713237745916,-0.28760332475588496
-91.33044348116039,-0.24970522018652944
-91.26375458486162,-0.2890546500034564
-91.19706568856286,-0.25386594362906106
-91.13037679226409,-0.2395748270223501
-91.06368789596532,-0.28200750279479925
-90.99699899966656,-0.2136357071398303
-90.93031010336779,-0.12432426294215126
-90.86362120706902,-0.11188701268278443
-90.79693231077026,-0.04100794490083395
-90.73024341447149,0.01902944557916522
-90.66355451817273,-0.03380327981212661
-90.59686562187396,-0.04835792263511134
-90.53017672557519,-0.04687308025989541
-90.46348782927643,-0.12342118129371933
-90.39679893297766,-0.12137428830547854
-90.33011003667889,-0.057144693317517634
-90.26342114038013,-0.07766412372486295
-90.19673224408136,-0.06408034828575182
-90.13004334778259,-0.007120133691437813
-90.06335445148383,-0.06588137794737557
-89.99666555518506,-0.12460757776475245
-89.92997665888629,-0.1155720962436396
-89.86328776258753,-0.16514634241982618
-89.79659886628876,-0.17649086096318495
-89.72990996998999,-0.08454406752282023
-89.66322107369123,-0.04547442654055216
-89.59653217739246,-0.0025611411788169355
-89.52984328109369,0.10841368810775498
-89.46315438479493,0.11877361994117798
-89.39646548849616,0.0826277409521686
-89.32977659219739,0.12925542646954158
-89.26308769589863,0.1233934910457469
-89.19639879959986,0.09359357503848166
-89.1297099033011,0.18177437247604467
-89.06302100700233,0.2508099739773155
-88.99633211070356,0.26912976917140724
-88.9296432144048,0.35127601127143554
-88.86295431810603,0.3723115479838503
-88.79626542180726,0.2996223914575433
-88.7295765255085,0.2887588400945134
-88.66288762920973,0.251075827293731
-88.59619873291098,0.15006333580790554
-88.5295098366122,0.15634373803116602
-88.46282094031343,0.1868939493720584
-88.39613204401468,0.13975884015858236
-88.3294431477159,0.15554171022739055
-88.26275425141714,0.17439334031516257
-88.19606535511838,0.08403454869089462
-88.1293764588196,0.03217493553286285
-88.06268756252084,0.010735043776004524
-87.99599866622208,-0.07611906309334651
-87.92930976992331,-0.08258269608516998
-87.86262087362454,-0.01921489598915067
-87.79593197732578,-0.03205405407398015
-87.72924308102701,-0.0029323542906707846
-87.66255418472824,0.07214153273855309
-87.59586528842948,0.02966248579737207
-87.52917639213071,-0.01625940886968863
-87.46248749583194,0.010327693862500034
-87.39579859953318,-0.032453951445545394
-87.32910970323441,-0.05641138716021163
-87.26242080693564,0.02050405388393015
-87.19573191063688,0.043554286402740706
-87.12904301433811,0.05098358799484293
-87.06235411803935,0.11222328245776463
-86.99566522174058,0.07302343630023796
-86.92897632544181,-0.01705974829007496
-86.86228742914305,-0.03329494032317506
-86.79559853284428,-0.10682632756829413
-86.72890963654551,-0.20251957982324004
-86.66222074024675,-0.17293260116824044
-86.59553184394798,-0.1588576511399741
-86.52884294764921,-0.1996529174449745
-86.46215405135045,-0.16099206368916696
-86.39546515505168,-0.1633771871320309
-86.32877625875292,-0.25539510734920834
-86.26208736245415,-0.2825340717946843
-86.19539846615538,-0.3127352767818765
-86.12870956985662,-0.3882243511091358
-86.06202067355785,-0.3500270287808357
-85.99533177725908,-0.27843526514579103
-85.92864288096033,-0.27184879689247915
-85.86195398466155,-0.19028745584102238
-85.79526508836278,-0.10191887995886256
-85.72857619206403,-0.13102962113661792
-85.66188729576525,-0.12157964576724539
-85.59519839946648,-0.07283702416708226
-85.52850950316773,-0.10216726994277076
-85.46182060686895,-0.07213889521274665
-85.39513171057018,0.028195286774120632
-85.32844281427143,0.056571946375950734
-85.26175391797265,0.1073178776010755
-85.19506502167388,0.18908713810834205
-85.12837612537513,0.15059181975368285
-85.06168722907636,0.10868622609192795
-84.99499833277758,0.12804082831971755
-84.92830943647883,0.06404891175286773
-84.86162054018006,0.01839243553209437
-84.7949316438813,0.08688983691681852
-84.72824274758253,0.0984506615664318
-84.66155385128376,0.08279662720722443
-84.594864954985,0.13820173677189762
-84.52817605868623,0.11781187792902932
-84.46148716238746,0.04329889265056804
-84.3947982660887,0.040659568612833354
-84.32810936978993,0.002547921711583671
-84.26142047349116,-0.04160637247365312
-84.1947315771924,0.038925415312283246
-84.12804268089363,0.101183893319052
-84.06135378459487,0.11854682513928808
-83.9946648882961,0.2250777765006485
-83.92797599199733,0.28580527798657357
-83.86128709569857,0.23777354495525932
-83.7945981993998,0.25706064956031227
-83.72790930310103,0.2805230631800247
-83.66122040680227,0.23774341901468327
-83.5945315105035,0.28289012678211545
-83.52784261420473,0.36176797837801894
-83.46115371790597,0.37269599556217947
-83.3944648216072,0.434016634611791
-83.32777592530843,0.4809220081328098
-83.26108702900967,0.40372969438356593
-83.1943981327109,0.3611209726569196
-83.12770923641213,0.344310005174509
-83.06102034011337,0.23084193261985259
-82.9943314438146,0.17645900714022333
-82.92764254751583,0.2091906612216407
-82.86095365121707,0.1636644200976506
-82.7942647549183,0.1291926301511807
-82.72757585861953,0.14257576123793103
-82.66088696232077,0.060217577576869186
-82.594198066022,-0.03100353665599822
-82.52750916972323,-0.06332329002060624
-82.46082027342447,-0.16075207613781248
-82.3941313771257,-0.2222628938453345
-82.32744248082695,-0.16856654122273387
-82.26075358452817,-0.17529514541959432
-82.19406468822942,-0.19801603762787479
-82.12737579193065,-0.13079580818477893
-82.06068689563187,-0.14443983680390277
-81.99399799933312,-0.23058121505554038
-81.92730910303435,-0.23673932774951917
-81.86062020673558,-0.26663841313403547
-81.79393131043682,-0.32469674144839156
-81.72724241413805,-0.2821290514217669
-81.66055351783928,-0.251614627795814
-81.59386462154052,-0.2679002026033598
-81.52717572524175,-0.2151744191921229
-81.46048682894298,-0.22568097836132908
-81.39379793264422,-0.34253990441092796
-81.32710903634545,-0.3888300698720593
-81.26042014004668,-0.4402883088946932
-81.19373124374792,-0.5717222421415965
-81.12704234744915,-0.603700825099117
-81.06035345115038,-0.5815918412042657
-80.99366455485162,-0.6335957940447887
-80.92697565855285,-0.6408122504576529
-80.86028676225408,-0.6366995122193477
-80.79359786595532,-0.7346923466339823
-80.72690896965655,-0.7996545626763505
-80.66022007335778,-0.8321503961656828
-80.59353117705902,-0.9377816835284686
-80.52684228076025,-0.9637952703248603
-80.46015338446148,-0.8975696974489996
-80.39346448816272,-0.9062549483532376
-80.32677559186395,-0.8896509052503583
-80.26008669556519,-0.803707335327656
-80.19339779926642,-0.8212655914232262
-80.12670890296765,-0.8629754024066764
-80.06002000666889,-0.8361534258963993
-79.99333111037012,-0.8652365998654743
-79.92664221407136,-0.8811392845253871
-79.8599533177726,-0.8001090459551491
-79.79326442147382,-0.7736564521735507
-79.72657552517506,-0.7641612720458987
-79.6598866288763,-0.6832469261297722
-79.59319773257752,-0.6985050388372727
-79.52650883627877,-0.7853177310861136
-79.45981993998,-0.7872775824757785
-79.39313104368122,-0.8268459752417796
-79.32644214738247,-0.9132205651024478
-79.2597532510837,-0.8858078568723395
-79.19306435478492,-0.8542601628825655
-79.12637545848617,-0.8809443322749876
-79.0596865621874,-0.846106117164143
-78.99299766588862,-0.8467416398386106
-78.92630876958987,-0.9373442016632847
-78.8596198732911,-0.9618323705362404
-78.79293097699232,-0.9867306829739906
-78.72624208069357,-1.0700736001455446
-78.6595531843948,-1.039455048434289
-78.59286428809602,-0.95731497571937
-78.52617539179727,-0.9540198078857908
-78.4594864954985,-0.8928917377863506
-78.39279759919972,-0.8081162301599047
-78.32610870290097,-0.842633626111243
-78.2594198066022,-0.8620355742352703
-78.19273091030342,-0.839650372452692
-78.12604201400467,-0.8901779016345605
-78.0593531177059,-0.8888107408604465
-77.99266422140714,-0.8103191591895202
-77.92597532510837,-0.8073244987712526
-77.8592864288096,-0.7869989528306996
-77.79259753251084,-0.7204670030094037
-77.72590863621207,-0.7747058871891679
-77.65921973991331,-0.858588946656434
-77.59253084361454,-0.8733569630223579
-77.52584194731577,-0.9616746688400839
-77.45915305101701,-1.0547231741187362
-77.39246415471824,-1.0388749192446298
-77.32577525841947,-1.0633698380005343
-77.25908636212071,-1.1159448157306424
-77.19239746582194,-1.0989606243150463
-77.12570856952317,-1.1551351955521332
-77.05901967322441,-1.2688653958290605
-76.99233077692564,-1.2999585143595913
-76.92564188062687,-1.3646824145154615
-76.85895298432811,-1.4588832688524809
-76.79226408802934,-1.4247828316133084
-76.72557519173057,-1.3861825720842202
-76.65888629543181,-1.4126121711768385
-76.59219739913304,-1.3603346525279014
-76.52550850283427,-1.3290585803190111
-76.45881960653551,-1.401470956437575
-76.39213071023674,-1.421508096833235
-76.32544181393797,-1.429293922802161
-76.25875291763921,-1.4961162852676806
-76.19206402134044,-1.4719128815788962
-76.12537512504167,-1.4080419286801609
-76.05868622874291,-1.4224141409320585
-75.99199733244414,-1.386231775003921
-75.92530843614537,-1.3429038957425552
-75.85861953984661,-1.4325747625566174
-75.79193064354784,-1.505633010339843
-75.72524174724909,-1.5310715195624909
-75.65855285095031,-1.6414503409679897
-75.59186395465156,-1.7072524844427546
-75.52517505835279,-1.6790943653011734
-75.45848616205402,-1.7111252438268554
-75.39179726575526,-1.7318484270265802
-75.32510836945649,-1.6972460189405343
-75.25841947315772,-1.7629443741227027
-75.19173057685896,-1.844949766455628
-75.12504168056019,-1.8513319364227807
-75.05835278426142,-1.9196268344629626
-74.99166388796266,-1.9763075570133586
-74.92497499166389,-1.9052366056176198
-74.85828609536512,-1.866806409759372
-74.79159719906636,-1.856011984355706
-74.72490830276759,-1.7604842558196434
-74.65821940646882,-1.7239500817121813
-74.59153051017006,-1.7545680143774216
-74.52484161387129,-1.7114022960740733
-74.45815271757252,-1.6963144055158055
-74.39146382127376,-1.7161587039240844
-74.32477492497499,-1.6219204142440373
-74.25808602867622,-1.5342298001287058
-74.19139713237746,-1.5159800973501794
-74.12470823607869,-1.4260476137393951
-74.05801933977992,-1.3660516253541075
-73.99133044348116,-1.425359724220738
-73.92464154718239,-1.4338295327948085
-73.85795265088362,-1.42617163424054
-73.79126375458486,-1.489169230469943
-73.72457485828609,-1.4707127328056824
-73.65788596198733,-1.4015008064321957
-73.59119706568856,-1.4038384519184295
-73.52450816938979,-1.3594662631762051
-73.45781927309103,-1.3002353190241995
-73.39113037679226,-1.3602400267992176
-73.3244414804935,-1.395627150623254
-73.25775258419473,-1.3750641222968356
-73.19106368789596,-1.430027532475593
-73.1243747915972,-1.431589355642201
-73.05768589529843,-1.3254371902476834
-72.99099699899966,-1.278145578855715
-72.9243081027009,-1.2213653057554301
-72.85761920640213,-1.104064365892178
-72.79093031010336,-1.0843249008531837
-72.7242414138046,-1.0942367114365903
-72.65755251750583,-1.0356582790930653
-72.59086362120706,-1.0441942197263219
-72.5241747249083,-1.0550720847844504
-72.45748582860953,-0.9498687662596339
-72.39079693231076,-0.8871225012308238
-72.324108036012,-0.867853070192947
-72.25741913971324,-0.7752512787522055
-72.19073024341446,-0.7516776903709775
-72.1240413471157,-0.81338374793143
-72.05735245081694,-0.8121699557820011
-71.99066355451816,-0.8419176070034863
-71.92397465821941,-0.9160681764152949
-71.85728576192064,-0.885160248028908
-71.79059686562186,-0.8555468079399318
-71.72390796932311,-0.8935114973845579
-71.65721907302434,-0.8543133629156988
-71.59053017672557,-0.8370434749573199
-71.52384128042681,-0.9320454168624226
-71.45715238412804,-0.968125629255759
-71.39046348782928,-0.9745535028446795
-71.32377459153051,-1.0472092080723838
-71.25708569523174,-1.0334692032437078
-71.19039679893298,-0.9548221141207123
-71.12370790263421,-0.9430874701906539
-71.05701900633545,-0.8874876653783832
-70.99033011003668,-0.8106750493695333
-70.92364121373791,-0.849588531671572
-70.85695231743915,-0.8694422854779777
-70.79026342114038,-0.8359769689334028
-70.72357452484161,-0.8847451664600708
-70.65688562854285,-0.889656476334658
-70.59019673224408,-0.7930246468947905
-70.52350783594531,-0.7630999609236683
-70.45681893964655,-0.7409167661481447
-70.39013004334778,-0.6632728613443514
-70.32344114704901,-0.68940893797232
-70.25675225075025,-0.7581784298117362
-70.19006335445148,-0.7649186375126418
-70.12337445815271,-0.8361137094610229
-70.05668556185395,-0.9103184663500741
-69.98999666555518,-0.8664501621922708
-69.92330776925641,-0.8596714128210445
-69.85661887295765,-0.8901749433397993
-69.78992997665888,-0.8324153054442303
-69.72324108036011,-0.8304869076543101
-69.65655218406135,-0.9110882492660377
-69.58986328776258,-0.9155579751305156
-69.52317439146381,-0.9287265862722442
-69.45648549516505,-0.9811158689405451
-69.38979659886628,-0.922200301678131
-69.32310770256751,-0.8459548704743239
-69.25641880626875,-0.822431600161905
-69.18972990996998,-0.7222201231215172
-69.12304101367123,-0.6395911702790475
-69.05635211737246,-0.6648849106831147
-68.9896632210737,-0.6279553613481875
-68.92297432477493,-0.5665208711801504
-68.85628542847616,-0.5859479683791995
-68.7895965321774,-0.5259654256251493
-68.72290763587863,-0.40003614533955917
-68.65621873957986,-0.35619014080191586
-68.5895298432811,-0.28781555205809584
-68.52284094698233,-0.1978228275337213
-68.45615205068356,-0.2252962071085686
-68.3894631543848,-0.2508597081196928
-68.32277425808603,-0.23201142426822646
-68.25608536178726,-0.2911601505312934
-68.1893964654885,-0.3068808637774996
-68.12270756918973,-0.2224453910080362
-68.05601867289096,-0.20915296297691807
-67.9893297765922,-0.1973214696499392
-67.92264088029343,-0.11548843453432023
-67.85595198399466,-0.130775151295975
-67.7892630876959,-0.19270914570542594
-67.72257419139713,-0.17676065324321363
-67.65588529509836,-0.2047566537497566
-67.5891963987996,-0.23594188988169076
-67.52250750250083,-0.1484735163427795
-67.45581860620206,-0.08206765276491491
-67.3891297099033,-0.043183599727926035
-67.32244081360453,0.07939538262364419
-67.25575191730576,0.13797387551383716
-67.189063021007,0.11131263721765866
-67.12237412470824,0.16373808132854914
-67.05568522840946,0.19598747791710605
-66.9889963321107,0.16440436857371452
-66.92230743581194,0.2351281403131739
-66.85561853951316,0.3280380590941626
-66.7889296432144,0.34517491989373106
-66.72224074691565,0.41377652680626853
-66.65555185061687,0.46331204740490817
-66.5888629543181,0.4037488609590682
-66.52217405801935,0.38301711098151314
-66.45548516172057,0.3692180337984247
-66.3887962654218,0.2748971402575825
-66.32210736912305,0.2642727506734691
-66.25541847282427,0.3135054484224844
-66.1887295765255,0.26971931437188784
-66.12204068022675,0.25952817208268514
-66.05535178392797,0.29364426919451586
-65.9886628876292,0.21092422458324936
-65.92197399133045,0.12361379535089384
-65.85528509503168,0.10298300726847943
-65.7885961987329,0.025490802058260063
-65.72190730243415,-0.012735612971576986
-65.65521840613538,0.046837011814793
-65.5885295098366,0.05466272614608198
-65.52184061353785,0.07148086225202037
-65.45515171723908,0.15517140762846954
-65.3884628209403,0.1323927138474559
-65.32177392464155,0.06610792249973935
-65.25508502834278,0.0871196080801669
-65.188396132044,0.054769334598803295
-65.12170723574525,-0.003396887794610058
-65.05501833944648,0.0570260531706864
-64.9883294431477,0.10299796012734018
-64.92164054684895,0.10021669856410993
-64.85495165055019,0.15909489190806617
-64.7882627542514,0.1573788775116118
-64.72157385795265,0.07167191152226732
-64.65488496165389,0.04867102941855046
-64.5881960653551,-0.006647579509397118
-64.52150716905635,-0.12191831546721005
-64.45481827275759,-0.11915434908020943
-64.38812937645882,-0.09366351886964852
-64.32144048016005,-0.15034506170576412
-64.25475158386129,-0.1408915330726859
-64.18806268756252,-0.11982914484757186
-64.12137379126375,-0.20681089203478875
-64.05468489496499,-0.2585741810303895
-63.98799599866622,-0.27681358221496344
-63.92130710236746,-0.35047417550375026
-63.854618206068686,-0.34269583189461567
-63.78792930976992,-0.2730086526281627
-63.72124041347116,-0.27439629893148
-63.654551517172386,-0.22363070956540373
-63.58786262087362,-0.1295335808566651
-63.52117372457486,-0.16088842410566792
-63.45448482827609,-0.18934213471563666
-63.38779593197732,-0.13846624167063337
-63.32110703567856,-0.15803168205456156
-63.254418139379794,-0.1628589646786821
-63.18772924308102,-0.06347205843642377
-63.12104034678226,-0.013305892499996972
-63.054351450483495,0.021334621184698793
-62.98766255418472,0.10343058798693672
-62.92097365788596,0.08665657088627929
-62.854284761587195,0.02529519073771852
-62.78759586528843,0.03523040780762496
-62.72090696898966,-0.019456514068124996
-62.654218072690895,-0.0947658113707967
-62.58752917639213,-0.039853503842167154
-62.52084028009336,-0.003239151166046425
-62.454151383794596,-0.02523851119782387
-62.38746248749583,0.030081418797329874
-62.32077359119706,0.046618398410462905
-62.254084694898296,-0.0263392841284785
-62.18739579859953,-0.03872149588930308
-62.12070690230077,-0.059116363414452255
-62.054018006001996,-0.12072807790529011
-61.98732910970323,-0.06987756880323126
-61.92064021340447,0.006091291148642531
-61.8539513171057,0.013569984364398551
-61.78726242080693,0.10070925307170693
-61.72057352450817,0.19205324344114655
-61.653884628209404,0.15976873428647365
-61.58719573191063,0.16356149077338927
-61.52050683561187,0.20784129390660303
-61.453817939313105,0.1741665544159692
-61.38712904301433,0.1951663869873361
-61.32044014671557,0.2821045387137492
-61.253751250416805,0.297003290792865
-61.187062354118034,0.3343852962926737
-61.12037345781927,0.39557650226940494
-61.053684561520505,0.3347923026963324
-60.98699566522174,0.27271709844030384
-60.92030676892297,0.2703419875968614
-60.853617872624206,0.18001404149612638
-60.78692897632544,0.10927299788145751
-60.72024008002667,0.15143799794108792
-60.653551183727906,0.13591364472490713
-60.58686228742914,0.09351451437644141
-60.52017339113038,0.12082757749824848
-60.453484494831606,0.06833323429907896
-60.38679559853284,-0.036847817637225215
-60.32010670223408,-0.06832968082514446
-60.25341780593531,-0.13663391395287525
-60.18672890963654,-0.2115463899399865
-60.12004001333778,-0.16130439882130196
-60.053351117039014,-0.1265303067685751
-59.98666222074024,-0.1356980458850682
-59.91997332444148,-0.05676553211427441
-59.853284428142715,-0.02311301613201839
-59.78659553184394,-0.09088834632239053
-59.71990663554518,-0.09174707503858946
-59.653217739246415,-0.09253977426153738
-59.586528842947644,-0.15583473731599903
-59.51983994664888,-0.1225881288737564
-59.453151050350115,-0.0574554274974663
-59.38646215405135,-0.06188566276440782
-59.31977325775258,-0.01185522293625216
-59.253084361453816,0.02999314048939609
-59.18639546515505,-0.05004648877652597
-59.11970656885628,-0.09494092290201685
-59.053017672557516,-0.11142500545741225
-58.98632877625875,-0.21749208035994988
-58.91963987995999,-0.26056371971387104
-58.852950983661216,-0.22036396063993785
-58.78626208736245,-0.25520020210702654
-58.71957319106369,-0.2703263183358435
-58.65288429476492,-0.23489191539132218
-58.58619539846615,-0.29905454202809373
-58.51950650216739,-0.3680702219618387
-58.45281760586862,-0.3710081061153342
-58.38612870956985,-0.4335076558552442
-58.31943981327109,-0.4613149425699199
-58.252750916972325,-0.3737933520877932
-58.18606202067355,-0.3406122889785384
-58.11937312437479,-0.31644399947458174
-58.052684228076025,-0.20739868783894802
-57.985995331777254,-0.18095358832361996
-57.91930643547849,-0.21708022396537693
-57.852617539179725,-0.16874555012511408
-57.78592864288096,-0.15133220891952365
-57.71923974658219,-0.16233345718974232
-57.652550850283426,-0.06237887726633694
-57.58586195398466,0.028211062894602842
-57.51917305768589,0.06706146937397285
-57.452484161387126,0.17221987722203824
-57.38579526508836,0.2213398818329249
-57.31910636878959,0.1674237549777094
-57.252417472490826,0.17822154776118862
-57.18572857619206,0.17948011377441045
-57.1190396798933,0.10934603317794062
-57.05235078359453,0.13960534898083782
-56.98566188729576,0.2147108136507565
-56.918972990997,0.2139102069232534
-56.85228409469823,0.26643411215048507
-56.78559519839946,0.3284948230923006
-56.7189063021007,0.2811235317983109
-56.652217405801935,0.2657973239487187
-56.58552850950316,0.28610006940414406
-56.5188396132044,0.23288398227961782
-56.452150716905635,0.25338164128694174
-56.385461820606864,0.36238843797654097
-56.3187729243081,0.39751978031073376
-56.252084028009335,0.4579848078883498
-56.18539513171057,0.5792531581831316
-56.1187062354118,0.5948937754953486
-56.052017339113036,0.5900314630734024
-55.98532844281427,0.6521663736820902
-55.9186395465155,0.6503876521495938
-55.851950650216736,0.6612411771029384
-55.78526175391797,0.7697804328306513
-55.7185728576192,0.8220432222324898
-55.651883961320436,0.8518290942491648
-55.58519506502167,0.9494021869234752
-55.51850616872291,0.9503285994294763
-55.45181727242414,0.8798747997323807
-55.38512837612537,0.888454554202209
-55.31843947982661,0.8563369064500016
-55.25175058352784,0.7825583820531874
-55.18506168722907,0.8206448984184378
-55.11837279093031,0.8551781894697034
-55.051683894631545,0.8315087753700634
-54.98499499833277,0.8753129610183095
-54.91830610203401,0.8791983983501941
-54.851617205735245,0.7878245999596531
-54.784928309436474,0.7632441675349281
-54.71823941313771,0.742270518382959
-54.651550516838945,0.6600026673883251
-54.584861620540174,0.6878013512884703
-54.51817272424141,0.7685890732745346
-54.451483827942646,0.777526186929416
-54.38479493164388,0.8406203563399188
-54.31810603534511,0.92090162938102
-54.251417139046346,0.8882773227054603
-54.18472824274758,0.8795192836469634
-54.11803934644881,0.9062854886598619
-54.051350450150046,0.8546603125170772
-53.98466155385128,0.8639405974555419
-53.91797265755252,0.9548635850996856
-53.85128376125375,0.9651636125438379
-53.78459486495498,0.9904313280177369
-53.71790596865622,1.0701906239129124
-53.65121707235745,1.034039162143459
-53.58452817605868,0.9652822484060932
-53.51783927975992,0.9620532040080612
-53.451150383461155,0.8952689304158503
-53.38446148716238,0.8318359965510511
-53.31777259086362,0.8716071236184845
-53.251083694564855,0.8654253164449427
-53.184394798266084,0.8420850491800576
-53.11770590196732,0.8946380491570289
-53.051017005668555,0.8678649404718277
-52.984328109369784,0.7813362876891741
-52.91763921307102,0.786338607854593
-52.850950316772256,0.7641068937322569
-52.78426142047349,0.708447871542135
-52.71757252417472,0.7779374018648115
-52.650883627875956,0.8589045069172998
-52.58419473157719,0.884876044476433
-52.51750583527842,0.9826779280495177
-52.450816938979656,1.0512488374455746
-52.38412804268089,1.0247008079833801
-52.31743914638213,1.0615489471740434
-52.25075025008336,1.1012726082728397
-52.18406135378459,1.074676497699348
-52.11737245748583,1.1475757009441352
-52.05068356118706,1.2685326391363858
-51.98399466488829,1.3029290971766092
-51.91730576858953,1.380583612114235
-51.85061687229076,1.4720803620741134
-51.78392797599199,1.4395145767004367
-51.71723907969323,1.414431480866786
-51.650550183394465,1.4246271392197727
-51.583861287095694,1.3585203373954542
-51.51717239079693,1.3463950280993646
-51.450483494498165,1.415860374886432
-51.383794598199394,1.412101549608605
-51.31710570190063,1.4293452347160167
-51.250416805601866,1.5073985554429996
-51.1837279093031,1.4739702232292
-51.11703901300433,1.4148482278511723
-51.050350116705566,1.438247719860066
-50.9836612204068,1.4032907120306566
-50.91697232410803,1.370340047482781
-50.850283427809266,1.4532334057719691
-50.7835945315105,1.508398919414511
-50.71690563521173,1.541139871540749
-50.65021673891297,1.6470274905294728
-50.5835278426142,1.6809034874959106
-50.51683894631544,1.6534326671737378
-50.45015005001667,1.7048842725435955
-50.3834611537179,1.7174414754154677
-50.31677225741914,1.6866734044795693
-50.25008336112037,1.7726038864037859
-50.1833944648216,1.8546967598903197
-50.11670556852284,1.8589701080539245
-50.050016672224075,1.9261112456479121
-49.983327775925304,1.9630524796723525
-49.91663887962654,1.8862462501687194
-49.849949983327775,1.8522638098493516
-49.783261087029004,1.8231426646320337
-49.71657219073024,1.7259826980622697
-49.649883294431476,1.7181567108001643
-49.58319439813271,1.7523287249071486
-49.51650550183394,1.7060859540266755
-49.449816605535176,1.7099253908024008
-49.38312770923641,1.7330378375029951
-49.31643881293764,1.6305796694685697
-49.249749916638876,1.5461953092579925
-49.18306102034011,1.5203591609725178
-49.11637212404134,1.423292939704648
-49.04968322774258,1.3749304021901325
-48.98299433144381,1.4257761216148295
-48.91630543514505,1.4234535122212182
-48.84961653884628,1.4372030844958397
-48.78292764254751,1.5053465646203403
-48.71623874624875,1.469597777510245
-48.64954984994998,1.4129657620747522
-48.58286095365121,1.4283245829799605
-48.51617205735245,1.371430068191408
-48.449483161053685,1.3110801844739606
-48.382794264754914,1.3733339686923993
-48.31610536845615,1.3934499671053733
-48.249416472157385,1.3671799507812417
-48.182727575858614,1.41397480279448
-48.11603867955985,1.3980202540033315
-48.049349783261086,1.3007264511566188
-47.982660886962314,1.2630537761519893
-47.91597199066355,1.1948948089800158
-47.849283094364786,1.0903898930106783
-47.78259419806602,1.0943268171837315
-47.71590530176725,1.0923068063269983
-47.649216405468486,1.026486627605111
-47.58252750916972,1.0433216440913202
-47.51583861287095,1.03778056818489
-47.44914971657219,0.9178739501158594
-47.38246082027342,0.8620165632988664
-47.31577192397466,0.8399493569217543
-47.24908302767589,0.7539450483515721
-47.18239413137712,0.7524646202912674
-47.11570523507836,0.8175838587929749
-47.04901633877959,0.8218434351716342
-46.98232744248082,0.8732432125622182
-46.91563854618206,0.9408175084580938
-46.848949649883295,0.8938935690586033
-46.782260753584524,0.8730870404069488
-46.71557185728576,0.9044715307373349
-46.648882960986995,0.8493696283950393
-46.582194064688224,0.8408603753297624
-46.51550516838946,0.9398225047923346
-46.448816272090696,0.9700274967379268
-46.382127375791924,0.9884289727214431
-46.31543847949316,1.0621061627840351
-46.248749583194396,1.0394368146518476
-46.18206068689563,0.9741810349817771
-46.11537179059686,0.9630824806198788
-46.048682894298096,0.8860215576022897
-45.98199399799933,0.8148493866871653
-45.91530510170056,0.8579593412202444
-45.8486162054018,0.8543642478475085
-45.78192730910303,0.8153943252384421
-45.71523841280427,0.8711579935711606
-45.6485495165055,0.8648505469279487
-45.58186062020673,0.7683665044637175
-45.51517172390797,0.7506778449241963
-45.4484828276092,0.7290269497169541
-45.38179393131043,0.6649285718230381
-45.31510503501167,0.7023647271171355
-45.2484161387129,0.7565229082300127
-45.181727242414134,0.7626502807829308
-45.11503834611537,0.8417640739487929
-45.048349449816605,0.892119824589838
-44.981660553517834,0.8361723148363492
-44.91497165721907,0.8462494436433013
-44.848282760920306,0.8752494636243006
-44.781593864621534,0.8160004612923765
-44.71490496832277,0.8389360238999487
-44.648216072024006,0.929073881233375
-44.58152717572524,0.9337566610370382
-44.51483827942647,0.9563104309601406
-44.448149383127706,0.9980005539909466
-44.38146048682894,0.9249526992238655
-44.31477159053017,0.8534629861897453
-44.24808269423141,0.8189386404625356
-44.18139379793264,0.7033476644802777
-44.11470490163387,0.6363807429541938
-44.04801600533511,0.6676973138485035
-43.98132710903634,0.6227829004207638
-43.91463821273758,0.5760028802227396
-43.84794931643881,0.6031078903458064
-43.78126042014004,0.5317837894082248
-43.71457152384128,0.4109779187360538
-43.64788262754251,0.3655330155673294
-43.581193731243744,0.28073412110727985
-43.51450483494498,0.19531769723117803
-43.447815938646215,0.22420888410969486
-43.381127042347444,0.22849501873497563
-43.31443814604868,0.21220531198510661
-43.247749249749916,0.2820104508538606
-43.181060353451144,0.2843299764269698
-43.11437145715238,0.20360289834789164
-43.047682560853616,0.20730735545797876
-42.98099366455485,0.19183709496212534
-42.91430476825608,0.11235428224098823
-42.847615871957316,0.1384899859666201
-42.78092697565855,0.18881640877278844
-42.71423807935978,0.16677002775878838
-42.64754918306102,0.19659940385162838
-42.58086028676225,0.2083505466646812
-42.51417139046348,0.11429160755184468
-42.44748249416472,0.06460510998542841
-42.38079359786595,0.023569264891729908
-42.31410470156719,-0.09399049440954847
-42.24741580526842,-0.12571731413159648
-42.18072690896965,-0.09525571991516583
-42.11403801267089,-0.15288016958181871
-42.04734911637212,-0.17224564212920024
-41.980660220073354,-0.1492535219918715
-41.91397132377459,-0.24044781691844988
-41.847282427475825,-0.3286321736856348
-41.780593531177054,-0.3496284575814489
-41.71390463487829,-0.42827101812494034
-41.647215738579526,-0.46193113963740196
-41.580526842280754,-0.39087488430329986
-41.51383794598199,-0.37228489303718276
-41.447149049683226,-0.34480112052160433
-41.380460153384455,-0.24775059043061895
-41.31377125708569,-0.25009056475677033
-41.247082360786926,-0.2943943707226087
-41.18039346448816,-0.25455629800682883
-41.11370456818939,-0.26764276249606245
-41.04701567189063,-0.298324851282038
-40.98032677559186,-0.21089257436336384
-40.91363787929309,-0.1420385255572899
-40.84694898299433,-0.11906301588759133
-40.78026008669556,-0.028659793832635033
-40.7135711903968,-0.0005567941052999005
-40.64688229409803,-0.059182319188645284
-40.58019339779926,-0.05354152080145174
-40.5135045015005,-0.07674304220371711
-40.44681560520173,-0.1578242658254567
-40.380126708902964,-0.1268380675424943
-40.3134378126042,-0.07682506884898697
-40.246748916305435,-0.10455044639337827
-40.180060020006664,-0.06318357616664033
-40.1133711237079,-0.019089652746402886
-40.046682227409136,-0.08546464421276757
-39.979993331110364,-0.11145270156547901
-39.9133044348116,-0.10321689431090479
-39.846615538512836,-0.15815614567010594
-39.779926642214065,-0.13347488216053677
-39.7132377459153,-0.043797643579209566
-39.646548849616536,-0.024311331093769827
-39.57985995331777,0.038254096940852605
-39.513171057019,0.1374531321109804
-39.44648216072024,0.11636393472833344
-39.37979326442147,0.10071250594173178
-39.3131043681227,0.15365570180015314
-39.24641547182394,0.1300560281753426
-39.17972657552517,0.12914025783768873
-39.11303767922641,0.23142313582019108
-39.04634878292764,0.27493059490462224
-38.97965988662887,0.3002899856390913
-38.91297099033011,0.3784916811891781
-38.84628209403134,0.3547203827933701
-38.779593197732574,0.27897791449625536
-38.71290430143381,0.2707155836398506
-38.64621540513504,0.20281412883663233
-38.579526508836274,0.11443925412857146
-38.51283761253751,0.14858396790947484
-38.446148716238746,0.16001583736329
-38.379459819939974,0.11948825756912682
-38.31277092364121,0.15630180320071632
-38.246082027342446,0.14727705534702004
-38.179393131043675,0.049201524569162484
-38.11270423474491,0.016128087106638465
-38.046015338446146,-0.02658415678875497
-37.97932644214738,-0.11481693898042218
-37.91263754584861,-0.08943752028332895
-37.84594864954985,-0.037037075313330545
-37.77925975325108,-0.05138086174533759
-37.71257085695231,0.01006201707427955
-37.64588196065355,0.07444326261644964
-37.57919306435478,0.020204394678947604
-37.51250416805601,0.006736117118634512
-37.44581527175725,0.02926266415300724
-37.37912637545848,-0.02479559994488984
-37.31243747915972,-0.01819973275329534
-37.24574858286095,0.0552519048973736
-37.179059686562184,0.05312694671255325
-37.11237079026342,0.0768455257516704
-37.04568189396465,0.12909457135302557
-36.978992997665884,0.05997913522985952
-36.91230410136712,-0.012088996975897385
-36.845615205068356,-0.022753500751509927
-36.778926308769584,-0.1132262302402591
-36.71223741247082,-0.1814045095503906
-36.645548516172056,-0.14010744650208004
-36.578859619873285,-0.15432681287550842
-36.51217072357452,-0.18552536901960798
-36.445481827275756,-0.1490279145551316
-36.37879293097699,-0.19637215336400124
-36.31210403467822,-0.289725027823134
-36.24541513837946,-0.3015308488422708
-36.17872624208069,-0.3554315966635985
-36.11203734578192,-0.41776213692025216
-36.04534844948316,-0.3479376373693433
-35.978659553184386,-0.2866933941637599
-35.91197065688563,-0.2726588979953677
-35.84528176058686,-0.1740940247564363
-35.778592864288086,-0.11503783995372391
-35.71190396798933,-0.15004577319796408
-35.64521507169056,-0.12272226406447678
-35.57852617539179,-0.10119820601693143
-35.51183727909303,-0.13316752914079671
-35.44514838279426,-0.06402118416407804
-35.3784594864955,0.02818066294659947
-35.31177059019673,0.04622181531232934
-35.24508169389796,0.12838158552453
-35.1783927975992,0.2047273310626211
-35.11170390130043,0.15240938331703024
-35.04501500500166,0.1303800728063224
-34.9783261087029,0.1425605633634291
-34.91163721240413,0.06903367596433366
-34.84494831610536,0.052654525309561946
-34.7782594198066,0.11049647432043053
-34.71157052350783,0.0981509953488424
-34.64488162720906,0.10998896086401613
-34.5781927309103,0.16187786245787683
-34.51150383461153,0.10536428747094138
-34.444814938312774,0.05103013757310427
-34.378126042014,0.06730436606023012
-34.31143714571523,0.012874522068547854
-34.244748249416475,-0.014923582893822031
-34.1780593531177,0.0763902561987652
-34.11137045681893,0.11902692458163251
-34.044681560520175,0.1429637484144287
-33.977992664221404,0.23959447321366564
-33.91130376792263,0.2558862490097696
-33.844614871623875,0.2176397050956905
-33.777925975325104,0.25167387356297727
-33.71123707902633,0.24205961911372187
-33.644548182727576,0.2110306128557886
-33.577859286428804,0.2982836777844884
-33.51117039013003,0.3616905972060675
-33.444481493831276,0.36259771075355274
-33.377792597532505,0.43717458983610996
-33.31110370123375,0.461376714138468
-33.244414804934976,0.37151273020284453
-33.177725908636205,0.33439184659332477
-33.11103701233745,0.29307938913692927
-33.04434811603868,0.18724193514100987
-32.977659219739905,0.1721885025005232
-32.91097032344115,0.1892087261587282
-32.84428142714238,0.13865227042482803
-32.777592530843606,0.1480827320603921
-32.71090363454485,0.1558707028345463
-32.64421473824608,0.0452145626614134
-32.577525841947306,-0.023255213649896408
-32.51083694564855,-0.051170117238942346
-32.44414804934978,-0.16067120190101136
-32.37745915305101,-0.20418787684563644
-32.31077025675225,-0.15380140027129752
-32.24408136045348,-0.17108153982901111
-32.17739246415472,-0.16746050745524457
-32.11070356785595,-0.11154005976326531
-32.04401467155718,-0.15612430361440421
-31.97732577525842,-0.21155338801955395
-31.91063687895965,-0.20535710005438865
-31.84394798266088,-0.26889209188684654
-31.777259086362122,-0.311940739363613
-31.71057019006335,-0.24865456464130095
-31.64388129376458,-0.24756398602362528
-31.577192397465822,-0.27334457209613033
-31.51050350116705,-0.22634477675752118
-31.44381460486828,-0.2671410363895478
-31.377125708569523,-0.38120121043490895
-31.31043681227075,-0.42137409110711044
-31.24374791597198,-0.4978735593881474
-31.177059019673223,-0.6043048181148252
-31.11037012337445,-0.6012526383220728
-31.043681227075695,-0.6069001380540071
-30.976992330776923,-0.6622703547501173
-30.910303434478152,-0.641046540855185
-30.843614538179395,-0.6651607495095083
-30.776925641880624,-0.7876338655484352
-30.710236745581852,-0.8339720333043997
-30.643547849283095,-0.871074405928287
-30.576858952984324,-0.9720879475071023
-30.510170056685553,-0.9657836135365833
-30.443481160386796,-0.8998727059994484
-30.376792264088024,-0.9000763004139974
-30.310103367789253,-0.8476651274146002
-30.243414471490496,-0.7811472769451236
-30.176725575191725,-0.819202008437152
-30.110036678892953,-0.829385323438892
-30.043347782594196,-0.8093641837353542
-29.976658886295425,-0.8685245544343873
-29.909969989996668,-0.8578878279505784
-29.843281093697897,-0.7662288178628086
-29.776592197399125,-0.7605701057681317
-29.70990330110037,-0.7390148085762991
-29.643214404801597,-0.6589099218696112
-29.576525508502826,-0.6947559321874702
-29.50983661220407,-0.7654921214957598
-29.443147715905297,-0.7703626875620776
-29.376458819606526,-0.8364562169690233
-29.30976992330777,-0.8981854181697738
-29.243081027008998,-0.8626505132717482
-29.176392130710227,-0.8735438181968064
-29.10970323441147,-0.8977887331325703
-29.043014338112698,-0.8481989730198509
-28.976325441813927,-0.8862668501460571
-28.90963654551517,-0.9829811680927518
-28.8429476492164,-0.9854701764992109
-28.77625875291764,-1.0172013211224287
-28.70956985661887,-1.087413495506923
-28.6428809603201,-1.032960575574308
-28.576192064021342,-0.9662229486098286
-28.50950316772257,-0.9554006233613191
-28.4428142714238,-0.8795765197884869
-28.376125375125042,-0.8360484826738357
-28.30943647882627,-0.882737949754063
-28.2427475825275,-0.8688909041070463
-28.176058686228743,-0.8624996381302587
-28.10936978992997,-0.923356173994575
-28.0426808936312,-0.8771976814354532
-27.975991997332443,-0.7879811643919578
-27.90930310103367,-0.7936509078134192
-27.842614204734915,-0.7559913584482303
-27.775925308436143,-0.6993113641580876
-27.709236412137372,-0.7704483590183326
-27.642547515838615,-0.8407728668897158
-27.575858619539844,-0.8767788624175077
-27.509169723241072,-0.9823604971673103
-27.442480826942315,-1.0375476287350283
-27.375791930643544,-1.021160974469869
-27.309103034344773,-1.0765644402252823
-27.242414138046016,-1.1016237736300944
-27.175725241747244,-1.0704434609028193
-27.109036345448473,-1.1595005937739777
-27.042347449149716,-1.2690973729976143
-26.975658552850945,-1.289746398148015
-26.908969656552173,-1.3711926266979992
-26.842280760253416,-1.455219695035677
-26.775591863954645,-1.4200357799955656
-26.708902967655888,-1.4085177803831253
-26.642214071357117,-1.41935089830662
-26.575525175058345,-1.362544432231843
-26.50883627875959,-1.3747364904102524
-26.442147382460817,-1.4402329291978777
-26.375458486162046,-1.4255709086586665
-26.30876958986329,-1.4551778724600486
-26.242080693564517,-1.5228803777845124
-26.175391797265746,-1.4661219030274582
-26.10870290096699,-1.4116276934053547
-26.042014004668218,-1.4365290347057726
-25.975325108369447,-1.3961617484911333
-25.90863621207069,-1.3808419914721384
-25.841947315771918,-1.475246019572307
-25.775258419473147,-1.5269433137723245
-25.70856952317439,-1.5736057788578024
-25.64188062687562,-1.6790892650874694
-25.57519173057686,-1.6904793223690677
-25.50850283427809,-1.6624874050457399
-25.44181393797932,-1.713105232699203
-25.375125041680562,-1.7029094241084322
-25.30843614538179,-1.670700560641667
-25.24174724908302,-1.7650744072756108
-25.175058352784262,-1.839305658463744
-25.10836945648549,-1.8485310254839418
-25.04168056018672,-1.9256531724776256
-24.974991663887963,-1.9526143066440032
-24.90830276758919,-1.8801765384339992
-24.84161387129042,-1.855503601293306
-24.774924974991663,-1.8105603969380302
-24.70823607869289,-1.7123515053408462
-24.64154718239412,-1.7158998332765034
-24.574858286095363,-1.7339287466111053
-24.508169389796592,-1.6778228421598655
-24.441480493497835,-1.695350684875261
-24.374791597199064,-1.7127092830091233
-24.308102700900292,-1.6069048565931736
-24.241413804601535,-1.5425782519149367
-24.174724908302764,-1.5221637107752595
-24.108036012003993,-1.4276520475679588
-24.041347115705236,-1.3994453125560853
-23.974658219406464,-1.449745572185308
-23.907969323107693,-1.4373554670520974
-23.841280426808936,-1.4554409529773946
-23.774591530510165,-1.5117717981776433
-23.707902634211393,-1.458390454212484
-23.641213737912636,-1.4102512465512709
-23.574524841613865,-1.426370720816137
-23.507835945315094,-1.3640203156627368
-23.441147049016337,-1.3255781673974667
-23.374458152717565,-1.3972651831361687
-23.30776925641881,-1.4073100109924326
-23.241080360120037,-1.3909151448807262
-23.174391463821266,-1.4381638397447902
-23.10770256752251,-1.3948383717016755
-23.041013671223737,-1.2896485288243382
-22.974324774924966,-1.2510371139808711
-22.90763587862621,-1.1656503557652813
-22.840946982327438,-1.0623313470312132
-22.774258086028667,-1.0771455451265501
-22.70756918972991,-1.070014902097227
-22.640880293431138,-1.014121504686028
-22.574191397132367,-1.0422756326738876
-22.50750250083361,-1.02558323790043
-22.44081360453484,-0.9090333135431061
-22.374124708236067,-0.8641800133510056
-22.30743581193731,-0.8257367077473216
-22.24074691563854,-0.7335980483798128
-22.174058019339782,-0.74609722998319
-22.10736912304101,-0.8025229597860774
-22.04068022674224,-0.8018830285648336
-21.973991330443482,-0.8667624070134902
-21.90730243414471,-0.9317939248535927
-21.84061353784594,-0.8864773702726783
-21.773924641547183,-0.885890666658454
-21.70723574524841,-0.9173053359043716
-21.64054684894964,-0.8620965473094062
-21.573857952650883,-0.8729029857277041
-21.50716905635211,-0.9661684706459593
-21.44048016005334,-0.9767888068826706
-21.373791263754583,-1.001365517968928
-21.307102367455812,-1.0694780073969203
-21.240413471157055,-1.0276571719532939
-21.173724574858284,-0.9670587902920054
-21.107035678559512,-0.9617236317920876
-21.040346782260755,-0.8853918277191163
-20.973657885961984,-0.8313798130092186
-20.906968989663213,-0.8803439788078663
-20.840280093364456,-0.8680816395595115
-20.773591197065684,-0.8389382664979156
-20.706902300766913,-0.8875304689201378
-20.640213404468156,-0.850591251651878
-20.573524508169385,-0.7532150393531988
-20.506835611870613,-0.7408662831622642
-20.440146715571856,-0.6992207649781623
-20.373457819273085,-0.6379120282503541
-20.306768922974314,-0.6958979546909672
-20.240080026675557,-0.7506603100219833
-20.173391130376785,-0.761217833642566
-20.10670223407803,-0.8509909964511694
-20.040013337779257,-0.8926153939412986
-19.973324441480486,-0.8354258149430538
-19.90663554518173,-0.8479395992957981
-19.839946648882957,-0.8583266724313879
-19.773257752584186,-0.7978707015456229
-19.70656885628543,-0.8342683912289407
-19.639879959986658,-0.9118794167706599
-19.573191063687887,-0.9115055566522107
-19.50650216738913,-0.9550679741171894
-19.439813271090358,-0.9963268150413055
-19.373124374791587,-0.9184742042446236
-19.30643547849283,-0.8633218997854856
-19.23974658219406,-0.8304251484446841
-19.173057685895287,-0.7101516859781412
-19.10636878959653,-0.6543422383176748
-19.03967989329776,-0.6777008311776995
-18.972990996999002,-0.6196868816167084
-18.90630210070023,-0.5802971616695265
-18.83961320440146,-0.5985831156433435
-18.772924308102702,-0.5103810914046468
-18.70623541180393,-0.40576014175901665
-18.63954651550516,-0.37202990975954076
-18.572857619206403,-0.28016997034125396
-18.50616872290763,-0.20994673276452422
-18.43947982660886,-0.25081407957144314
-18.372790930310103,-0.2452174064156155
-18.30610203401133,-0.22698413395725464
-18.23941313771256,-0.2891781485516982
-18.172724241413803,-0.26970256077735477
-18.106035345115032,-0.18718396503128745
-18.03934644881626,-0.18808410447745116
-17.972657552517504,-0.1573419318965595
-17.905968656218732,-0.0931805452952668
-17.839279759919975,-0.14070712709314778
-17.772590863621204,-0.1793442868719412
-17.705901967322433,-0.1611997183593586
-17.639213071023676,-0.20867764196130675
-17.572524174724904,-0.2061642858046911
-17.505835278426133,-0.09703841533015872
-17.439146382127376,-0.05080614132248977
-17.372457485828605,-0.0009553084666153418
-17.305768589529833,0.12242635269146188
-17.239079693231076,0.14626781736565422
-17.172390796932305,0.11920652809785683
-17.105701900633534,0.16767755272621682
-17.039013004334777,0.1674635161096026
-16.972324108036005,0.15228197431875717
-16.905635211737234,0.2447920220519967
-16.838946315438477,0.30808561788162736
-16.772257419139706,0.33188969557184533
-16.70556852284095,0.4252576984375378
-16.638879626542177,0.4461507871367739
-16.572190730243406,0.3733088251968861
-16.50550183394465,0.3706845095540064
-16.438812937645878,0.3402891349656186
-16.372124041347107,0.24403674430153754
-16.30543514504835,0.251540730616324
-16.238746248749578,0.2820688260056041
-16.172057352450807,0.24047274109442293
-16.10536845615205,0.25900180736222783
-16.03867955985328,0.26883693912689854
-15.971990663554507,0.17485457619849026
-15.90530176725575,0.1311707756503961
-15.838612870956979,0.11154713828548232
-15.771923974658208,0.020299709337422724
-15.70523507835945,0.016813228884361837
-15.63854618206068,0.08615380530338052
-15.571857285761922,0.07573144806103516
-15.505168389463151,0.10118386029012427
-15.43847949316438,0.17012834545051153
-15.371790596865623,0.12844435559875017
-15.305101700566851,0.08373532095652994
-15.23841280426808,0.098211372824087
-15.171723907969323,0.045871729598425046
-15.105035011670552,0.02963881825020478
-15.03834611537178,0.10728485161600872
-14.971657219073023,0.1174960805948034
-14.904968322774252,0.12182954156737262
-14.83827942647548,0.18852795557032453
-14.771590530176724,0.14513587111466653
-14.704901633877952,0.04464618626942396
-14.638212737579181,0.022527856643556353
-14.571523841280424,-0.051895484646346295
-14.504834944981653,-0.15161852833271636
-14.438146048682896,-0.1350503119357692
-14.371457152384124,-0.1312103261412271
-14.304768256085353,-0.1686771911128775
-14.238079359786596,-0.13329613933937545
-14.171390463487825,-0.15134694051182107
-14.104701567189053,-0.24728486186996562
-14.038012670890296,-0.26851237292239766
-13.971323774591525,-0.3040652205140735
-13.904634878292754,-0.3897327715519111
-13.837945981993997,-0.3534831909895166
-13.771257085695225,-0.28411766987466064
-13.704568189396454,-0.2846142181121311
-13.637879293097697,-0.21352200524052195
-13.571190396798926,-0.1344811439254926
-13.504501500500169,-0.16426499600835642
-13.437812604201397,-0.15598806070808519
-13.371123707902626,-0.11879429918189827
-13.304434811603869,-0.1525243076252623
-13.237745915305098,-0.11447403789773855
-13.171057019006327,-0.015501491417488713
-13.10436812270757,0.0009529459145940958
-13.037679226408798,0.04819527485672524
-12.970990330110027,0.13009306150120029
-12.90430143381127,0.08457284320568613
-12.837612537512499,0.03187856847097731
-12.770923641213727,0.04411208423114438
-12.70423474491497,-0.01759776351876486
-12.637545848616199,-0.06200180146441993
-12.570856952317428,-0.003872160326857205
-12.50416805601867,0.002845238563776297
-12.4374791597199,-0.001242465669322065
-12.370790263421142,0.054659680080768436
-12.304101367122371,0.01857068138992796
-12.2374124708236,-0.05771059595288918
-12.170723574524843,-0.0513968507221712
-12.104034678226071,-0.09512533149062893
-12.0373457819273,-0.15077589951923528
-11.970656885628543,-0.06986021385916091
-11.903967989329772,-0.00019409126891745357
-11.837279093031,0.01659947152505821
-11.770590196732243,0.1146428285150133
-11.703901300433472,0.17607889025402232
-11.6372124041347,0.14272625301735217
-11.570523507835944,0.1656124222208735
-11.503834611537172,0.17753824436654492
-11.437145715238401,0.1396036041862
-11.370456818939644,0.20098054340830834
-11.303767922640873,0.2777008950635841
-11.237079026342116,0.2790676973664347
-11.170390130043344,0.3471522179983033
-11.103701233744573,0.405252707377024
-11.037012337445816,0.3293493472406231
-10.970323441147045,0.2856466398490924
-10.903634544848273,0.27719699741056736
-10.836945648549516,0.18188209802793628
-10.770256752250745,0.13875748238245814
-10.703567855951974,0.16806405370988167
-10.636878959653217,0.12931566727916521
-10.570190063354445,0.11581066807915998
-10.503501167055674,0.1350922810022481
-10.436812270756917,0.045686742216370625
-10.370123374458146,-0.036161570305949596
-10.303434478159375,-0.04798624691714133
-10.236745581860617,-0.13639591317951494
-10.170056685561846,-0.19426831552311505
-10.103367789263089,-0.1271958753805565
-10.036678892964318,-0.11006347782318171
-9.969989996665547,-0.11634346811675564
-9.90330110036679,-0.04895748845773751
-9.836612204068018,-0.05426905182797795
-9.769923307769247,-0.11271159070397942
-9.70323441147049,-0.10463274226264975
-9.636545515171719,-0.1393726791730782
-9.569856618872947,-0.18375739951534067
-9.50316772257419,-0.10994494870822802
-9.436478826275419,-0.0658335896371724
-9.369789929976648,-0.07838920541672614
-9.30310103367789,-0.005810107202681457
-9.23641213737912,0.013490117192704622
-9.169723241080348,-0.08479498963047563
-9.103034344781591,-0.12425445973515449
-9.03634544848282,-0.15810898079177327
-8.969656552184063,-0.25637089285546555
-8.902967655885291,-0.2674793479617418
-8.83627875958652,-0.2430651211513035
-8.769589863287763,-0.2757933487740487
-8.702900966988992,-0.24655750531504886
-8.63621207069022,-0.2237362022026802
-8.569523174391463,-0.3127225272819556
-8.502834278092692,-0.3498012159967763
-8.43614538179392,-0.34657964615427145
-8.369456485495164,-0.42820120926908195
-8.302767589196392,-0.43676524765817143
-8.236078692897621,-0.34562941521746465
-8.169389796598864,-0.32117760912128507
-8.102700900300093,-0.2785674223985422
-8.036012004001321,-0.1818265549761729
-7.969323107702564,-0.17960100353245564
-7.902634211403793,-0.1830789335379096
-7.835945315105036,-0.12889251954900313
-7.769256418806265,-0.14357478328848244
-7.702567522507493,-0.13041569439145995
-7.635878626208736,-0.00893828639797902
-7.569189729909965,0.0457224278442848
-7.502500833611194,0.07474031294274616
-7.435811937312437,0.18142420358601852
-7.369123041013665,0.19974981410720016
-7.302434144714894,0.14179074669175415
-7.235745248416137,0.15566872485810246
-7.169056352117366,0.13782771198720892
-7.1023674558185945,0.0927199716214452
-7.0356785595198374,0.15310025281059159
-6.968989663221066,0.2002488101871654
-6.902300766922309,0.2030694809185347
-6.835611870623538,0.2827701970454941
-6.7689229743247665,0.31157719439703585
-6.7022340780260095,0.24030720750637305
-6.635545181727238,0.24806263181796573
-6.568856285428467,0.26108065592300916
-6.50216738912971,0.20681550360513037
-6.4354784928309385,0.25877495293212904
-6.368789596532167,0.36930255476571966
-6.30210070023341,0.4123138386781493
-6.235411803934639,0.5055217070678573
-6.168722907635868,0.6093180338563263
-6.1020340113371105,0.6066388713109019
-6.035345115038339,0.632328051032412
-5.968656218739568,0.6850680354927423
-5.901967322440811,0.6567455007623882
-5.83527842614204,0.6944615547546861
-5.7685895298432825,0.8097772457193535
-5.701900633544511,0.8379336000664607
-5.63521173724574,0.8819685796960545
-5.568522840946983,0.9776257089663596
-5.501833944648212,0.9557095297896814
-5.43514504834944,0.9014537875726091
-5.368456152050683,0.91044584531012
-5.301767255751912,0.8517368911204075
-5.235078359453141,0.7997094150814613
-5.168389463154384,0.8469904701626794
-5.101700566855612,0.8433060895233898
-5.035011670556841,0.821241574370877
-4.968322774258084,0.8722641979626216
-4.901633877959313,0.8385429626498773
-4.834944981660541,0.7452238587841098
-4.768256085361784,0.741450203379927
-4.701567189063013,0.7068440675047383
-4.634878292764256,0.6402594374653285
-4.568189396465485,0.6973992787147232
-4.501500500166713,0.7620953314711549
-4.434811603867956,0.7724276620988731
-4.368122707569185,0.8535685203050049
-4.301433811270414,0.8997206760330497
-4.234744914971657,0.8529173095436151
-4.168056018672885,0.8673602446965684
-4.101367122374114,0.8793836664258314
-4.034678226075357,0.8266353856672827
-3.967989329776586,0.8781394973529197
-3.9013004334778145,0.9702529625300292
-3.8346115371790574,0.9748977901442598
-3.767922640880286,1.0288321166240026
-3.701233744581515,1.0963985388100796
-3.634544848282758,1.036098380253034
-3.5678559519839865,0.9851964637518494
-3.5011670556852295,0.9723116935653243
-3.434478159386458,0.8843098389224789
-3.367789263087687,0.8481784924975686
-3.30110036678893,0.890707008249339
-3.2344114704901585,0.8662143778548709
-3.1677225741913873,0.8668387786168577
-3.10103367789263,0.9221220458393191
-3.034344781593859,0.8660508839591681
-2.9676558852950876,0.7975244291609668
-2.9009669889963305,0.8110060984317672
-2.8342780926975593,0.7623395100011119
-2.767589196398788,0.7217470217814207
-2.700900300100031,0.8036694546710677
-2.6342114038012596,0.8541709454398156
-2.5675225075024883,0.8831932841742274
-2.5008336112037313,0.9883952502351832
-2.43414471490496,1.0244774738294735
-2.367455818606203,1.0024319716797567
-2.3007669223074316,1.0600293555611675
-2.2340780260086603,1.0810034810437315
-2.1673891297099033,1.0665454270207144
-2.100700233411132,1.1715148329016418
-2.0340113371123607,1.2708299232448765
-1.9673224408136036,1.2979680246714982
-1.9006335445148324,1.3905789275785365
-1.833944648216061,1.4514156429537262
-1.767255751917304,1.4013097837226873
-1.7005668556185327,1.398906355379022
-1.6338779593197614,1.3982680812383526
-1.5671890630210044,1.334093057836433
-1.500500166722233,1.3633240907527702
-1.4338112704234618,1.4336730135029
-1.3671223741247047,1.4249715148720035
-1.3004334778259334,1.4718038619366776
-1.2337445815271764,1.5362050030902772
-1.167055685228405,1.475420562403175
-1.1003667889296338,1.435807807486136
-1.0336778926308767,1.4526354873808038
-0.9669889963321054,1.398128197510345
-0.9003001000333342,1.3954410085560018
-0.8336112037345771,1.4887153916532518
-0.7669223074358058,1.52537416711981
-0.7002334111370345,1.5818887417503924
-0.6335445148382775,1.692122615745471
-0.5668556185395062,1.696918038253917
-0.5001667222407349,1.6796884117397428
-0.4334778259419778,1.7344195465417052
-0.36678892964320653,1.716842491636808
-0.30010003334444946,1.6970097983210977
-0.23341113704567817,1.7905141396600899
-0.1667222407469069,1.8396242665143183
-0.10003334444814982,1.8484251192803578
-0.033344448149378536,1.9242028480017586
0.03334444814939275,1.9242028479946043
0.10003334444814982,1.8484251192803578
0.1667222407469211,1.839624266518529
0.23341113704569239,1.790514139657744
0.30010003334444946,1.6970097983210977
0.36678892964322074,1.7168424916421583
0.433477825941992,1.7344195465443495
0.5001667222407491,1.6796884117391297
0.5668556185395204,1.696918038258168
0.6335445148382917,1.6921226157468359
0.7002334111370487,1.5818887417448877
0.76692230743582,1.5253741671192773
0.8336112037345771,1.4887153916532518
0.9003001000333484,1.3954410085481976
0.9669889963321197,1.398128197509777
1.0336778926308767,1.4526354873808038
1.100366788929648,1.4358078074867542
1.1670556852284193,1.4754205624017376
1.2337445815271764,1.5362050030902772
1.3004334778259476,1.471803861936822
1.367122374124719,1.4249715148668112
1.433811270423476,1.4336730135027709
1.5005001667222473,1.3633240907523432
1.5671890630210186,1.3340930578307966
1.6338779593197756,1.3982680812411383
1.700566855618547,1.3989063553834822
1.7672557519173182,1.4013097837223758
1.8339446482160753,1.4514156429551661
1.9006335445148466,1.3905789275823872
1.9673224408136036,1.2979680246714982
2.034011337112375,1.270829923240189
2.100700233411146,1.1715148329017926
2.1673891297099033,1.0665454270207144
2.2340780260086746,1.0810034810429203
2.300766922307446,1.0600293555648386
2.367455818606203,1.0024319716797567
2.434144714904974,1.0244774738294828
2.5008336112037455,0.9883952502399271
2.5675225075025025,0.883193284175834
2.634211403801274,0.8541709454349626
2.700900300100045,0.803669454668232
2.767589196398802,0.7217470217818027
2.8342780926975735,0.7623395099979041
2.9009669889963448,0.811006098432213
2.967655885295102,0.7975244291626373
3.034344781593873,0.8660508839610068
3.10103367789263,0.9221220458393191
3.1677225741914015,0.8668387786183294
3.2344114704901727,0.8662143778513216
3.30110036678893,0.890707008249339
3.367789263087701,0.848178492500319
3.4344781593864724,0.8843098389168518
3.5011670556852295,0.9723116935653243
3.5678559519840007,0.9851964637567661
3.634544848282772,1.0360983802559791
3.701233744581529,1.0963985388093531
3.7679226408803004,1.028832116627648
3.8346115371790717,0.9748977901460206
3.9013004334778287,0.9702529625264699
3.9679893297766,0.8781394973518384
4.034678226075371,0.8266353856670481
4.101367122374128,0.8793836664192158
4.1680560186729,0.8673602446978623
4.234744914971657,0.8529173095436151
4.301433811270428,0.8997206760313106
4.368122707569199,0.8535685203056691
4.434811603867956,0.7724276620988731
4.501500500166728,0.7620953314709048
4.568189396465499,0.697399278708549
4.634878292764256,0.6402594374653285
4.701567189063027,0.7068440675025868
4.768256085361799,0.7414502033736323
4.834944981660556,0.7452238587881812
4.901633877959327,0.8385429626548198
4.968322774258098,0.8722641979592127
5.035011670556855,0.8212415743736193
5.101700566855627,0.8433060895299721
5.168389463154398,0.8469904701586879
5.235078359453155,0.799709415075745
5.301767255751926,0.8517368911239878
5.368456152050683,0.91044584531012
5.4351450483494546,0.901453787567961
5.501833944648226,0.9557095297942532
5.568522840946983,0.9776257089663596
5.635211737245754,0.8819685796949566
5.7019006335445255,0.8379336000711909
5.7685895298432825,0.8097772457193535
5.835278426142054,0.6944615547464692
5.901967322440825,0.6567455007620348
5.968656218739582,0.6850680354963067
6.0353451150383535,0.6323280510260485
6.102034011337125,0.6066388713068851
6.168722907635882,0.609318033863707
6.235411803934653,0.5055217070705985
6.30210070023341,0.4123138386781493
6.3687895965321815,0.36930255476934126
6.435478492830953,0.2587749529345326
6.50216738912971,0.20681550360513037
6.568856285428481,0.2610806559223959
6.635545181727252,0.24806263181620805
6.7022340780260095,0.24030720750637305
6.768922974324781,0.31157719439996046
6.835611870623552,0.2827701970502024
6.902300766922309,0.2030694809185347
6.96898966322108,0.20024881018746812
7.035678559519852,0.1531002528177416
7.102367455818609,0.09271997161914589
7.16905635211738,0.13782771198196872
7.235745248416151,0.15566872485821326
7.302434144714908,0.14179074668999406
7.36912304101368,0.19974981410392503
7.435811937312437,0.18142420358601852
7.502500833611208,0.07474031294605447
7.569189729909979,0.0457224278447494
7.635878626208736,-0.00893828639797902
7.702567522507508,-0.13041569438891007
7.769256418806279,-0.143574783293406
7.835945315105036,-0.12889251954900313
7.902634211403807,-0.18307893353799964
7.969323107702579,-0.17960100353576713
8.036012004001336,-0.18182655497698802
8.102700900300107,-0.278567422396403
8.169389796598878,-0.32117760911898746
8.236078692897635,-0.34562941521504886
8.302767589196407,-0.4367652476544779
8.369456485495178,-0.42820120927219013
8.436145381793935,-0.3465796461571983
8.502834278092706,-0.3498012159950243
8.569523174391463,-0.3127225272819556
8.636212070690235,-0.22373620220730459
8.702900966989006,-0.24655750531231382
8.769589863287763,-0.2757933487740487
8.836278759586534,-0.24306512115038093
8.902967655885305,-0.26747934795967643
8.969656552184063,-0.25637089285546555
9.036345448482834,-0.15810898079483762
9.103034344781605,-0.12425445973485949
9.169723241080362,-0.08479498963192984
9.236412137379133,0.013490117185064265
9.303101033677905,-0.0058101072022706535
9.369789929976662,-0.07838920541021571
9.436478826275433,-0.06583358963724778
9.503167722574204,-0.10994494871096372
9.569856618872961,-0.18375739950839345
9.636545515171733,-0.13937267917184468
9.70323441147049,-0.10463274226264975
9.769923307769261,-0.11271159070445404
9.836612204068032,-0.054269051828158464
9.90330110036679,-0.04895748845773751
9.96998999666556,-0.11634346811536672
10.036678892964332,-0.1100634778198996
10.103367789263089,-0.1271958753805565
10.17005668556186,-0.19426831552038826
10.236745581860632,-0.13639591317246003
10.303434478159389,-0.04798624692222994
10.37012337445816,-0.036161570310985706
10.436812270756931,0.04568674221969449
10.503501167055688,0.1350922809992789
10.57019006335446,0.11581066807350353
10.636878959653231,0.12931566728343896
10.703567855951988,0.16806405371510957
10.77025675225076,0.13875748237924862
10.836945648549516,0.18188209802793628
10.903634544848288,0.2771969974157729
10.970323441147059,0.2856466398427054
11.037012337445816,0.3293493472406231
11.103701233744587,0.4052527073801963
11.170390130043359,0.3471522179932619
11.237079026342116,0.2790676973664347
11.303767922640887,0.27770089506943074
11.370456818939658,0.2009805434126577
11.437145715238415,0.13960360418278975
11.503834611537187,0.17753824437132773
11.570523507835958,0.1656124222226791
11.637212404134715,0.14272625301188335
11.703901300433486,0.17607889025392917
11.770590196732257,0.11464282851430488
11.837279093031015,0.016599471519575793
11.903967989329786,-0.0001940912690498136
11.970656885628543,-0.06986021385916091
12.037345781927314,-0.15077589952016518
12.104034678226085,-0.09512533149159728
12.170723574524843,-0.0513968507221712
12.237412470823614,-0.057710595953271014
12.304101367122385,0.0185706813834629
12.370790263421142,0.054659680080768436
12.437479159719913,-0.0012424656696511356
12.504168056018685,0.0028452385608928976
12.570856952317442,-0.0038721603265692186
12.637545848616213,-0.06200180146125398
12.704234744914984,-0.0175977635195568
12.770923641213741,0.04411208423561259
12.837612537512513,0.03187856847370376
12.90430143381127,0.08457284320568613
12.970990330110041,0.130093061498337
13.037679226408812,0.04819527485704062
13.10436812270757,0.0009529459145940958
13.17105701900634,-0.015501491420861196
13.237745915305112,-0.11447403789357703
13.304434811603869,-0.1525243076252623
13.37112370790264,-0.11879429918132502
13.437812604201412,-0.15598806070508858
13.504501500500169,-0.16426499600835642
13.57119039679894,-0.13448114392760677
13.637879293097711,-0.21352200524077486
13.704568189396468,-0.28461421811496435
13.77125708569524,-0.2841176698786412
13.837945981994011,-0.35348319098853875
13.904634878292768,-0.3897327715476454
13.97132377459154,-0.304065220514194
14.038012670890296,-0.26851237292239766
14.104701567189068,-0.24728486186748783
14.171390463487839,-0.15134694051582742
14.238079359786596,-0.13329613933937545
14.304768256085367,-0.1686771911132102
14.371457152384139,-0.13121032614590647
14.438146048682896,-0.1350503119357692
14.504834944981667,-0.15161852832669084
14.571523841280438,-0.05189548464503367
14.638212737579195,0.022527856641594943
14.704901633877967,0.04464618627487367
14.771590530176738,0.1451358711172102
14.838279426475495,0.18852795556477034
14.904968322774266,0.12182954156550094
14.971657219073037,0.11749608059314233
15.038346115371795,0.10728485161273414
15.105035011670566,0.02963881825128978
15.171723907969323,0.045871729598425046
15.238412804268094,0.09821137282141867
15.305101700566865,0.08373532095885874
15.371790596865623,0.12844435559875017
15.438479493164394,0.17012834544679065
15.505168389463165,0.1011838602833869
15.571857285761922,0.07573144806103516
15.638546182060693,0.08615380530317374
15.705235078359465,0.01681322887683005
15.771923974658222,0.020299709339867078
15.838612870956993,0.1115471382910376
15.905301767255764,0.13117077564948684
15.971990663554521,0.17485457620096365
16.038679559853293,0.26883693913162027
16.105368456152064,0.25900180735735706
16.17205735245082,0.24047274109240274
16.238746248749592,0.2820688260081654
16.30543514504835,0.251540730616324
16.37212404134712,0.24403674429454875
16.438812937645892,0.34028913497262403
16.50550183394465,0.3706845095540064
16.57219073024342,0.37330882519245356
16.63887962654219,0.4461507871425267
16.70556852284095,0.4252576984375378
16.77225741913972,0.331889695566729
16.83894631543849,0.30808561787883565
16.90563521173725,0.24479202205445924
16.97232410803602,0.1522819743134563
17.03901300433479,0.16746351610825158
17.105701900633548,0.16767755273417007
17.17239079693232,0.11920652809727365
17.23907969323109,0.14626781736429637
17.305768589529848,0.1224263526972404
17.37245748582862,-0.0009553084651817042
17.439146382127376,-0.05080614132248977
17.505835278426147,-0.09703841533218624
17.57252417472492,-0.20616428580379154
17.639213071023676,-0.20867764196130675
17.705901967322447,-0.1611997183576073
17.772590863621218,-0.17934428686778725
17.839279759919975,-0.14070712709314778
17.905968656218747,-0.09318054529249123
17.972657552517518,-0.15734193189309342
18.039346448816275,-0.18808410448184262
18.106035345115046,-0.18718396503627482
18.172724241413817,-0.2697025607748733
18.239413137712575,-0.28917814855323426
18.306102034011346,-0.2269841339625046
18.372790930310117,-0.24521740641343848
18.439479826608874,-0.25081407956723023
18.506168722907645,-0.20994673276309517
18.572857619206403,-0.28016997034125396
18.639546515505174,-0.3720299097600369
18.706235411803945,-0.4057601417608794
18.772924308102702,-0.5103810914046468
18.839613204401473,-0.5985831156441731
18.906302100700245,-0.5802971616749436
18.972990996999002,-0.6196868816167084
19.039679893297773,-0.6777008311727769
19.106368789596544,-0.6543422383180655
19.1730576858953,-0.7101516859768113
19.239746582194073,-0.8304251484415994
19.306435478492844,-0.8633218997854436
19.3731243747916,-0.9184742042476491
19.439813271090372,-0.996326815041508
19.50650216738913,-0.9550679741171894
19.5731910636879,-0.9115055566540542
19.639879959986672,-0.91187941676666
19.70656885628543,-0.8342683912289407
19.7732577525842,-0.7978707015465538
19.83994664888297,-0.8583266724266083
19.90663554518173,-0.8479395992957981
19.9733244414805,-0.835425814946823
20.04001333777927,-0.8926153939434582
20.10670223407803,-0.8509909964511694
20.1733911303768,-0.7612178336484398
20.24008002667557,-0.7506603100227702
20.306768922974328,-0.6958979546849395
20.3734578192731,-0.6379120282521809
20.44014671557187,-0.699220764977293
20.506835611870628,-0.7408662831557402
20.5735245081694,-0.7532150393532037
20.640213404468156,-0.850591251651878
20.706902300766927,-0.8875304689190947
20.7735911970657,-0.838938266497057
20.840280093364456,-0.8680816395595115
20.906968989663227,-0.8803439788073085
20.973657885961998,-0.8313798130041333
21.040346782260755,-0.8853918277191163
21.107035678559527,-0.9617236317884041
21.173724574858298,-0.967058790287149
21.240413471157055,-1.0276571719532939
21.307102367455826,-1.0694780074004082
21.373791263754597,-1.0013655179644667
21.440480160053355,-0.9767888068877558
21.507169056352126,-0.966168470652769
21.573857952650897,-0.8729029857207439
21.640546848949654,-0.8620965473050356
21.707235745248425,-0.917305335909019
21.773924641547183,-0.885890666658454
21.840613537845954,-0.8864773702669515
21.907302434144725,-0.9317939248589506
21.973991330443482,-0.8667624070134902
22.040680226742253,-0.8018830285629698
22.107369123041025,-0.8025229597910448
22.174058019339782,-0.74609722998319
22.240746915638553,-0.733598048373304
22.307435811937324,-0.8257367077468292
22.37412470823608,-0.8641800133521755
22.440813604534853,-0.9090333135366531
22.507502500833624,-1.0255832378986436
22.57419139713238,-1.0422756326825324
22.640880293431152,-1.01412150468715
22.707569189729924,-1.0700149020955152
22.77425808602868,-1.0771455451315501
22.840946982327452,-1.0623313470314388
22.90763587862621,-1.1656503557652813
22.97432477492498,-1.2510371139805259
23.04101367122375,-1.2896485288249206
23.10770256752251,-1.3948383717016755
23.17439146382128,-1.4381638397474965
23.24108036012005,-1.3909151448864678
23.30776925641881,-1.4073100109924326
23.37445815271758,-1.3972651831378136
23.44114704901635,-1.325578167401329
23.507835945315108,-1.3640203156609016
23.57452484161388,-1.4263707208127334
23.64121373791265,-1.410251246549581
23.707902634211408,-1.4583904542097401
23.77459153051018,-1.511771798175038
23.84128042680895,-1.455440952981316
23.907969323107707,-1.4373554670531603
23.97465821940648,-1.4497455721852504
24.041347115705236,-1.3994453125560853
24.108036012004007,-1.427652047569627
24.174724908302778,-1.5221637107706625
24.241413804601535,-1.5425782519149367
24.308102700900307,-1.6069048565947974
24.374791597199078,-1.7127092830062807
24.441480493497835,-1.695350684875261
24.508169389796606,-1.677822842161545
24.574858286095377,-1.7339287466131006
24.641547182394135,-1.7158998332804742
24.708236078692906,-1.7123515053430216
24.774924974991677,-1.8105603969341526
24.841613871290434,-1.855503601292903
24.908302767589205,-1.8801765384364528
24.974991663887977,-1.9526143066396318
25.041680560186734,-1.9256531724717623
25.108369456485505,-1.8485310254898377
25.175058352784262,-1.839305658463744
25.241747249083033,-1.7650744072744586
25.308436145381805,-1.6707005606456393
25.375125041680562,-1.7029094241084322
25.441813937979333,-1.7131052326952458
25.508502834278104,-1.6624874050454919
25.57519173057686,-1.6904793223690677
25.641880626875633,-1.6790892650807907
25.708569523174404,-1.5736057788580187
25.77525841947316,-1.526943313779094
25.841947315771932,-1.4752460195702157
25.908636212070704,-1.3808419914719985
25.97532510836946,-1.3961617484996236
26.042014004668232,-1.4365290347040234
26.108702900967003,-1.4116276934006589
26.17539179726576,-1.4661219030280217
26.24208069356453,-1.5228803777832975
26.30876958986329,-1.4551778724600486
26.37545848616206,-1.4255709086623958
26.44214738246083,-1.4402329292014486
26.50883627875959,-1.3747364904102524
26.57552517505836,-1.3625444322359894
26.64221407135713,-1.4193508983122665
26.708902967655888,-1.4085177803831253
26.77559186395466,-1.420035779988724
26.84228076025343,-1.4552196950377752
26.908969656552188,-1.3711926266947927
26.97565855285096,-1.289746398143643
27.04234744914973,-1.2690973730010375
27.109036345448487,-1.1595005937779328
27.17572524174726,-1.0704434609005253
27.242414138046016,-1.1016237736300944
27.309103034344787,-1.076564440227812
27.375791930643558,-1.021160974465169
27.442480826942315,-1.0375476287350283
27.509169723241087,-0.982360497172397
27.575858619539858,-0.8767788624116185
27.642547515838615,-0.8407728668897158
27.709236412137386,-0.7704483590246981
27.775925308436157,-0.6993113641594905
27.842614204734915,-0.7559913584482303
27.909303101033686,-0.7936509078161444
27.975991997332457,-0.7879811643940431
28.04268089363123,-0.8771976814244888
28.109369789929985,-0.9233561739930942
28.176058686228743,-0.8624996381302587
28.242747582527528,-0.8688909040981796
28.309436478826285,-0.8827379497554246
28.376125375125042,-0.8360484826738357
28.442814271423828,-0.8795765197854407
28.509503167722585,-0.9554006233621984
28.576192064021342,-0.9662229486098286
28.642880960320127,-1.0329605755720632
28.709569856618884,-1.087413495502047
28.77625875291764,-1.0172013211224287
28.842947649216427,-0.9854701764981235
28.909636545515184,-0.9829811680890171
28.97632544181394,-0.8862668501502418
29.043014338112698,-0.8481989730198509
29.109703234411484,-0.8977887331339207
29.17639213071024,-0.8735438181988204
29.243081027008998,-0.8626505132717482
29.309769923307783,-0.898185418167477
29.37645881960654,-0.8364562169669227
29.443147715905297,-0.7703626875620776
29.509836612204083,-0.7654921214928564
29.57652550850284,-0.6947559321862693
29.643214404801597,-0.6589099218696112
29.709903301100383,-0.7390148085765259
29.77659219739914,-0.7605701057709079
29.843281093697897,-0.7662288178628086
29.909969989996682,-0.8578878279490094
29.97665888629544,-0.8685245544317122
30.043347782594196,-0.8093641837353542
30.110036678892982,-0.829385323435569
30.17672557519174,-0.8192020084324234
30.243414471490496,-0.7811472769451236
30.31010336778928,-0.847665127421007
30.37679226408804,-0.9000763004144275
30.443481160386796,-0.8998727059994484
30.51017005668558,-0.9657836135407002
30.576858952984338,-0.9720879475046401
30.643547849283095,-0.871074405928287
30.71023674558188,-0.8339720333043954
30.776925641880638,-0.7876338655425046
30.843614538179395,-0.6651607495095083
30.91030343447818,-0.6410465408688721
30.976992330776937,-0.6622703547495077
31.043681227075695,-0.6069001380540071
31.11037012337445,-0.6012526383220728
31.177059019673237,-0.6043048181163776
31.243747915971994,-0.497873559382624
31.31043681227075,-0.42137409110711044
31.377125708569537,-0.38120121043614336
31.443814604868294,-0.26714103638454195
31.51050350116705,-0.22634477675752118
31.577192397465836,-0.27334457210152363
31.643881293764593,-0.2475639860222649
31.71057019006335,-0.24865456464130095
31.777259086362136,-0.31194073937203687
31.843947982660893,-0.26889209188363666
31.91063687895965,-0.20535710005438865
31.977325775258436,-0.2115533880240369
32.04401467155719,-0.15612430361313914
32.11070356785595,-0.11154005976326531
32.177392464154735,-0.16746050745940277
32.24408136045349,-0.1710815398311449
32.31077025675225,-0.15380140027129752
32.377459153051035,-0.2041878768530864
32.44414804934979,-0.16067120190555015
32.51083694564855,-0.051170117238942346
32.577525841947335,-0.023255213643664997
32.64421473824609,0.045214562657290694
32.71090363454485,0.1558707028345463
32.777592530843634,0.14808273206939168
32.84428142714239,0.1386522704165197
32.91097032344115,0.1892087261587282
32.977659219739934,0.1721885025069872
33.04434811603869,0.18724193513723406
33.11103701233745,0.29307938913692927
33.17772590863623,0.3343918466036806
33.24441480493499,0.3715127302039526
33.31110370123375,0.461376714138468
33.377792597532505,0.43717458983610996
33.44448149383129,0.3625977107515812
33.51117039013005,0.3616905971998584
33.577859286428804,0.2982836777844884
33.64454818272759,0.21103061285814714
33.71123707902635,0.24205961910748372
33.777925975325104,0.25167387356297727
33.84461487162389,0.21763970510499947
33.91130376792265,0.25588624900961837
33.977992664221404,0.23959447321366564
34.04468156052019,0.14296374841837522
34.111370456818946,0.11902692458174459
34.1780593531177,0.0763902561987652
34.24474824941649,-0.014923582893323057
34.311437145715246,0.012874522064704847
34.378126042014,0.06730436606023012
34.44481493831279,0.051030137577988854
34.511503834611545,0.1053642874743909
34.5781927309103,0.16187786245787683
34.64488162720909,0.10998896087071046
34.711570523507845,0.0981509953525264
34.7782594198066,0.11049647432043053
34.84494831610539,0.052654525301755684
34.911637212404145,0.06903367596360932
34.9783261087029,0.1425605633634291
35.04501500500169,0.1303800728045254
35.111703901300444,0.1524093833222067
35.1783927975992,0.2047273310626211
35.24508169389799,0.12838158553086035
35.311770590196744,0.04622181531570004
35.3784594864955,0.02818066294659947
35.44514838279429,-0.06402118417342577
35.511837279093044,-0.13316752914171817
35.5785261753918,-0.10119820601900306
35.64521507169056,-0.12272226406447678
35.71190396798934,-0.15004577319576176
35.7785928642881,-0.11503783995140175
35.84528176058686,-0.1740940247564363
35.91197065688564,-0.27265889798814985
35.9786595531844,-0.28669339416076467
36.04534844948316,-0.3479376373693433
36.11203734578194,-0.4177621369229705
36.1787262420807,-0.35543159666273844
36.24541513837946,-0.3015308488422708
36.31210403467824,-0.2897250278285549
36.378792930977,-0.19637215336149336
36.445481827275756,-0.1490279145551316
36.51217072357454,-0.18552536901719927
36.5788596198733,-0.15432681287098307
36.645548516172056,-0.14010744650208004
36.71223741247084,-0.18140450955631784
36.7789263087696,-0.11322623023733719
36.845615205068356,-0.022753500751509927
36.91230410136714,-0.012088996988030721
36.9789929976659,0.059979135232655294
37.045681893964655,0.12909457135613603
37.11237079026344,0.07684552574577433
37.1790596865622,0.0531269467128434
37.245748582860955,0.05525190490039375
37.31243747915974,-0.018199732755033005
37.3791263754585,-0.02479559995224112
37.445815271757255,0.029262664153373207
37.51250416805604,0.006736117115999914
37.5791930643548,0.020204394673569655
37.645881960653554,0.07444326261729764
37.71257085695231,0.01006201707427955
37.7792597532511,-0.051380861747168514
37.845948649549854,-0.03703707531152791
37.91263754584861,-0.08943752028332895
37.979326442147396,-0.11481693898704493
38.04601533844615,-0.02658415679010982
38.11270423474491,0.016128087106638465
38.179393131043696,0.049201524561847364
38.24608202734245,0.14727705534512758
38.31277092364121,0.15630180320071632
38.379459819939996,0.1194882575702655
38.44614871623875,0.160015837363387
38.51283761253751,0.14858396790947484
38.579526508836295,0.11443925413155097
38.64621540513505,0.20281412882837416
38.71290430143381,0.2707155836398506
38.779593197732595,0.2789779144979826
38.84628209403135,0.3547203827865896
38.91297099033011,0.3784916811891781
38.979659886628895,0.3002899856456398
39.04634878292765,0.2749305949056853
39.11303767922641,0.23142313582019108
39.179726575525194,0.1291402578409677
39.24641547182395,0.1300560281735933
39.31310436812271,0.1536557017976758
39.379793264421494,0.10071250594479765
39.44648216072025,0.11636393472440351
39.51317105701901,0.13745313210830937
39.57985995331779,0.03825409694824033
39.64654884961655,-0.024311331087382388
39.71323774591531,-0.04379764358008577
39.77992664221409,-0.13347488215935627
39.84661553851285,-0.15815614566503744
39.91330443481161,-0.1032168943098691
39.979993331110364,-0.11145270156547901
40.04668222740915,-0.08546464421412825
40.11337112370791,-0.019089652748198536
40.180060020006664,-0.06318357616664033
40.24674891630545,-0.10455044639068584
40.31343781260421,-0.07682506884824067
40.380126708902964,-0.1268380675424943
40.44681560520175,-0.15782426581782044
40.513504501500506,-0.0767430422035389
40.58019339779926,-0.05354152080145174
40.64688229409805,-0.05918231918940543
40.713571190396806,-0.000556794104662832
40.78026008669556,-0.028659793832635033
40.84694898299435,-0.11906301588615589
40.913637879293105,-0.14203852555479884
40.98032677559186,-0.21089257436336384
41.04701567189065,-0.29832485127844244
41.113704568189405,-0.2676427624944952
41.18039346448816,-0.25455629800682883
41.24708236078695,-0.2943943707250336
41.313771257085705,-0.2500905647553053
41.38046015338446,-0.24775059043280773
41.44714904968325,-0.3448011205267217
41.513837945982004,-0.3722848930332814
41.58052684228076,-0.3908748843018872
41.64721573857955,-0.46193113963766286
41.713904634878304,-0.4282710181200323
41.78059353117706,-0.3496284575816428
41.84728242747585,-0.32863217369524583
41.913971323774604,-0.24044781691801853
41.98066022007336,-0.14925352199251055
42.047349116372146,-0.17224564214340746
42.1140380126709,-0.15288016958099584
42.18072690896966,-0.09525571990888204
42.24741580526842,-0.12571731413159648
42.3141047015672,-0.09399049440908178
42.38079359786596,0.02356926489765861
42.44748249416472,0.06460510998542841
42.5141713904635,0.11429160754181945
42.58086028676226,0.20835054666570507
42.64754918306102,0.19659940385162838
42.7142380793598,0.16677002775068872
42.78092697565856,0.18881640877597355
42.847615871957316,0.1384899859666201
42.9143047682561,0.11235428223512454
42.98099366455486,0.19183709496401638
43.047682560853616,0.20730735545797876
43.1143714571524,0.20360289833893558
43.18106035345116,0.28432997642320146
43.247749249749916,0.2820104508538606
43.3144381460487,0.21220531197970438
43.38112704234746,0.22849501872975594
43.447815938646215,0.22420888410969486
43.514504834945,0.19531769723819925
43.58119373124376,0.2807341211054312
43.647882627542515,0.365533015570646
43.7145715238413,0.4109779187403336
43.78126042014006,0.531783789402495
43.847949316438815,0.6031078903462905
43.9146382127376,0.5760028802264631
43.98132710903636,0.6227829004155043
44.048016005335114,0.6676973138465775
44.1147049016339,0.6363807429687347
44.18139379793266,0.7033476644807743
44.248082694231414,0.818938640460912
44.31477159053017,0.8534629861897453
44.381460486828956,0.9249526992256748
44.44814938312771,0.998000553988551
44.51483827942647,0.9563104309601406
44.581527175725256,0.9337566610370663
44.64821607202401,0.929073881231197
44.71490496832277,0.8389360238999487
44.781593864621556,0.8160004613016181
44.84828276092031,0.8752494636249037
44.91497165721907,0.8462494436433013
44.981660553517855,0.8361723148456093
45.04834944981661,0.8921198245888438
45.11503834611537,0.8417640739487929
45.181727242414155,0.7626502807807046
45.24841613871291,0.7565229082289621
45.31510503501167,0.7023647271171355
45.381793931310455,0.6649285718276392
45.44848282760921,0.7290269497188077
45.51517172390797,0.7506778449241963
45.581860620206754,0.7683665044699444
45.64854951650551,0.8648505469298953
45.71523841280427,0.8711579935711606
45.781927309103054,0.8153943252343242
45.84861620540181,0.8543642478487784
45.91530510170057,0.8579593412186256
45.98199399799935,0.814849386684848
46.04868289429811,0.8860215576039449
46.11537179059687,0.9630824806216735
46.18206068689565,0.9741810349852701
46.24874958319441,1.0394368146546593
46.31543847949317,1.062106162783243
46.38212737579195,0.9884289727179925
46.44881627209071,0.9700274967394931
46.51550516838947,0.9398225047904136
46.582194064688224,0.8408603753297624
46.64888296098701,0.8493696283988593
46.71557185728577,0.9044715307376989
46.782260753584524,0.8730870404069488
46.84894964988331,0.8938935690623628
46.915638546182066,0.9408175084586672
46.98232744248082,0.8732432125622182
47.04901633877961,0.8218434351701803
47.115705235078366,0.8175838587936387
47.18239413137712,0.7524646202912674
47.24908302767591,0.7539450483512243
47.315771923974665,0.8399493569235217
47.38246082027342,0.8620165632988664
47.44914971657221,0.9178739501147024
47.515838612870965,1.0377805681902517
47.58252750916972,1.0433216440913202
47.64921640546851,1.0264866275977786
47.715905301767265,1.0923068063252157
47.78259419806602,1.0943268171837315
47.84928309436481,1.0903898930017588
47.915971990663564,1.1948948089826414
47.98266088696232,1.2630537761537592
48.04934978326111,1.3007264511523022
48.116038679559864,1.3980202540056006
48.18272757585862,1.4139748027975354
48.24941647215741,1.3671799507732079
48.316105368456164,1.3934499670974172
48.38279426475492,1.3733339686937034
48.449483161053706,1.3110801844725914
48.51617205735246,1.3714300681865341
48.58286095365122,1.4283245829804534
48.649549849950006,1.4129657620820035
48.71623874624876,1.4695977775094033
48.78292764254752,1.5053465646234176
48.84961653884628,1.4372030844958397
48.91630543514506,1.4234535122148329
48.98299433144382,1.4257761216137441
49.04968322774258,1.3749304021901325
49.11637212404136,1.4232929396934098
49.18306102034012,1.520359160970512
49.249749916638876,1.5461953092579925
49.31643881293766,1.6305796694731753
49.38312770923642,1.7330378375026454
49.449816605535176,1.7099253908024008
49.51650550183396,1.7060859540297515
49.58319439813272,1.7523287249057702
49.649883294431476,1.7181567108001643
49.71657219073026,1.725982698059735
49.78326108702902,1.8231426646283795
49.849949983327775,1.8522638098493516
49.91663887962656,1.886246250179181
49.98332777592532,1.9630524796703073
50.050016672224075,1.9261112456479121
50.11670556852286,1.8589701080627172
50.18339446482162,1.8546967598894206
50.250083361120375,1.7726038863971876
50.31677225741916,1.686673404479783
50.38346115371792,1.7174414754159788
50.450150050016674,1.7048842725407833
50.51683894631546,1.6534326671767199
50.58352784261422,1.680903487499818
50.650216738912974,1.64702749052857
50.71690563521176,1.5411398715495042
50.783594531510516,1.5083989194155665
50.85028342780927,1.4532334057708935
50.91697232410803,1.370340047482781
50.983661220406816,1.4032907120290778
51.05035011670557,1.4382477198587946
51.11703901300433,1.4148482278511723
51.183727909303116,1.4739702232322591
51.25041680560187,1.5073985554431126
51.31710570190063,1.4293452347160167
51.383794598199415,1.4121015496151645
51.45048349449817,1.415860374886432
51.51717239079693,1.3463950280993646
51.583861287095715,1.358520337396102
51.65055018339447,1.4246271392185739
51.71723907969323,1.414431480866786
51.783927975992015,1.4395145767026887
51.85061687229077,1.4720803620769927
51.91730576858953,1.380583612114235
51.983994664888314,1.3029290971799639
52.05068356118707,1.2685326391357625
52.11737245748583,1.1475757009441352
52.184061353784614,1.074676497699409
52.25075025008337,1.1012726082723878
52.31743914638213,1.0615489471740434
52.38412804268091,1.0247008079821234
52.45081693897967,1.0512488374509785
52.51750583527843,0.9826779280476656
52.58419473157721,0.8848760444760679
52.65088362787597,0.8589045069227412
52.71757252417473,0.7779374018660679
52.78426142047351,0.708447871531455
52.85095031677227,0.7641068937323673
52.91763921307103,0.786338607854593
52.98432810936981,0.7813362876774713
53.05101700566857,0.867864940472285
53.11770590196733,0.8946380491596215
53.184394798266084,0.8420850491800576
53.25108369456487,0.8654253164491084
53.317772590863626,0.8716071236184845
53.38446148716238,0.8318359965510511
53.45115038346117,0.8952689304115912
53.517839279759926,0.9620532040111897
53.58452817605868,0.9652822484060932
53.65121707235747,1.0340391621296396
53.717905968656225,1.0701906239129124
53.78459486495498,0.9904313280177369
53.85128376125377,0.965163612538554
53.917972657552525,0.9548635851024021
53.98466155385128,0.8639405974555419
54.05135045015007,0.8546603125075624
54.118039346448825,0.9062854886576639
54.18472824274758,0.8795192836469634
54.25141713904637,0.8882773227003834
54.318106035345124,0.9209016293771605
54.38479493164388,0.8406203563399188
54.45148382794267,0.777526186933511
54.518172724241424,0.7685890732728687
54.58486162054018,0.6878013512921503
54.65155051683897,0.6600026673915078
54.718239413137724,0.7422705183781787
54.78492830943648,0.7632441675349281
54.851617205735266,0.7878245999615069
54.91830610203402,0.8791983983443818
54.98499499833278,0.8753129610200306
55.051683894631566,0.8315087753826851
55.11837279093032,0.8551781894675633
55.18506168722908,0.8206448984184378
55.251750583527866,0.782558382070133
55.31843947982662,0.8563369064514025
55.38512837612538,0.8884545541975614
55.45181727242414,0.8798747997323807
55.51850616872292,0.9503285994318262
55.58519506502168,0.9494021869234752
55.651883961320436,0.8518290942491648
55.71857285761922,0.822043222239095
55.78526175391798,0.7697804328303722
55.851950650216736,0.6612411771029384
55.91863954651552,0.6503876521545043
55.98532844281428,0.6521663736820902
56.052017339113036,0.5900314630734024
56.11870623541182,0.5948937755006747
56.18539513171058,0.5792531581796277
56.252084028009335,0.4579848078883498
56.31877292430812,0.397519780316961
56.38546182060688,0.36238843798096054
56.452150716905635,0.25338164128694174
56.51883961320442,0.23288398228262416
56.58552850950318,0.28610006940390853
56.652217405801935,0.2657973239487187
56.71890630210072,0.28112353179614785
56.78559519839948,0.3284948230921961
56.852284094698234,0.2664341121462541
56.91897299099702,0.21391020692550297
56.98566188729578,0.21471081365706648
57.052350783594534,0.13960534898083782
57.11903967989332,0.1093460331812127
57.185728576192076,0.17948011377780065
57.25241747249083,0.17822154776007812
57.31910636878962,0.16742375497010484
57.385795265088376,0.2213398818316071
57.45248416138713,0.17221987722203824
57.51917305768589,0.06706146937397285
57.585861953984676,0.028211062897920105
57.65255085028343,-0.0623788772653091
57.71923974658219,-0.16233345718974232
57.785928642880975,-0.15133220891353505
57.85261753917973,-0.16874555012511408
57.91930643547849,-0.21708022396537693
57.985995331777275,-0.18095358832658281
58.05268422807603,-0.2073986878401294
58.11937312437479,-0.31644399947458174
58.186062020673575,-0.3406122889770074
58.25275091697233,-0.3737933520877932
58.31943981327109,-0.4613149425699199
58.386128709569874,-0.4335076558508732
58.45281760586863,-0.37100810610471274
58.51950650216739,-0.3680702219618387
58.586195398466174,-0.29905454204133464
58.65288429476493,-0.23489191538879453
58.71957319106369,-0.2703263183358435
58.78626208736247,-0.25520020211797934
58.85295098366123,-0.2203639606378158
58.91963987995999,-0.26056371971387104
58.98632877625877,-0.2174920803611964
59.05301767255753,-0.11142500545443879
59.11970656885629,-0.09494092289767311
59.18639546515507,-0.0500464887797453
59.25308436145383,0.02999314048272379
59.31977325775259,-0.01185522293625216
59.38646215405137,-0.06188566276988013
59.45315105035013,-0.057455427499330504
59.51983994664889,-0.12258812886849506
59.58652884294767,-0.15583473730919647
59.65321773924643,-0.09253977426854591
59.719906635545186,-0.09174707503858946
59.78659553184394,-0.09088834632239053
59.85328442814273,-0.023113016137974434
59.919973324441486,-0.056765532115433476
59.98666222074024,-0.1356980458850682
60.05335111703903,-0.12653030677953767
60.120040013337785,-0.16130439882130196
60.18672890963654,-0.2115463899399865
60.25341780593533,-0.13663391395270347
60.320106702234085,-0.06832968082537505
60.38679559853284,-0.036847817637225215
60.45348449483163,0.06833323430249166
60.520173391130385,0.12082757749824848
60.58686228742914,0.09351451437644141
60.65355118372793,0.13591364472665254
60.720240080026684,0.1514379979335531
60.78692897632544,0.10927299788145751
60.85361787262423,0.18001404149961708
60.920306768922984,0.27034198759612904
60.98699566522174,0.27271709844030384
61.05368456152053,0.33479230270788596
61.120373457819284,0.39557650226233987
61.18706235411804,0.3343852962926737
61.253751250416826,0.2970032907954697
61.32044014671558,0.2821045387149039
61.38712904301434,0.19516638698315542
61.453817939313126,0.17416655441667564
61.52050683561188,0.20784129391400638
61.58719573191064,0.16356149077338927
61.653884628209426,0.15976873428860375
61.72057352450818,0.19205324344275057
61.78726242080694,0.10070925306745267
61.853951317105725,0.013569984363747184
61.92064021340448,0.006091291146891441
61.98732910970324,-0.06987756880323126
62.054018006001996,-0.12072807790529011
62.12070690230078,-0.059116363408830815
62.18739579859954,-0.038721495888334206
62.254084694898296,-0.0263392841284785
62.32077359119708,0.04661839841465626
62.38746248749584,0.030081418797058574
62.454151383794596,-0.02523851119782387
62.52084028009338,-0.0032391511658030245
62.58752917639214,-0.03985350384448081
62.654218072690895,-0.0947658113707967
62.72090696898968,-0.01945651406742178
62.78759586528844,0.03523040780949244
62.854284761587195,0.02529519073771852
62.92097365788598,0.08665657089181075
62.98766255418474,0.10343058799342866
63.054351450483495,0.021334621184698793
63.12104034678228,-0.013305892503923104
63.18772924308104,-0.06347205843585639
63.254418139379794,-0.1628589646786821
63.32110703567858,-0.15803168205527168
63.38779593197734,-0.13846624166395058
63.454484828276094,-0.18934213471563666
63.52117372457488,-0.16088842410820153
63.587862620873636,-0.12953358085307212
63.65455151717239,-0.22363070956471076
63.72124041347118,-0.27439629893935785
63.787929309769936,-0.2730086526268066
63.85461820606869,-0.34269583189529096
63.92130710236748,-0.35047417551496407
63.987995998666236,-0.27681358221475066
64.05468489496499,-0.2585741810303895
64.12137379126375,-0.20681089203478875
64.18806268756254,-0.1198291448467836
64.25475158386129,-0.1408915330726859
64.32144048016005,-0.15034506170576412
64.38812937645883,-0.09366351887247541
64.45481827275759,-0.11915434908020943
64.52150716905635,-0.12191831546721005
64.58819606535513,-0.006647579517706887
64.65488496165389,0.04867102941855046
64.72157385795265,0.07167191152226732
64.78826275425143,0.15737887750155846
64.85495165055019,0.15909489190806617
64.92164054684895,0.10021669856410993
64.98832944314773,0.10299796012303761
65.05501833944649,0.0570260531671386
65.12170723574525,-0.003396887794610058
65.18839613204403,0.05476933458706006
65.25508502834279,0.08711960807803328
65.32177392464155,0.06610792249973935
65.38846282094033,0.13239271384856807
65.45515171723909,0.15517140762479786
65.52184061353785,0.07148086225202037
65.58852950983663,0.05466272615156338
65.65521840613539,0.04683701180806385
65.72190730243415,-0.012735612971576986
65.78859619873293,0.025490802061537057
65.85528509503169,0.10298300726711297
65.92197399133045,0.12361379535089384
65.98866288762923,0.21092422459634688
66.05535178392799,0.2936442691935302
66.12204068022675,0.25952817208268514
66.18872957652553,0.26971931438255675
66.25541847282429,0.31350544842206124
66.32210736912305,0.2642727506734691
66.3887962654218,0.2748971402575825
66.45548516172059,0.3692180337987306
66.52217405801935,0.38301711098151314
66.5888629543181,0.4037488609590682
66.65555185061689,0.46331204740933063
66.72224074691565,0.41377652680626853
66.7889296432144,0.34517491989373106
66.85561853951319,0.32803805909555794
66.92230743581194,0.2351281403131739
66.9889963321107,0.16440436857371452
67.05568522840949,0.19598747791907783
67.12237412470824,0.16373808132854914
67.189063021007,0.11131263721765866
67.25575191730579,0.13797387551964402
67.32244081360454,0.07939538262442689
67.3891297099033,-0.043183599727926035
67.45581860620209,-0.08206765275677502
67.52250750250084,-0.14847351634161593
67.5891963987996,-0.23594188988169076
67.65588529509839,-0.2047566537515342
67.72257419139714,-0.1767606532457087
67.7892630876959,-0.19270914570542594
67.85595198399469,-0.13077515129087938
67.92264088029344,-0.11548843453093253
67.9893297765922,-0.1973214696499392
68.05601867289099,-0.20915296297171512
68.12270756918974,-0.22244539100774288
68.1893964654885,-0.3068808637774996
68.25608536178729,-0.29116015053936517
68.32277425808604,-0.23201142426734228
68.3894631543848,-0.2508597081196928
68.45615205068358,-0.2252962071137171
68.52284094698234,-0.1978228275308846
68.5895298432811,-0.28781555205809584
68.65621873957986,-0.35619014080191586
68.72290763587864,-0.4000361453352093
68.7895965321774,-0.5259654256251493
68.85628542847616,-0.5859479683791995
68.92297432477494,-0.5665208711799166
68.9896632210737,-0.6279553613481875
69.05635211737246,-0.6648849106831147
69.12304101367124,-0.6395911702810261
69.18972990997,-0.722220123116281
69.25641880626875,-0.822431600161905
69.32310770256754,-0.8459548704733751
69.3897965988663,-0.9222003016735322
69.45648549516505,-0.9811158689405451
69.52317439146384,-0.9287265862768288
69.5898632877626,-0.9155579751294647
69.65655218406135,-0.9110882492660377
69.72324108036014,-0.8304869076736024
69.7899299766589,-0.8324153054402881
69.85661887295765,-0.8901749433397993
69.92330776925644,-0.8596714128243051
69.9899966655552,-0.8664501621911495
70.05668556185395,-0.9103184663500741
70.12337445815274,-0.8361137094668915
70.1900633544515,-0.7649186375155369
70.25675225075025,-0.7581784298117362
70.32344114704904,-0.689408937978986
70.3901300433478,-0.6632728613495282
70.45681893964655,-0.7409167661481447
70.52350783594534,-0.7630999609187322
70.5901967322441,-0.7930246468975269
70.65688562854285,-0.889656476334658
70.72357452484164,-0.8847451664527453
70.7902634211404,-0.8359769689451058
70.85695231743915,-0.8694422854779777
70.92364121373791,-0.849588531671572
70.9903301100367,-0.8106750493729595
71.05701900633545,-0.8874876653783832
71.12370790263421,-0.9430874701906539
71.190396798933,-0.9548221141196688
71.25708569523175,-1.033469203240347
71.32377459153051,-1.0472092080723838
71.3904634878293,-0.9745535028468946
71.45715238412805,-0.968125629260448
71.52384128042681,-0.9320454168624226
71.5905301767256,-0.8370434749570639
71.65721907302435,-0.8543133629224438
71.72390796932311,-0.8935114973845579
71.7905968656219,-0.8555468079323192
71.85728576192065,-0.8851602480313782
71.92397465821941,-0.9160681764152949
71.99066355451819,-0.8419176069926319
72.05735245081695,-0.8121699557827627
72.1240413471157,-0.81338374793143
72.19073024341449,-0.7516776903691152
72.25741913971325,-0.7752512787539851
72.324108036012,-0.867853070192947
72.39079693231079,-0.8871225012260596
72.45748582860955,-0.9498687662564526
72.5241747249083,-1.0550720847844504
72.59086362120709,-1.0441942197200396
72.65755251750585,-1.0356582790924636
72.7242414138046,-1.0942367114365903
72.79093031010339,-1.0843249008583256
72.85761920640215,-1.1040643658919365
72.9243081027009,-1.2213653057554301
72.99099699899966,-1.278145578855715
73.05768589529845,-1.3254371902392568
73.1243747915972,-1.431589355642201
73.19106368789596,-1.430027532475593
73.25775258419475,-1.3750641222911262
73.3244414804935,-1.395627150623254
73.39113037679226,-1.3602400267992176
73.45781927309105,-1.3002353190235048
73.5245081693898,-1.3594662631773047
73.59119706568856,-1.4038384519184295
73.65788596198735,-1.4015008064321322
73.7245748582861,-1.4707127328040803
73.79126375458486,-1.489169230469943
73.85795265088365,-1.426171634225682
73.9246415471824,-1.4338295327942645
73.99133044348116,-1.425359724220738
74.05801933977995,-1.3660516253571837
74.1247082360787,-1.4260476137353828
74.19139713237746,-1.5159800973501794
74.25808602867625,-1.5342298001346002
74.324774924975,-1.6219204142375696
74.39146382127376,-1.7161587039240844
74.45815271757255,-1.696314405516464
74.5248416138713,-1.7114022960711686
74.59153051017006,-1.7545680143774216
74.65821940646885,-1.7239500817171718
74.7249083027676,-1.760484255818542
74.79159719906636,-1.856011984355706
74.85828609536514,-1.8668064097769277
74.9249749916639,-1.9052366056130803
74.99166388796266,-1.9763075570133586
75.05835278426144,-1.9196268344674932
75.1250416805602,-1.8513319364216199
75.19173057685896,-1.844949766455628
75.25841947315772,-1.7629443741227027
75.3251083694565,-1.697246018951085
75.39179726575526,-1.7318484270265802
75.45848616205402,-1.7111252438268554
75.5251750583528,-1.6790943653060741
75.59186395465156,-1.7072524844427546
75.65855285095031,-1.6414503409679897
75.7252417472491,-1.5310715195699065
75.79193064354786,-1.505633010338319
75.85861953984661,-1.4325747625566174
75.9253084361454,-1.3429038957547657
75.99199733244416,-1.3862317750107602
76.05868622874291,-1.4224141409320585
76.1253751250417,-1.408041928686646
76.19206402134046,-1.47191288158207
76.25875291763921,-1.4961162852676806
76.325441813938,-1.4292939228001025
76.39213071023676,-1.421508096831854
76.45881960653551,-1.401470956437575
76.5255085028343,-1.3290585803168218
76.59219739913306,-1.3603346525336335
76.65888629543181,-1.4126121711768385
76.7255751917306,-1.3861825720799221
76.79226408802936,-1.4247828316230997
76.85895298432811,-1.4588832688524809
76.9256418806269,-1.3646824145055574
76.99233077692566,-1.299958514359127
77.05901967322441,-1.2688653958290605
77.1257085695232,-1.1551351955419737
77.19239746582195,-1.0989606243149554
77.25908636212071,-1.1159448157306424
77.3257752584195,-1.0633698380019532
77.39246415471825,-1.038874919247577
77.45915305101701,-1.0547231741187362
77.52584194731577,-0.9616746688400839
77.59253084361455,-0.8733569630198875
77.65921973991331,-0.858588946656434
77.72590863621207,-0.7747058871891679
77.79259753251085,-0.7204670030051887
77.85928642880961,-0.7869989528365963
77.92597532510837,-0.8073244987712526
77.99266422140715,-0.810319159188712
78.05935311770591,-0.8888107408595896
78.12604201400467,-0.8901779016345605
78.19273091030345,-0.8396503724515851
78.25941980660221,-0.8620355742346116
78.32610870290097,-0.842633626111243
78.39279759919975,-0.8081162301522109
78.45948649549851,-0.8928917377865317
78.52617539179727,-0.9540198078857908
78.59286428809605,-0.9573149757182154
78.65955318439481,-1.039455048437121
78.72624208069357,-1.0700736001455446
78.79293097699235,-0.9867306829694479
78.85961987329111,-0.9618323705332704
78.92630876958987,-0.9373442016632847
78.99299766588865,-0.8467416398307545
79.05968656218741,-0.8461061171637162
79.12637545848617,-0.8809443322749876
79.19306435478495,-0.8542601628852546
79.25975325108371,-0.8858078568701672
79.32644214738247,-0.9132205651024478
79.39313104368125,-0.8268459752505455
79.45981993998001,-0.7872775824723761
79.52650883627877,-0.7853177310861136
79.59319773257752,-0.6985050388372727
79.65988662887631,-0.6832469261263194
79.72657552517506,-0.7641612720458987
79.79326442147382,-0.7736564521735507
79.85995331777261,-0.8001090459534494
79.92664221407136,-0.8811392845253871
79.99333111037012,-0.8652365998654743
80.0600200066689,-0.8361534258943232
80.12670890296766,-0.8629754023953491
80.19339779926642,-0.8212655914232262
80.2600866955652,-0.8037073353287162
80.32677559186396,-0.8896509052480323
80.39346448816272,-0.9062549483532376
80.4601533844615,-0.8975696974634191
80.52684228076026,-0.9637952703245232
80.59353117705902,-0.9377816835284686
80.6602200733578,-0.8321503961730319
80.72690896965656,-0.7996545626721865
80.79359786595532,-0.7346923466339823
80.8602867622541,-0.6366995122286996
80.92697565855286,-0.6408122504546772
80.99366455485162,-0.6335957940447887
81.0603534511504,-0.5815918412136952
81.12704234744916,-0.6037008251034305
81.19373124374792,-0.5717222421415965
81.2604201400467,-0.4402883089055816
81.32710903634546,-0.38883006987397517
81.39379793264422,-0.34253990441092796
81.460486828943,-0.22568097835448173
81.52717572524176,-0.21517441919548283
81.59386462154052,-0.2679002026033598
81.6605535178393,-0.2516146277895164
81.72724241413806,-0.2821290514280562
81.79393131043682,-0.32469674144839156
81.86062020673558,-0.26663841313403547
81.92730910303436,-0.23673932775452197
81.99399799933312,-0.23058121505554038
82.06068689563187,-0.14443983680390277
82.12737579193066,-0.13079580818200895
82.19406468822942,-0.19801603762787479
82.26075358452817,-0.17529514541959432
82.32744248082696,-0.168566541224904
82.39413137712572,-0.22226289384864734
82.46082027342447,-0.16075207613781248
82.52750916972326,-0.06332329002632028
82.59419806602202,-0.03100353665689783
82.66088696232077,0.060217577576869186
82.72757585861956,0.14257576125177937
82.79426475491832,0.12919263014754517
82.86095365121707,0.1636644200976506
82.92764254751586,0.20919066123176933
82.99433144381462,0.1764590071390379
83.06102034011337,0.23084193261985259
83.12770923641216,0.3443100051707414
83.19439813271092,0.36112097265546333
83.26108702900967,0.40372969438356593
83.32777592530846,0.4809220081379336
83.39446482160722,0.4340166346120772
83.46115371790597,0.37269599556217947
83.52784261420476,0.3617679783918091
83.59453151050351,0.28289012678224634
83.66122040680227,0.23774341901468327
83.72790930310106,0.2805230631782891
83.79459819939981,0.2570606495597883
83.86128709569857,0.23777354495525932
83.92797599199736,0.2858052779836453
83.99466488829611,0.2250777765036502
84.06135378459487,0.11854682513928808
84.12804268089363,0.101183893319052
84.19473157719241,0.03892541531960626
84.26142047349117,-0.04160637247707591
84.32810936978993,0.002547921711583671
84.39479826608871,0.040659568614221805
84.46148716238747,0.04329889264764389
84.52817605868623,0.11781187792902932
84.59486495498501,0.13820173677583888
84.66155385128377,0.08279662721035992
84.72824274758253,0.0984506615664318
84.79493164388131,0.0868898369194132
84.86162054018007,0.018392435531257315
84.92830943647883,0.06404891175286773
84.99499833277761,0.12804082832184555
85.06168722907637,0.10868622609185033
85.12837612537513,0.15059181975368285
85.19506502167391,0.18908713810616928
85.26175391797267,0.10731787760685982
85.32844281427143,0.056571946375950734
85.39513171057021,0.028195286768703986
85.46182060686897,-0.07213889520738477
85.52850950316773,-0.10216726994277076
85.59519839946651,-0.07283702417506575
85.66188729576527,-0.12157964576556003
85.72857619206403,-0.13102962113661792
85.79526508836281,-0.10191887997388406
85.86195398466157,-0.19028745583855064
85.92864288096033,-0.27184879689247915
85.99533177725911,-0.278435265151043
86.06202067355787,-0.3500270287758037
86.12870956985662,-0.3882243511091358
86.19539846615538,-0.3127352767818765
86.26208736245417,-0.28253407179811074
86.32877625875292,-0.25539510734920834
86.39546515505168,-0.1633771871320309
86.46215405135047,-0.16099206369942096
86.52884294764922,-0.19965291744126049
86.59553184394798,-0.1588576511399741
86.66222074024677,-0.17293260116937592
86.72890963654552,-0.20251957982141164
86.79559853284428,-0.10682632756829413
86.86228742914307,-0.033294940327938886
86.92897632544182,-0.017059748292764833
86.99566522174058,0.07302343630023796
87.06235411803937,0.1122232824525555
87.12904301433812,0.05098358798900172
87.19573191063688,0.043554286402740706
87.26242080693567,0.020504053889586163
87.32910970323442,-0.05641138716368236
87.39579859953318,-0.032453951445545394
87.46248749583197,0.010327693864400635
87.52917639213072,-0.0162594088798351
87.59586528842948,0.02966248579737207
87.66255418472826,0.07214153274192033
87.72924308102702,-0.002932354295630957
87.79593197732578,-0.03205405407398015
87.86262087362456,-0.01921489597305185
87.92930976992332,-0.08258269608771766
87.99599866622208,-0.07611906309334651
88.06268756252086,0.010735043788046262
88.12937645881962,0.03217493553289144
88.19606535511838,0.08403454869089462
88.26275425141716,0.17439334031138495
88.32944314771592,0.1555417102246193
88.39613204401468,0.13975884015858236
88.46282094031343,0.1868939493720584
88.52950983661222,0.1563437380335097
88.59619873291098,0.15006333580790554
88.66288762920973,0.251075827293731
88.72957652550852,0.28875884009944763
88.79626542180728,0.2996223914539112
88.86295431810603,0.3723115479838503
88.92964321440482,0.3512760112707395
88.99633211070358,0.2691297691713544
89.06302100700233,0.2508099739773155
89.12970990330112,0.18177437247770498
89.19639879959988,0.09359357504127783
89.26308769589863,0.1233934910457469
89.32977659219742,0.12925542647704194
89.39646548849618,0.08262774094811517
89.46315438479493,0.11877361994117798
89.52984328109372,0.10841368811027
89.59653217739248,-0.002561141183142483
89.66322107369123,-0.04547442654055216
89.72990996999002,-0.08454406751612202
89.79659886628878,-0.17649086095517003
89.86328776258753,-0.16514634241982618
89.92997665888632,-0.11557209623761913
89.99666555518507,-0.1246075777614722
90.06335445148383,-0.06588137794737557
90.13004334778262,-0.007120133696511154
90.19673224408137,-0.06408034828460224
90.26342114038013,-0.07766412372486295
90.33011003667892,-0.05714469331967364
90.39679893297767,-0.1213742883033376
90.46348782927643,-0.12342118129371933
90.53017672557522,-0.04687308026097703
90.59686562187397,-0.04835792262630957
90.66355451817273,-0.03380327981212661
90.73024341447149,0.01902944557916522
90.79693231077027,-0.04100794490272125
90.86362120706903,-0.11188701268636012
90.93031010336779,-0.12432426294215126
90.99699899966657,-0.21363570713546118
91.06368789596533,-0.28200750278846676
91.13037679226409,-0.2395748270223501
91.19706568856287,-0.25386594362933895
91.26375458486163,-0.28905464999446884
91.33044348116039,-0.24970522018652944
91.39713237745917,-0.28760332475983075
91.46382127375793,-0.38031371309789774
91.53051017005669,-0.39217316767934524
91.59719906635547,-0.4355841834072647
91.66388796265423,-0.4884557184887611
91.73057685895299,-0.41553575085760247
91.79726575525177,-0.35177963132397827
91.86395465155053,-0.3323122704512973
91.93064354784929,-0.22436964757185213
91.99733244414807,-0.1575731075195403
92.06402134044683,-0.19335518479358657
92.13071023674559,-0.16113227166686714
92.19739913304437,-0.123563516467162
92.26408802934313,-0.14884460985820686
92.33077692564189,-0.07952904769412683
92.39746582194067,0.02783315783282008
92.46415471823943,0.06469859411467921
92.53084361453818,0.15423897118125401
92.59753251083697,0.23742368800732547
92.66422140713573,0.19919523818375665
92.73091030343448,0.19118473117762685
92.79759919973324,0.2135639708339102
92.86428809603203,0.14553343939817248
92.93097699233078,0.13735069855299223
92.99766588862954,0.2138261872240185
93.06435478492833,0.2165033072184236
93.13104368122708,0.23660173165816947
93.19773257752584,0.30711799119574557
93.26442147382463,0.2758420319976543
93.33111037012338,0.23630515119088877
93.39779926642214,0.26449678932271437
93.46448816272093,0.2281606981604349
93.53117705901968,0.21850790997497435
93.59786595531844,0.326114719853587
93.66455485161723,0.3826763009215928
93.73124374791598,0.41957717302796516
93.79793264421474,0.5400828755450815
93.86462154051353,0.5832673505431188
93.93131043681228,0.5606834436235254
93.99799933311104,0.6135049404391473
94.06468822940982,0.6355002441977671
94.13137712570858,0.6290380979315385
94.19806602200734,0.7302771879425151
94.26475491830612,0.815932359387235
94.33144381460488,0.8450698541288146
94.39813271090364,0.9428519092769604
94.46482160720242,0.984697144430819
94.53151050350118,0.9144772187776028
94.59819939979994,0.9068513564661144
94.66488829609872,0.8960940000240075
94.73157719239748,0.8081967861867115
94.79826608869624,0.8141874175429297
94.86495498499502,0.8680263527632753
94.93164388129378,0.847382254276236
94.99833277759254,0.8729132906586207
95.0650216738913,0.908335342402071
95.13171057019008,0.8327313121515212
95.19839946648884,0.7869996708579277
95.2650883627876,0.7771854808130136
95.33177725908638,0.6935958496291114
95.39846615538514,0.6810558354432716
95.4651550516839,0.7602859269484754
95.53184394798268,0.7670374485330813
95.59853284428144,0.7974852547094111
95.6652217405802,0.8917823878969251
95.73191063687898,0.8813599145647366
95.79859953317774,0.8476075098177546
95.8652884294765,0.882856824900519
95.93197732577528,0.8561287990575827
95.99866622207404,0.8381654370276707
96.06535511837279,0.9222500128287928
96.13204401467158,0.9540582607332668
96.19873291097034,0.9630946259760393
96.26542180726909,1.0416959545494784
96.33211070356788,1.0302087909027289
96.39879959986663,0.9461368586607354
96.46548849616539,0.9442868128497295
96.53217739246418,0.9052616659172041
96.59886628876293,0.8218022719015292
96.66555518506169,0.8511853323551879
96.73224408136048,0.8848261279057116
96.79893297765923,0.8594919286088375
96.86562187395799,0.8992483076483265
96.93231077025678,0.9061067497390621
96.99899966655553,0.822911395999825
97.06568856285429,0.8058496749407458
97.13237745915308,0.7919690230793092
97.19906635545183,0.7209010241605257
97.26575525175059,0.7656598578342094
97.33244414804935,0.8655535357969396
97.39913304434813,0.8852823444570397
97.46582194064689,0.9636380492842319
97.53251083694565,1.0710238217136328
97.59919973324443,1.0616174278468062
97.66588862954319,1.064204808502722
97.73257752584195,1.1132396689357698
97.79926642214073,1.0942506098078884
97.86595531843949,1.1273136054701125
97.93264421473825,1.2364841035659238
97.99933311103703,1.2753138331293339
98.06602200733579,1.335750796642118
98.13271090363455,1.4440209816664933
98.19939979993333,1.427935334876033
98.26608869623209,1.3834496065163204
98.33277759253085,1.414590197814234
98.39946648882963,1.3733422661152257
98.46615538512839,1.3220102789036547
98.53284428142715,1.381795828054165
98.59953317772593,1.408358593613932
98.66622207402469,1.4050699159576476
98.73291097032345,1.4688975401700837
98.79959986662223,1.4617123267216952
98.86628876292099,1.4007693214075772
98.93297765921974,1.4207690292021076
98.99966655551853,1.4035641930790212
99.06635545181729,1.3535749262367087
99.13304434811604,1.4367119088967162
99.19973324441483,1.5257560698526949
99.26642214071359,1.5428794559142782
99.33311103701234,1.634147913607415
99.3997999333111,1.7111254444139388
99.46648882960989,1.684425526016989
99.53317772590864,1.7024600718981013
99.5998666222074,1.7295930497007435
99.66655551850619,1.7009048190632858
99.73324441480494,1.7623163424206203
99.7999333111037,1.8552464065325764
99.86662220740249,1.86465542887013
99.93331110370124,1.9275872169708497
100.0,1.9999980926513672
