x,y
-100.0,0.03524442172757075
-99.93331110370123,-0.021125006615044066
-99.86662220740247,-0.030958858291367956
-99.7999333111037,-0.032208658992808
-99.73324441480493,-0.031731399240819066
-99.66655551850617,-0.02631651755847663
-99.5998666222074,-0.008003322964191838
-99.53317772590863,-0.009065546135552363
-99.46648882960987,-0.020107294599862782
-99.3997999333111,-0.03233497493965365
-99.33311103701234,-0.05068044900080429
-99.26642214071357,-0.027054149270998334
-99.1997332444148,-0.04645000365529377
-99.13304434811604,-0.021046870385046438
-99.06635545181727,-0.020476897917250308
-98.9996665555185,-0.03611454212293419
-98.93297765921974,-0.017562325650610146
-98.86628876292097,-0.039385943392303696
-98.7995998666222,-0.02024042217045731
-98.73291097032345,-0.013858638534703763
-98.66622207402467,-0.03174837920746139
-98.5995331777259,-0.015889334747424613
-98.53284428142715,0.0005083570232345472
-98.46615538512837,0.03523394519753328
-98.3994664888296,0.06421835556981215
-98.33277759253085,0.07895657619160062
-98.26608869623207,0.04512884765533773
-98.19939979993332,0.11858645730055943
-98.13271090363455,0.07647797096840513
-98.06602200733577,0.10495586619687439
-97.99933311103702,0.11789438070346334
-97.93264421473825,0.0826701095290299
-97.86595531843948,0.07894108136267491
-97.79926642214072,0.0765784947753357
-97.73257752584195,0.1157459762496514
-97.66588862954318,0.09434664924124506
-97.59919973324442,0.08648829904851443
-97.53251083694565,0.01640621089787654
-97.46582194064688,0.06844909469158386
-97.39913304434812,0.03633504740098173
-97.33244414804935,0.046142373328156974
-97.26575525175059,0.043100138436501054
-97.19906635545182,0.04016010943300086
-97.13237745915305,0.06445596897912712
-97.06568856285429,0.11459384278823614
-96.99899966655552,0.12213865288649589
-96.93231077025675,0.14179099341541168
-96.86562187395799,0.15165773951722292
-96.79893297765922,0.1821836822351417
-96.73224408136045,0.1682961908505519
-96.66555518506169,0.2005579074830443
-96.59886628876292,0.2338729034524658
-96.53217739246415,0.2663490137129531
-96.46548849616539,0.24654457769285884
-96.39879959986662,0.24149444866574313
-96.33211070356785,0.24867845832915617
-96.26542180726909,0.20755319698428598
-96.19873291097032,0.2554008032268664
-96.13204401467155,0.25503250722180115
-96.06535511837279,0.2635503438499428
-95.99866622207402,0.2462402106581267
-95.93197732577526,0.20643388387711603
-95.8652884294765,0.1883129873128729
-95.79859953317772,0.19488911294188055
-95.73191063687896,0.21509197732449137
-95.6652217405802,0.21994572354257297
-95.59853284428142,0.23034744402983148
-95.53184394798267,0.2202366527893902
-95.4651550516839,0.23512410977675305
-95.39846615538512,0.27960909576833026
-95.33177725908637,0.3007527790414999
-95.2650883627876,0.3250390356890881
-95.19839946648882,0.333859527668287
-95.13171057019007,0.28876487558029895
-95.0650216738913,0.2574248796613616
-94.99833277759254,0.27107115368127693
-94.93164388129377,0.2707429821224744
-94.864954984995,0.2839382687166592
-94.79826608869624,0.3342309712519814
-94.73157719239747,0.3560120512288614
-94.6648882960987,0.39377863740114605
-94.59819939979994,0.39661907908526794
-94.53151050350117,0.3724026087607348
-94.4648216072024,0.37066662398430456
-94.39813271090364,0.3465240695727304
-94.33144381460487,0.3932729182759038
-94.2647549183061,0.41698465057196793
-94.19806602200734,0.43260002547081633
-94.13137712570857,0.4696783215376594
-94.0646882294098,0.4090766291019627
-93.99799933311104,0.4267207676422425
-93.93131043681227,0.3874013941131113
-93.8646215405135,0.38718372315914146
-93.79793264421474,0.37783249538512503
-93.73124374791597,0.39768459374803344
-93.66455485161721,0.4045302124168621
-93.59786595531844,0.4448837276252158
-93.53117705901967,0.4268268127972374
-93.46448816272091,0.4481002444862359
-93.39779926642214,0.4529669409932009
-93.33111037012337,0.4039082328910543
-93.26442147382461,0.37634973913536335
-93.19773257752584,0.3718533981296983
-93.13104368122707,0.40522217162645013
-93.06435478492831,0.41913386335316355
-92.99766588862954,0.3841088386367421
-92.93097699233078,0.3798993517953273
-92.86428809603201,0.4404335452591182
-92.79759919973324,0.44377024530434395
-92.73091030343448,0.4339504780521721
-92.66422140713571,0.4487026672748587
-92.59753251083694,0.4716044596623178
-92.53084361453818,0.457919409237916
-92.46415471823941,0.47299665246905914
-92.39746582194064,0.4631299675689349
-92.33077692564189,0.484709795623818
-92.26408802934311,0.48980059036295653
-92.19739913304434,0.5042596251745433
-92.13071023674559,0.48148411878951813
-92.06402134044681,0.45684552726733235
-91.99733244414804,0.4852104464071142
-91.93064354784929,0.4828285549655494
-91.86395465155051,0.49137959722853025
-91.79726575525174,0.48218773441593465
-91.73057685895299,0.509149537636344
-91.66388796265421,0.49091523823545424
-91.59719906635544,0.48684720103842777
-91.53051017005669,0.5104269854195217
-91.46382127375792,0.5456160163944497
-91.39713237745916,0.5299032376636492
-91.33044348116039,0.5886937571223257
-91.26375458486162,0.5980910079331342
-91.19706568856286,0.5668031600788721
-91.13037679226409,0.5778747215365712
-91.06368789596532,0.5663847451020674
-90.99699899966656,0.5794067997175627
-90.93031010336779,0.5781211122877525
-90.86362120706902,0.5803493229934569
-90.79693231077026,0.5530015216958725
-90.73024341447149,0.5827033586173632
-90.66355451817273,0.5480195376028323
-90.59686562187396,0.5147565907406825
-90.53017672557519,0.5257774012151071
-90.46348782927643,0.5738627286304462
-90.39679893297766,0.563284935718514
-90.33011003667889,0.584314105399633
-90.26342114038013,0.6165143107055394
-90.19673224408136,0.6409548438243615
-90.13004334778259,0.6316185951491511
-90.06335445148383,0.5988871936333289
-89.99666555518506,0.5326607666631882
-89.92997665888629,0.5247755516793163
-89.86328776258753,0.5601181727361816
-89.79659886628876,0.5263931931933236
-89.72990996998999,0.5473994886188865
-89.66322107369123,0.5188949127173303
-89.59653217739246,0.5220770900089355
-89.52984328109369,0.5433108384335861
-89.46315438479493,0.5235259753284333
-89.39646548849616,0.5286405157493407
-89.32977659219739,0.5161877756475808
-89.26308769589863,0.5373422354157261
-89.19639879959986,0.5444017504702653
-89.1297099033011,0.5460969807031433
-89.06302100700233,0.5928474795074026
-88.99633211070356,0.6127166637784517
-88.9296432144048,0.592006107794663
-88.86295431810603,0.5894301907707301
-88.79626542180726,0.5871532272183403
-88.7295765255085,0.5895628143970967
-88.66288762920973,0.6652980926953215
-88.59619873291098,0.6764236494766513
-88.5295098366122,0.6153465723735081
-88.46282094031343,0.5990626032219991
-88.39613204401468,0.5410914405971249
-88.3294431477159,0.5311974928857497
-88.26275425141714,0.47157818599395684
-88.19606535511838,0.445430471861904
-88.1293764588196,0.39980882597288037
-88.06268756252084,0.4113336313119047
-87.99599866622208,0.41134981219077105
-87.92930976992331,0.420438681415733
-87.86262087362454,0.4173021397586772
-87.79593197732578,0.3754732072525447
-87.72924308102701,0.39087884833018677
-87.66255418472824,0.44854558513827036
-87.59586528842948,0.4608219624964668
-87.52917639213071,0.4480442245169398
-87.46248749583194,0.4052022092337765
-87.39579859953318,0.37796020011097753
-87.32910970323441,0.3915513898081393
-87.26242080693564,0.42374493061212054
-87.19573191063688,0.4315709158537798
-87.12904301433811,0.45556753454495935
-87.06235411803935,0.47679788186577665
-86.99566522174058,0.49199391360735417
-86.92897632544181,0.4722397057495165
-86.86228742914305,0.4774574111087711
-86.79559853284428,0.45200607699230694
-86.72890963654551,0.45252894558105
-86.66222074024675,0.4624548515130574
-86.59553184394798,0.512818365734663
-86.52884294764921,0.47352640650363403
-86.46215405135045,0.4879716354333732
-86.39546515505168,0.532408733182081
-86.32877625875292,0.5551741661572449
-86.26208736245415,0.5801625294419962
-86.19539846615538,0.5977933764980305
-86.12870956985662,0.6367434111912931
-86.06202067355785,0.604119066147922
-85.99533177725908,0.5625412661688146
-85.92864288096033,0.562351241954857
-85.86195398466155,0.49751637884770566
-85.79526508836278,0.534435752973046
-85.72857619206403,0.5710572088379092
-85.66188729576525,0.5580566921853735
-85.59519839946648,0.5469335742855582
-85.52850950316773,0.544763150031038
-85.46182060686895,0.5463237695442267
-85.39513171057018,0.5501389871200553
-85.32844281427143,0.5668859503264043
-85.26175391797265,0.5617071597361499
-85.19506502167388,0.5900029588404837
-85.12837612537513,0.6033813921542428
-85.06168722907636,0.5851724887780637
-84.99499833277758,0.6252258688121867
-84.92830943647883,0.5844781592285121
-84.86162054018006,0.5817131849038678
-84.7949316438813,0.6107207069361319
-84.72824274758253,0.5890285137887675
-84.66155385128376,0.5983151831917821
-84.594864954985,0.6146153711017536
-84.52817605868623,0.5887996550623164
-84.46148716238746,0.5866253234744953
-84.3947982660887,0.581930208568219
-84.32810936978993,0.5653780730132502
-84.26142047349116,0.6344283185747734
-84.1947315771924,0.6115351279714092
-84.12804268089363,0.6416830367934456
-84.06135378459487,0.6298990062870113
-83.9946648882961,0.5972999206204529
-83.92797599199733,0.600384347915105
-83.86128709569857,0.61985714944673
-83.7945981993998,0.6474724366987004
-83.72790930310103,0.6943403900183525
-83.66122040680227,0.7826977787164054
-83.5945315105035,0.7902132048290733
-83.52784261420473,0.7703204396143116
-83.46115371790597,0.7839066694181583
-83.3944648216072,0.7759202809059635
-83.32777592530843,0.8036992648015304
-83.26108702900967,0.7647843359105587
-83.1943981327109,0.8358343721825718
-83.12770923641213,0.8615158150258372
-83.06102034011337,0.8109956944919523
-82.9943314438146,0.7897248274225032
-82.92764254751583,0.8142072587459214
-82.86095365121707,0.849497580431065
-82.7942647549183,0.8113304516141061
-82.72757585861953,0.8327212271270946
-82.66088696232077,0.7743010309472369
-82.594198066022,0.7716209549831056
-82.52750916972323,0.8049823602462017
-82.46082027342447,0.7884368883431123
-82.3941313771257,0.7432292193689719
-82.32744248082695,0.7476156632602987
-82.26075358452817,0.7294740972612344
-82.19406468822942,0.7483608482432095
-82.12737579193065,0.7218010552766677
-82.06068689563187,0.6986219485870747
-81.99399799933312,0.6379918789607875
-81.92730910303435,0.643090220292332
-81.86062020673558,0.638263072144034
-81.79393131043682,0.6026115320218318
-81.72724241413805,0.6084254934348445
-81.66055351783928,0.6392376024541687
-81.59386462154052,0.6327705641516003
-81.52717572524175,0.6408155726462594
-81.46048682894298,0.6490149101338144
-81.39379793264422,0.6128850153184456
-81.32710903634545,0.6745825899396735
-81.26042014004668,0.6604570950360049
-81.19373124374792,0.6801405810918131
-81.12704234744915,0.7032170394086845
-81.06035345115038,0.699029185595212
-80.99366455485162,0.717233036347001
-80.92697565855285,0.7246076130014927
-80.86028676225408,0.6820784202846705
-80.79359786595532,0.6721102392471678
-80.72690896965655,0.653733712176546
-80.66022007335778,0.6398813609361621
-80.59353117705902,0.600761265601063
-80.52684228076025,0.6345542771034439
-80.46015338446148,0.6826140567418463
-80.39346448816272,0.7119541460217985
-80.32677559186395,0.7500700227462128
-80.26008669556519,0.7397309776359682
-80.19339779926642,0.720643272586387
-80.12670890296765,0.6972856611820357
-80.06002000666889,0.7166076088707524
-79.99333111037012,0.7234195004650769
-79.92664221407136,0.7211028491171241
-79.8599533177726,0.7599573054429843
-79.79326442147382,0.7721055460574446
-79.72657552517506,0.746945816931827
-79.6598866288763,0.7265185520577562
-79.59319773257752,0.7469783510353806
-79.52650883627877,0.7782303366150185
-79.45981993998,0.7947807435826976
-79.39313104368122,0.85168740601886
-79.32644214738247,0.9007376209908025
-79.2597532510837,0.9139686960363254
-79.19306435478492,0.8888112762518803
-79.12637545848617,0.8495116508999272
-79.0596865621874,0.8378901985494858
-78.99299766588862,0.8604866019419705
-78.92630876958987,0.9152860143213286
-78.8596198732911,0.9278094253536526
-78.79293097699232,0.9628711091805897
-78.72624208069357,0.9555118845949556
-78.6595531843948,0.9741949583517822
-78.59286428809602,0.9988956632360974
-78.52617539179727,0.9395078349605215
-78.4594864954985,0.9271046708892262
-78.39279759919972,0.9555956824175623
-78.32610870290097,0.9638297324866593
-78.2594198066022,0.9279342810421313
-78.19273091030342,0.8550306097703106
-78.12604201400467,0.8440571874112505
-78.0593531177059,0.8419096166244341
-77.99266422140714,0.8153919281295837
-77.92597532510837,0.8196844762404235
-77.8592864288096,0.8348760786574103
-77.79259753251084,0.8549966937791973
-77.72590863621207,0.7843191260312277
-77.65921973991331,0.744890573096984
-77.59253084361454,0.735751893646342
-77.52584194731577,0.7529170875774659
-77.45915305101701,0.767594107983967
-77.39246415471824,0.7817502064202673
-77.32577525841947,0.7702476681611993
-77.25908636212071,0.7604186650419005
-77.19239746582194,0.7385687869892482
-77.12570856952317,0.7616146108324237
-77.05901967322441,0.7339999472002363
-76.99233077692564,0.7595010390559234
-76.92564188062687,0.7657366362000527
-76.85895298432811,0.7643853018463981
-76.79226408802934,0.7446839898531041
-76.72557519173057,0.7040177340181804
-76.65888629543181,0.684588151326839
-76.59219739913304,0.6746879452680924
-76.52550850283427,0.6036172159206549
-76.45881960653551,0.597696561260615
-76.39213071023674,0.6254272823013951
-76.32544181393797,0.6424438194644113
-76.25875291763921,0.6275576431921661
-76.19206402134044,0.6289657321446229
-76.12537512504167,0.612280795061963
-76.05868622874291,0.6167436170620338
-75.99199733244414,0.6629468517743548
-75.92530843614537,0.692001815853101
-75.85861953984661,0.7076256450238836
-75.79193064354784,0.6928390976523721
-75.72524174724909,0.7153372494407172
-75.65855285095031,0.6647309408995256
-75.59186395465156,0.6571603364397989
-75.52517505835279,0.6746716790345174
-75.45848616205402,0.69688431545595
-75.39179726575526,0.7169808501624222
-75.32510836945649,0.725825770838713
-75.25841947315772,0.7199540214661966
-75.19173057685896,0.7360933005609912
-75.12504168056019,0.7075074693434021
-75.05835278426142,0.6821671514446046
-74.99166388796266,0.6840191917384135
-74.92497499166389,0.689215121019676
-74.85828609536512,0.6344466656627366
-74.79159719906636,0.6481010570912221
-74.72490830276759,0.6712829084288039
-74.65821940646882,0.668964351304815
-74.59153051017006,0.7401983398033348
-74.52484161387129,0.7197102866138793
-74.45815271757252,0.7088776717122731
-74.39146382127376,0.6970256645284568
-74.32477492497499,0.6947400361897264
-74.25808602867622,0.6848782918007377
-74.19139713237746,0.6426739754625915
-74.12470823607869,0.6262775265754973
-74.05801933977992,0.623348905702275
-73.99133044348116,0.6602060681641349
-73.92464154718239,0.7262733663653222
-73.85795265088362,0.7663375833008419
-73.79126375458486,0.7430762124106637
-73.72457485828609,0.7222019240918787
-73.65788596198733,0.7174220667665981
-73.59119706568856,0.7709588334322057
-73.52450816938979,0.7659961118667489
-73.45781927309103,0.7261708871506259
-73.39113037679226,0.7111355730420349
-73.3244414804935,0.7338472530966174
-73.25775258419473,0.7545454614035
-73.19106368789596,0.7485389614087503
-73.1243747915972,0.7690414016155512
-73.05768589529843,0.7008462355391463
-72.99099699899966,0.7039611125901272
-72.9243081027009,0.7297816752311861
-72.85761920640213,0.70479577697655
-72.79093031010336,0.6797056208816614
-72.7242414138046,0.6237121762987572
-72.65755251750583,0.671409044143078
-72.59086362120706,0.6498044248324311
-72.5241747249083,0.6570357231682944
-72.45748582860953,0.6751532344127956
-72.39079693231076,0.7205152728870392
-72.324108036012,0.7158983396674702
-72.25741913971324,0.6997154458541176
-72.19073024341446,0.7049074753112342
-72.1240413471157,0.7434298836075028
-72.05735245081694,0.7383247076654793
-71.99066355451816,0.709678635217957
-71.92397465821941,0.6634559009684962
-71.85728576192064,0.6268169794303394
-71.79059686562186,0.6527487243525394
-71.72390796932311,0.643129990063335
-71.65721907302434,0.6249043627657137
-71.59053017672557,0.6034253460701955
-71.52384128042681,0.605976721876201
-71.45715238412804,0.5987930690632335
-71.39046348782928,0.5905991047516559
-71.32377459153051,0.631078822585978
-71.25708569523174,0.677219311041827
-71.19039679893298,0.628918660854557
-71.12370790263421,0.6387464427888457
-71.05701900633545,0.615440579830204
-70.99033011003668,0.6079930464143711
-70.92364121373791,0.617271397968172
-70.85695231743915,0.6108898004602444
-70.79026342114038,0.6178035968790734
-70.72357452484161,0.6379927030600309
-70.65688562854285,0.6468300070762405
-70.59019673224408,0.6274249179512118
-70.52350783594531,0.6085489297421021
-70.45681893964655,0.565357770843561
-70.39013004334778,0.5397401619179394
-70.32344114704901,0.5986022127748952
-70.25675225075025,0.5748421055520379
-70.19006335445148,0.5390407411787232
-70.12337445815271,0.5486385770340665
-70.05668556185395,0.5453276342553107
-69.98999666555518,0.5394598371498339
-69.92330776925641,0.5817312161421966
-69.85661887295765,0.5982050164089475
-69.78992997665888,0.5823052284578433
-69.72324108036011,0.5695709509300899
-69.65655218406135,0.5544933555129193
-69.58986328776258,0.580735544160327
-69.52317439146381,0.5714911152767329
-69.45648549516505,0.5176965102031084
-69.38979659886628,0.5162469198410781
-69.32310770256751,0.47013613980724017
-69.25641880626875,0.5356630578598872
-69.18972990996998,0.5066930204444703
-69.12304101367123,0.5018370774837384
-69.05635211737246,0.5095831595247725
-68.9896632210737,0.5009234147043956
-68.92297432477493,0.49222250266040984
-68.85628542847616,0.5048773212452362
-68.7895965321774,0.5506638000091246
-68.72290763587863,0.5736890724636435
-68.65621873957986,0.6180444888208498
-68.5895298432811,0.5866459155780448
-68.52284094698233,0.5961667945757056
-68.45615205068356,0.600824176137454
-68.3894631543848,0.611356914887756
-68.32277425808603,0.6526438740068232
-68.25608536178726,0.6460201995130616
-68.1893964654885,0.633855098516439
-68.12270756918973,0.6498745224389989
-68.05601867289096,0.5965284406120235
-67.9893297765922,0.5894228791383581
-67.92264088029343,0.5853969484597945
-67.85595198399466,0.5577861899705867
-67.7892630876959,0.589497960311284
-67.72257419139713,0.5576307507909855
-67.65588529509836,0.5535545593400716
-67.5891963987996,0.5623492760997606
-67.52250750250083,0.6029528229440442
-67.45581860620206,0.6026361298976186
-67.3891297099033,0.630720737721465
-67.32244081360453,0.6517385996397788
-67.25575191730576,0.655442326324853
-67.189063021007,0.6227569240766493
-67.12237412470824,0.5797194982495188
-67.05568522840946,0.5829146602920945
-66.9889963321107,0.566633754075016
-66.92230743581194,0.5942115868254548
-66.85561853951316,0.6165872823684122
-66.7889296432144,0.6110489525353007
-66.72224074691565,0.5763175648170626
-66.65555185061687,0.5916396313052809
-66.5888629543181,0.5611011479212263
-66.52217405801935,0.5383472302333004
-66.45548516172057,0.5089647580868458
-66.3887962654218,0.5048097274286473
-66.32210736912305,0.5399154974507641
-66.25541847282427,0.5397642713440582
-66.1887295765255,0.5264677105712273
-66.12204068022675,0.48069926266987
-66.05535178392797,0.4972630002117653
-65.9886628876292,0.4738508620339065
-65.92197399133045,0.4773763906086494
-65.85528509503168,0.4667498321311502
-65.7885961987329,0.4918951487191333
-65.72190730243415,0.48717805695827676
-65.65521840613538,0.4854102663225852
-65.5885295098366,0.499982680746249
-65.52184061353785,0.5631908862141446
-65.45515171723908,0.5898442941249012
-65.3884628209403,0.587186110934443
-65.32177392464155,0.5872820506529016
-65.25508502834278,0.5715362668431686
-65.188396132044,0.5430363957375778
-65.12170723574525,0.5264538721255881
-65.05501833944648,0.5032894032142299
-64.9883294431477,0.5228904547281065
-64.92164054684895,0.4907546089920369
-64.85495165055019,0.5307509258334382
-64.7882627542514,0.553312317342003
-64.72157385795265,0.5539273692230331
-64.65488496165389,0.5539369275669851
-64.5881960653551,0.5372184882785485
-64.52150716905635,0.5453210206189814
-64.45481827275759,0.577963794515239
-64.38812937645882,0.5568691006475647
-64.32144048016005,0.5108673379800027
-64.25475158386129,0.5319638856257051
-64.18806268756252,0.5416948648530191
-64.12137379126375,0.5080889008097838
-64.05468489496499,0.4860871596823602
-63.98799599866622,0.460314031460856
-63.92130710236746,0.4385780633898285
-63.854618206068686,0.4288675807685929
-63.78792930976992,0.42087116164017047
-63.72124041347116,0.40134735198811666
-63.654551517172386,0.37860243740311883
-63.58786262087362,0.37173890708553736
-63.52117372457486,0.3767696531313242
-63.45448482827609,0.3672807570403789
-63.38779593197732,0.4020407677406179
-63.32110703567856,0.41728339917324153
-63.254418139379794,0.3695580234674807
-63.18772924308102,0.3852698564298963
-63.12104034678226,0.4034361759074638
-63.054351450483495,0.39039412686373803
-62.98766255418472,0.34553819924464335
-62.92097365788596,0.34578020202697746
-62.854284761587195,0.3455489424825101
-62.78759586528843,0.31189955538651426
-62.72090696898966,0.2683629788987162
-62.654218072690895,0.265736372505113
-62.58752917639213,0.25874405674358836
-62.52084028009336,0.24622609578391655
-62.454151383794596,0.2437237737415197
-62.38746248749583,0.21064048252691014
-62.32077359119706,0.19759586414092672
-62.254084694898296,0.21359561505935715
-62.18739579859953,0.20309651264881848
-62.12070690230077,0.15293733849504193
-62.054018006001996,0.13875657016333479
-61.98732910970323,0.10665181625812897
-61.92064021340447,0.1146659051519809
-61.8539513171057,0.12423102725339366
-61.78726242080693,0.07446778850081273
-61.72057352450817,0.0972381776182784
-61.653884628209404,0.06387258857992165
-61.58719573191063,0.11064805729439219
-61.52050683561187,0.10918476935937368
-61.453817939313105,0.07179296440319882
-61.38712904301433,0.03753338228241838
-61.32044014671557,0.04797624103603872
-61.253751250416805,0.0362372443390874
-61.187062354118034,0.033337627050543175
-61.12037345781927,0.08172103403145435
-61.053684561520505,0.0607437121045821
-60.98699566522174,0.0625425978354533
-60.92030676892297,0.10513793245664488
-60.853617872624206,0.11325333672063688
-60.78692897632544,0.0650552546598967
-60.72024008002667,0.0802169250118608
-60.653551183727906,0.04532683927835748
-60.58686228742914,0.08753106514034642
-60.52017339113038,0.06284503699040708
-60.453484494831606,0.15193032222277703
-60.38679559853284,0.19595160187260738
-60.32010670223408,0.17205322478376803
-60.25341780593531,0.17265363893381636
-60.18672890963654,0.19526296738282026
-60.12004001333778,0.2187727816096215
-60.053351117039014,0.2320428694089074
-59.98666222074024,0.2696076405178907
-59.91997332444148,0.2659185721188596
-59.853284428142715,0.2549170420615786
-59.78659553184394,0.2445111224238403
-59.71990663554518,0.2702623193830041
-59.653217739246415,0.2812177505920835
-59.586528842947644,0.28995626056279117
-59.51983994664888,0.3138132880405066
-59.453151050350115,0.252281715804891
-59.38646215405135,0.2615837805211455
-59.31977325775258,0.268140847187357
-59.253084361453816,0.3182050896263781
-59.18639546515505,0.2723474501584681
-59.11970656885628,0.31906304912977085
-59.053017672557516,0.3213253229975108
-58.98632877625875,0.33599500891731215
-58.91963987995999,0.38627257254559344
-58.852950983661216,0.40309541058576065
-58.78626208736245,0.41510645926963746
-58.71957319106369,0.422375194843707
-58.65288429476492,0.4078708507938757
-58.58619539846615,0.4070161770585639
-58.51950650216739,0.38555079407488146
-58.45281760586862,0.384213787092117
-58.38612870956985,0.31413586618046413
-58.31943981327109,0.3270070532074906
-58.252750916972325,0.3233549355939818
-58.18606202067355,0.3132688234939789
-58.11937312437479,0.3198615660121832
-58.052684228076025,0.27685464832322
-57.985995331777254,0.33473274822185844
-57.91930643547849,0.33164972437723045
-57.852617539179725,0.32727439138806474
-57.78592864288096,0.2983125050840771
-57.71923974658219,0.29903089655755494
-57.652550850283426,0.34063969326575333
-57.58586195398466,0.37171717954871436
-57.51917305768589,0.39735031208293103
-57.452484161387126,0.41374228063294916
-57.38579526508836,0.4029860048060709
-57.31910636878959,0.35948110979496983
-57.252417472490826,0.3534499466389708
-57.18572857619206,0.3463738027029605
-57.1190396798933,0.3778376358930977
-57.05235078359453,0.38711934916689233
-56.98566188729576,0.4354886950039988
-56.918972990997,0.471413351205144
-56.85228409469823,0.4577184829200211
-56.78559519839946,0.40386460702142507
-56.7189063021007,0.4454318640396695
-56.652217405801935,0.4862134207365918
-56.58552850950316,0.445227073009525
-56.5188396132044,0.49050427360435006
-56.452150716905635,0.5019677887221256
-56.385461820606864,0.5067883536658951
-56.3187729243081,0.555231851293315
-56.252084028009335,0.5955724064902335
-56.18539513171057,0.6151123350500896
-56.1187062354118,0.629308847024449
-56.052017339113036,0.6478006757403598
-55.98532844281427,0.6357989527238841
-55.9186395465155,0.6341459092319145
-55.851950650216736,0.6070763945940783
-55.78526175391797,0.5970852013219107
-55.7185728576192,0.5860861849618427
-55.651883961320436,0.5670270238731928
-55.58519506502167,0.5711294189526467
-55.51850616872291,0.5614099934316293
-55.45181727242414,0.5764770350421886
-55.38512837612537,0.5278074166433756
-55.31843947982661,0.5244067728201566
-55.25175058352784,0.5283533220254815
-55.18506168722907,0.5190344448303751
-55.11837279093031,0.5138626638360981
-55.051683894631545,0.4663052835142024
-54.98499499833277,0.4769995966542872
-54.91830610203401,0.4964277761312993
-54.851617205735245,0.5112338949574123
-54.784928309436474,0.5423957067406778
-54.71823941313771,0.5484415949141529
-54.651550516838945,0.562802030333681
-54.584861620540174,0.5674847524873866
-54.51817272424141,0.5881112740751614
-54.451483827942646,0.5407943849911977
-54.38479493164388,0.5139869559518574
-54.31810603534511,0.5615939456628501
-54.251417139046346,0.487780870999964
-54.18472824274758,0.4835755331052037
-54.11803934644881,0.5187437818934457
-54.051350450150046,0.5159459619271928
-53.98466155385128,0.5037956297836719
-53.91797265755252,0.5076782800881309
-53.85128376125375,0.4970846746880575
-53.78459486495498,0.49801015947076566
-53.71790596865622,0.4775087283751618
-53.65121707235745,0.5107689609738335
-53.58452817605868,0.5534669086058033
-53.51783927975992,0.5494651989424546
-53.451150383461155,0.5078705163217173
-53.38446148716238,0.4921552212123155
-53.31777259086362,0.48663556140922654
-53.251083694564855,0.5018017277163228
-53.184394798266084,0.47156133102120246
-53.11770590196732,0.44848646146193794
-53.051017005668555,0.46380674559770213
-52.984328109369784,0.49197401055888884
-52.91763921307102,0.47332618920376834
-52.850950316772256,0.43332967758523844
-52.78426142047349,0.531853223623875
-52.71757252417472,0.5553523507365364
-52.650883627875956,0.5473422378835255
-52.58419473157719,0.5734131761494508
-52.51750583527842,0.569679477258018
-52.450816938979656,0.5956941839310236
-52.38412804268089,0.6004759798643102
-52.31743914638213,0.6032141368093374
-52.25075025008336,0.5998066807624138
-52.18406135378459,0.5563852407585211
-52.11737245748583,0.6145280877403153
-52.05068356118706,0.5862820701322831
-51.98399466488829,0.5454813628429652
-51.91730576858953,0.5390955663602742
-51.85061687229076,0.510251411954959
-51.78392797599199,0.5087000282381509
-51.71723907969323,0.5293329436950039
-51.650550183394465,0.5591920307108806
-51.583861287095694,0.5836339523595311
-51.51717239079693,0.5744649907159607
-51.450483494498165,0.5759527455458082
-51.383794598199394,0.5881891170727329
-51.31710570190063,0.5354554943544707
-51.250416805601866,0.5525730353580665
-51.1837279093031,0.5088540567305515
-51.11703901300433,0.5700644546977461
-51.050350116705566,0.5579290021584953
-50.9836612204068,0.5523827468426575
-50.91697232410803,0.5292915338655219
-50.850283427809266,0.5103924329098511
-50.7835945315105,0.5786152399841483
-50.71690563521173,0.6068263306428473
-50.65021673891297,0.5603502572884121
-50.5835278426142,0.6054766443089691
-50.51683894631544,0.641273912563212
-50.45015005001667,0.6328375386945633
-50.3834611537179,0.6420384469554584
-50.31677225741914,0.6415901245728262
-50.25008336112037,0.7007675217062341
-50.1833944648216,0.6768788160364714
-50.11670556852284,0.6812591343297432
-50.050016672224075,0.668414774399959
-49.983327775925304,0.6254235622614234
-49.91663887962654,0.691172709913073
-49.849949983327775,0.6557257125400007
-49.783261087029004,0.6623295881646339
-49.71657219073024,0.6101085699732238
-49.649883294431476,0.5981364537959311
-49.58319439813271,0.6107955184389348
-49.51650550183394,0.5860534990538638
-49.449816605535176,0.6036575545759335
-49.38312770923641,0.595586321819291
-49.31643881293764,0.6303887971912494
-49.249749916638876,0.6712416245914561
-49.18306102034011,0.6536392817695558
-49.11637212404134,0.6559412675513445
-49.04968322774258,0.6614448943455115
-48.98299433144381,0.6800253732085524
-48.91630543514505,0.6804568330958803
-48.84961653884628,0.6861631618761657
-48.78292764254751,0.6788609676323121
-48.71623874624875,0.6823181636414726
-48.64954984994998,0.7212563694475266
-48.58286095365121,0.7406388666838822
-48.51617205735245,0.7616765358671833
-48.449483161053685,0.7833686455912506
-48.382794264754914,0.7787543822548195
-48.31610536845615,0.7883191935622055
-48.249416472157385,0.7557639832121331
-48.182727575858614,0.7938282129016418
-48.11603867955985,0.7103393999313452
-48.049349783261086,0.7077249481612824
-47.982660886962314,0.7419518274757906
-47.91597199066355,0.7010357894669104
-47.849283094364786,0.7130291869954158
-47.78259419806602,0.692606193598045
-47.71590530176725,0.6815420956423789
-47.649216405468486,0.7099203244615621
-47.58252750916972,0.7158620322381166
-47.51583861287095,0.6548313562015857
-47.44914971657219,0.6255385900096377
-47.38246082027342,0.6547986620563006
-47.31577192397466,0.6682669436020905
-47.24908302767589,0.7207110107778191
-47.18239413137712,0.771190438598218
-47.11570523507836,0.7609230846938142
-47.04901633877959,0.8360202188458988
-46.98232744248082,0.8367546089414561
-46.91563854618206,0.8078745529091854
-46.848949649883295,0.7888653569318681
-46.782260753584524,0.7211636037731856
-46.71557185728576,0.769374174020664
-46.648882960986995,0.81721703369198
-46.582194064688224,0.7867518105275804
-46.51550516838946,0.7799152818761231
-46.448816272090696,0.7827835081995005
-46.382127375791924,0.7539729166352371
-46.31543847949316,0.7013198556971023
-46.248749583194396,0.695009127583795
-46.18206068689563,0.6853767447000175
-46.11537179059686,0.6737244074703542
-46.048682894298096,0.6804058893483832
-45.98199399799933,0.7232914791041629
-45.91530510170056,0.7141986975134111
-45.8486162054018,0.719311987475052
-45.78192730910303,0.7411181031874
-45.71523841280427,0.7577423909827825
-45.6485495165055,0.7393096852493473
-45.58186062020673,0.7422009989427684
-45.51517172390797,0.7586271935478399
-45.4484828276092,0.7247766534225166
-45.38179393131043,0.7626828237464118
-45.31510503501167,0.8056304909028351
-45.2484161387129,0.7839470832395004
-45.181727242414134,0.7897571837899454
-45.11503834611537,0.8090255314900764
-45.048349449816605,0.7926571068002138
-44.981660553517834,0.8071055221708566
-44.91497165721907,0.8120031909596216
-44.848282760920306,0.7679656456304575
-44.781593864621534,0.7817404851098143
-44.71490496832277,0.7487362126216832
-44.648216072024006,0.7769122981715446
-44.58152717572524,0.7567759659175279
-44.51483827942647,0.7519374029076936
-44.448149383127706,0.7931057703110909
-44.38146048682894,0.8079972197069563
-44.31477159053017,0.77561300211972
-44.24808269423141,0.7451655049957474
-44.18139379793264,0.7271864213370356
-44.11470490163387,0.7390257438377356
-44.04801600533511,0.7497747382857186
-43.98132710903634,0.7244816691458326
-43.91463821273758,0.6894653845774018
-43.84794931643881,0.6979128867299769
-43.78126042014004,0.692457084756272
-43.71457152384128,0.7571735613797042
-43.64788262754251,0.7582716710765965
-43.581193731243744,0.8126992559076048
-43.51450483494498,0.7775877479644746
-43.447815938646215,0.7303913597776234
-43.381127042347444,0.6967888058018573
-43.31443814604868,0.7324626992454613
-43.247749249749916,0.7851457469362673
-43.181060353451144,0.7616803633176883
-43.11437145715238,0.7478633824249016
-43.047682560853616,0.7127939551185266
-42.98099366455485,0.658444759704975
-42.91430476825608,0.6799971106382738
-42.847615871957316,0.6866877197271387
-42.78092697565855,0.687002359207355
-42.71423807935978,0.6450006630924536
-42.64754918306102,0.6941993635473135
-42.58086028676225,0.6790986614058293
-42.51417139046348,0.6951074541503236
-42.44748249416472,0.6514706119929818
-42.38079359786595,0.6457548563043807
-42.31410470156719,0.6544960899915382
-42.24741580526842,0.6643083465331374
-42.18072690896965,0.6689478028302361
-42.11403801267089,0.6837834775916993
-42.04734911637212,0.6498678639107105
-41.980660220073354,0.6557890420739003
-41.91397132377459,0.6592017725783086
-41.847282427475825,0.6661519531041604
-41.780593531177054,0.6683223096237358
-41.71390463487829,0.6301259264063339
-41.647215738579526,0.5905919338430647
-41.580526842280754,0.5241638882665282
-41.51383794598199,0.5486899235618871
-41.447149049683226,0.573519648853943
-41.380460153384455,0.5988261575906066
-41.31377125708569,0.6080298564644502
-41.247082360786926,0.5440362799329068
-41.18039346448816,0.5132349651793489
-41.11370456818939,0.5183474277071423
-41.04701567189063,0.5224129677908961
-40.98032677559186,0.5157305213963355
-40.91363787929309,0.5267980374835829
-40.84694898299433,0.5271475887141402
-40.78026008669556,0.530770702680681
-40.7135711903968,0.5115987426957206
-40.64688229409803,0.5410590722793683
-40.58019339779926,0.5281359240189568
-40.5135045015005,0.48821645152833804
-40.44681560520173,0.46508648114377615
-40.380126708902964,0.4546324954029167
-40.3134378126042,0.48445257905398215
-40.246748916305435,0.48318453910093834
-40.180060020006664,0.4776000925319689
-40.1133711237079,0.4401401897890901
-40.046682227409136,0.4637046674839774
-39.979993331110364,0.4441461028632758
-39.9133044348116,0.44114526709503576
-39.846615538512836,0.4855507594014917
-39.779926642214065,0.5008136593329708
-39.7132377459153,0.4519660379015156
-39.646548849616536,0.39888073081094144
-39.57985995331777,0.39695141730736405
-39.513171057019,0.36056919886111993
-39.44648216072024,0.38002560129010987
-39.37979326442147,0.38129349323905926
-39.3131043681227,0.38625503630977515
-39.24641547182394,0.36505274086050454
-39.17972657552517,0.41729425051910574
-39.11303767922641,0.5025720623594195
-39.04634878292764,0.4942145206467181
-38.97965988662887,0.5048056980991681
-38.91297099033011,0.5077282183910975
-38.84628209403134,0.49993761248786545
-38.779593197732574,0.47497549845588155
-38.71290430143381,0.44242645883146725
-38.64621540513504,0.4083585408657015
-38.579526508836274,0.42051574163217587
-38.51283761253751,0.4049255072860668
-38.446148716238746,0.3275767217818509
-38.379459819939974,0.34092246839980056
-38.31277092364121,0.33977462992587587
-38.246082027342446,0.38017481996791025
-38.179393131043675,0.39136849188064055
-38.11270423474491,0.34700828399133166
-38.046015338446146,0.2801179847694322
-37.97932644214738,0.2585338132392941
-37.91263754584861,0.2397805906184845
-37.84594864954985,0.2680753666484895
-37.77925975325108,0.26780923867980233
-37.71257085695231,0.3018198936227576
-37.64588196065355,0.26207490195167854
-37.57919306435478,0.291032833483092
-37.51250416805601,0.3126625080860196
-37.44581527175725,0.2521154847430837
-37.37912637545848,0.29179401998090687
-37.31243747915972,0.2945977747338975
-37.24574858286095,0.3063591098499526
-37.179059686562184,0.28041222647709996
-37.11237079026342,0.31866963686475913
-37.04568189396465,0.28309406698759304
-36.978992997665884,0.3080568275388114
-36.91230410136712,0.33267505181607154
-36.845615205068356,0.3034500289709049
-36.778926308769584,0.3629512369535821
-36.71223741247082,0.3698970913601077
-36.645548516172056,0.3895138696682384
-36.578859619873285,0.34370024580816577
-36.51217072357452,0.4072321458984227
-36.445481827275756,0.37049543769167004
-36.37879293097699,0.4012420306746479
-36.31210403467822,0.37139887913669706
-36.24541513837946,0.3528292150512666
-36.17872624208069,0.37649183636783
-36.11203734578192,0.40731841777808475
-36.04534844948316,0.3691798903046617
-35.978659553184386,0.4018940553763715
-35.91197065688563,0.43324347023036736
-35.84528176058686,0.4051048679650206
-35.778592864288086,0.4530642957727539
-35.71190396798933,0.4093585669253128
-35.64521507169056,0.3906153894419844
-35.57852617539179,0.404985468164744
-35.51183727909303,0.37937847962366583
-35.44514838279426,0.3872930521940461
-35.3784594864955,0.3945253345581449
-35.31177059019673,0.3889131064604633
-35.24508169389796,0.41388512261818006
-35.1783927975992,0.4070342988384509
-35.11170390130043,0.4139805309028651
-35.04501500500166,0.4483746872275022
-34.9783261087029,0.4720952735282774
-34.91163721240413,0.49567579225270364
-34.84494831610536,0.46120040418620023
-34.7782594198066,0.4769441814512399
-34.71157052350783,0.45058921772215477
-34.64488162720906,0.412146768328814
-34.5781927309103,0.4099955779402649
-34.51150383461153,0.3828667223407172
-34.444814938312774,0.40658525390591654
-34.378126042014,0.43102131769677626
-34.31143714571523,0.373942530603833
-34.244748249416475,0.3490934544165263
-34.1780593531177,0.3052998542589863
-34.11137045681893,0.2914209759611996
-34.044681560520175,0.3050762460572643
-33.977992664221404,0.2978076031119127
-33.91130376792263,0.2801148258918986
-33.844614871623875,0.3191201216962928
-33.777925975325104,0.24997440651840414
-33.71123707902633,0.2870805633239509
-33.644548182727576,0.2707519145292863
-33.577859286428804,0.26840864422590266
-33.51117039013003,0.2525877440942994
-33.444481493831276,0.29887438726047294
-33.377792597532505,0.26194503235631517
-33.31110370123375,0.26229712344797323
-33.244414804934976,0.2781202830037731
-33.177725908636205,0.22979019996721808
-33.11103701233745,0.20219325485383347
-33.04434811603868,0.1977478988488866
-32.977659219739905,0.17114794780835535
-32.91097032344115,0.14668019467178084
-32.84428142714238,0.13618431477948773
-32.777592530843606,0.15567175472887293
-32.71090363454485,0.1453902214225286
-32.64421473824608,0.177743007256717
-32.577525841947306,0.14781027377693634
-32.51083694564855,0.11025260596273276
-32.44414804934978,0.16804296813436678
-32.37745915305101,0.14830422430440143
-32.31077025675225,0.10897686409223664
-32.24408136045348,0.05671524583908173
-32.17739246415472,0.0889683494533499
-32.11070356785595,0.07872921401354813
-32.04401467155718,0.07111792196155617
-31.97732577525842,0.06634187061395698
-31.91063687895965,0.09673015715405042
-31.84394798266088,0.09134426213477281
-31.777259086362122,0.1616658754997516
-31.71057019006335,0.16567869272137847
-31.64388129376458,0.1975322357301281
-31.577192397465822,0.2216894314672603
-31.51050350116705,0.2205960118595192
-31.44381460486828,0.2029868822789053
-31.377125708569523,0.2129458001359019
-31.31043681227075,0.22824876207212008
-31.24374791597198,0.21107118062832425
-31.177059019673223,0.21606134660684392
-31.11037012337445,0.2531474959546318
-31.043681227075695,0.3152459281267222
-30.976992330776923,0.34087700773720486
-30.910303434478152,0.3967597983286133
-30.843614538179395,0.37787857199241964
-30.776925641880624,0.39893503955419846
-30.710236745581852,0.43909062481163663
-30.643547849283095,0.41220062482247677
-30.576858952984324,0.3976329214611265
-30.510170056685553,0.449770064316184
-30.443481160386796,0.4205170986425758
-30.376792264088024,0.38028319766290447
-30.310103367789253,0.4261226448720898
-30.243414471490496,0.46202554162150294
-30.176725575191725,0.474989148941016
-30.110036678892953,0.4736178263016412
-30.043347782594196,0.46046209113349174
-29.976658886295425,0.4689205573477633
-29.909969989996668,0.5163147660698097
-29.843281093697897,0.5234717498540721
-29.776592197399125,0.5884805278714811
-29.70990330110037,0.5615422683022742
-29.643214404801597,0.5609518456724261
-29.576525508502826,0.5497600856425086
-29.50983661220407,0.5172058393476385
-29.443147715905297,0.5126133273573489
-29.376458819606526,0.5251332064071621
-29.30976992330777,0.540860111805723
-29.243081027008998,0.6059736771740597
-29.176392130710227,0.6199077012657664
-29.10970323441147,0.654411805376155
-29.043014338112698,0.6563946327651242
-28.976325441813927,0.7067363007787021
-28.90963654551517,0.7786897793463442
-28.8429476492164,0.7946223332756227
-28.77625875291764,0.7648425628120753
-28.70956985661887,0.7483784121287602
-28.6428809603201,0.7568364412249151
-28.576192064021342,0.7705313822824345
-28.50950316772257,0.7914841363139656
-28.4428142714238,0.8052900667508669
-28.376125375125042,0.8054996142385451
-28.30943647882627,0.7864136610024812
-28.2427475825275,0.7984478088404081
-28.176058686228743,0.8540974295648278
-28.10936978992997,0.8846952877276605
-28.0426808936312,0.9007364062167464
-27.975991997332443,0.931623413931429
-27.90930310103367,0.9204914930644035
-27.842614204734915,0.9052435386819039
-27.775925308436143,0.8828099855509244
-27.709236412137372,0.8790513868678412
-27.642547515838615,0.8663912099665688
-27.575858619539844,0.902639452186133
-27.509169723241072,0.8883797496556672
-27.442480826942315,0.8642980981689198
-27.375791930643544,0.9225754135338388
-27.309103034344773,0.9090341566013984
-27.242414138046016,0.913640010318909
-27.175725241747244,0.9271796950612113
-27.109036345448473,0.8930789014935869
-27.042347449149716,0.930143414578679
-26.975658552850945,0.9492569857910158
-26.908969656552173,0.9960085061474393
-26.842280760253416,0.9756318480308963
-26.775591863954645,0.9786056218051811
-26.708902967655888,0.979786294455007
-26.642214071357117,0.9877029492855076
-26.575525175058345,0.9440645068281928
-26.50883627875959,0.9473895981889594
-26.442147382460817,0.9045956808462471
-26.375458486162046,0.9153457029821547
-26.30876958986329,0.8514862292465991
-26.242080693564517,0.7959386242178815
-26.175391797265746,0.8204950857110814
-26.10870290096699,0.8040899320552379
-26.042014004668218,0.7744541898462707
-25.975325108369447,0.8125795584785371
-25.90863621207069,0.8224083449983896
-25.841947315771918,0.8485710508644031
-25.775258419473147,0.8435837886947782
-25.70856952317439,0.9239726495117784
-25.64188062687562,0.9058372336949845
-25.57519173057686,0.9581721001757811
-25.50850283427809,0.9563311189727838
-25.44181393797932,0.9066958071254014
-25.375125041680562,0.9211812694978447
-25.30843614538179,0.9306241463414996
-25.24174724908302,0.8990844919143227
-25.175058352784262,0.8714179136002813
-25.10836945648549,0.8706769843077315
-25.04168056018672,0.881169418765171
-24.974991663887963,0.807049520278789
-24.90830276758919,0.838643163854503
-24.84161387129042,0.8238082246400537
-24.774924974991663,0.7838558001081084
-24.70823607869289,0.8120877966516663
-24.64154718239412,0.8113792572691126
-24.574858286095363,0.8478642305725803
-24.508169389796592,0.861002798461973
-24.441480493497835,0.8609573633735317
-24.374791597199064,0.856375465024127
-24.308102700900292,0.8708568478408111
-24.241413804601535,0.8584509100765312
-24.174724908302764,0.8328737324141362
-24.108036012003993,0.8511710060937755
-24.041347115705236,0.8468363708504426
-23.974658219406464,0.8478434002925128
-23.907969323107693,0.880524795377151
-23.841280426808936,0.8771084971450788
-23.774591530510165,0.8775595149113324
-23.707902634211393,0.8595700295678045
-23.641213737912636,0.87249222758726
-23.574524841613865,0.8829870649676627
-23.507835945315094,0.9100103189213794
-23.441147049016337,0.8926364538111731
-23.374458152717565,0.8789019447234675
-23.30776925641881,0.9026660666978316
-23.241080360120037,0.9102324567987174
-23.174391463821266,0.8830459130129367
-23.10770256752251,0.9222425350449717
-23.041013671223737,0.8712890179929641
-22.974324774924966,0.8948175605908767
-22.90763587862621,0.8568611995109308
-22.840946982327438,0.9134348550054966
-22.774258086028667,0.8670968631983279
-22.70756918972991,0.9016643827545103
-22.640880293431138,0.899215351954173
-22.574191397132367,0.8882172748590107
-22.50750250083361,0.8937791745530436
-22.44081360453484,0.912736184727778
-22.374124708236067,0.8856041696578518
-22.30743581193731,0.8611305379027947
-22.24074691563854,0.8806186838561813
-22.174058019339782,0.8293983952466932
-22.10736912304101,0.8118715224509306
-22.04068022674224,0.9030921310757138
-21.973991330443482,0.8740517421380354
-21.90730243414471,0.9084858258908279
-21.84061353784594,0.8909073028294135
-21.773924641547183,0.9061786571733279
-21.70723574524841,0.9258093278912144
-21.64054684894964,0.9596780299467028
-21.573857952650883,0.9536704151423195
-21.50716905635211,1.013336954304965
-21.44048016005334,0.9956568573674096
-21.373791263754583,1.0026834697753964
-21.307102367455812,1.0100417777419246
-21.240413471157055,0.9763827341434421
-21.173724574858284,0.9678065664940685
-21.107035678559512,0.9726519714712207
-21.040346782260755,0.9596883401773382
-20.973657885961984,1.0329160591410342
-20.906968989663213,1.0077573489330482
-20.840280093364456,1.043140082977261
-20.773591197065684,1.0688338773717245
-20.706902300766913,1.0684180133365964
-20.640213404468156,1.042461741721029
-20.573524508169385,1.0194140821092759
-20.506835611870613,1.0038750631327806
-20.440146715571856,0.9503028246743928
-20.373457819273085,0.920198861900414
-20.306768922974314,0.8757245664395047
-20.240080026675557,0.9161008165348362
-20.173391130376785,0.9346546883064828
-20.10670223407803,0.9582339112724466
-20.040013337779257,0.975898869818705
-19.973324441480486,0.9809078985187298
-19.90663554518173,1.024728308482604
-19.839946648882957,1.0064054288106519
-19.773257752584186,1.0096055184716632
-19.70656885628543,1.032017283306387
-19.639879959986658,0.9923810063507031
-19.573191063687887,1.0852786732349795
-19.50650216738913,1.0861356461183072
-19.439813271090358,1.0903953296355748
-19.373124374791587,1.1281016705858224
-19.30643547849283,1.1555503305761292
-19.23974658219406,1.156692671158023
-19.173057685895287,1.1605965543009642
-19.10636878959653,1.1154720983725248
-19.03967989329776,1.0987781250370254
-18.972990996999002,1.1142944315217942
-18.90630210070023,1.1276112166930807
-18.83961320440146,1.1642461891932034
-18.772924308102702,1.1606311574465038
-18.70623541180393,1.1190125620435778
-18.63954651550516,1.150714474966848
-18.572857619206403,1.1937971553523086
-18.50616872290763,1.2207444925379956
-18.43947982660886,1.2158354824122708
-18.372790930310103,1.2471670639685681
-18.30610203401133,1.3500343783088145
-18.23941313771256,1.3534889477420287
-18.172724241413803,1.3141368469746748
-18.106035345115032,1.2965482954881102
-18.03934644881626,1.3153125754972317
-17.972657552517504,1.26716844617029
-17.905968656218732,1.272250538417652
-17.839279759919975,1.2836606379271285
-17.772590863621204,1.329714290121508
-17.705901967322433,1.369020135803137
-17.639213071023676,1.3949576795556902
-17.572524174724904,1.3300773092402542
-17.505835278426133,1.357708903081692
-17.439146382127376,1.3788743046634995
-17.372457485828605,1.3865526359758498
-17.305768589529833,1.3346459721914852
-17.239079693231076,1.3113427549158734
-17.172390796932305,1.2763380718298514
-17.105701900633534,1.2158878186446387
-17.039013004334777,1.2158003641021948
-16.972324108036005,1.1918657004589115
-16.905635211737234,1.270624867866979
-16.838946315438477,1.2655617096838416
-16.772257419139706,1.3043743043598204
-16.70556852284095,1.2573013336190237
-16.638879626542177,1.2413986460388777
-16.572190730243406,1.2443055823199072
-16.50550183394465,1.2170609638616772
-16.438812937645878,1.204394943317535
-16.372124041347107,1.1978564161302288
-16.30543514504835,1.190839176566882
-16.238746248749578,1.2464927337579423
-16.172057352450807,1.2578395223208876
-16.10536845615205,1.2722248392091267
-16.03867955985328,1.2884144824394788
-15.971990663554507,1.3067932737595922
-15.90530176725575,1.3043066642433463
-15.838612870956979,1.294684273098981
-15.771923974658208,1.2996887548845293
-15.70523507835945,1.3343928733519335
-15.63854618206068,1.368180019005025
-15.571857285761922,1.3609680647343727
-15.505168389463151,1.384003375574416
-15.43847949316438,1.378165835683226
-15.371790596865623,1.3791819521662834
-15.305101700566851,1.3649762507196574
-15.23841280426808,1.3595268965524705
-15.171723907969323,1.3997667986389608
-15.105035011670552,1.4025394330591379
-15.03834611537178,1.4065979083157074
-14.971657219073023,1.3631813749379686
-14.904968322774252,1.3539040577089867
-14.83827942647548,1.3466646105966449
-14.771590530176724,1.3217903060333427
-14.704901633877952,1.3224402683844496
-14.638212737579181,1.30956479967762
-14.571523841280424,1.3119646753349274
-14.504834944981653,1.3156097656294954
-14.438146048682896,1.286937134894816
-14.371457152384124,1.2749760814203204
-14.304768256085353,1.2772973099031453
-14.238079359786596,1.3128262928378471
-14.171390463487825,1.3205278680217194
-14.104701567189053,1.3006698126241967
-14.038012670890296,1.3126399554015122
-13.971323774591525,1.3638664220811652
-13.904634878292754,1.3913676162588358
-13.837945981993997,1.4077934121719045
-13.771257085695225,1.429561117436374
-13.704568189396454,1.472759738679233
-13.637879293097697,1.505028542499763
-13.571190396798926,1.5220313539332926
-13.504501500500169,1.5540906205209952
-13.437812604201397,1.5216410876330735
-13.371123707902626,1.476573130062865
-13.304434811603869,1.48128608958218
-13.237745915305098,1.4833465108716961
-13.171057019006327,1.4670292092662984
-13.10436812270757,1.4918047893611297
-13.037679226408798,1.4359188817675925
-12.970990330110027,1.4198757140858584
-12.90430143381127,1.40532704773953
-12.837612537512499,1.3562379941865463
-12.770923641213727,1.4010799244046255
-12.70423474491497,1.3603038863447259
-12.637545848616199,1.3426536846254953
-12.570856952317428,1.3698930773596494
-12.50416805601867,1.3892744376625112
-12.4374791597199,1.356029196767969
-12.370790263421142,1.3765038730457881
-12.304101367122371,1.3851974074055349
-12.2374124708236,1.455188474268879
-12.170723574524843,1.4673066867509281
-12.104034678226071,1.4630694321188722
-12.0373457819273,1.4373743734052895
-11.970656885628543,1.4150470723966224
-11.903967989329772,1.3902739995325777
-11.837279093031,1.4314069639499354
-11.770590196732243,1.4319460614004296
-11.703901300433472,1.4489034751196714
-11.6372124041347,1.494330903119098
-11.570523507835944,1.4235769788528743
-11.503834611537172,1.4619431917938854
-11.437145715238401,1.4636050991473855
-11.370456818939644,1.4766565502965987
-11.303767922640873,1.4518044536441512
-11.237079026342116,1.4291507216906956
-11.170390130043344,1.4438160983850852
-11.103701233744573,1.5153540323950292
-11.037012337445816,1.5454534317794761
-10.970323441147045,1.5834191194220324
-10.903634544848273,1.5776590813141897
-10.836945648549516,1.559652954576621
-10.770256752250745,1.536228806029251
-10.703567855951974,1.5215805942883505
-10.636878959653217,1.4599971212932348
-10.570190063354445,1.4382495410064868
-10.503501167055674,1.4214389463246915
-10.436812270756917,1.4161782010928463
-10.370123374458146,1.4201307043852651
-10.303434478159375,1.4310042304440334
-10.236745581860617,1.4305564692707446
-10.170056685561846,1.4131131766804619
-10.103367789263089,1.3542124173824963
-10.036678892964318,1.3369531591304424
-9.969989996665547,1.3077796399998323
-9.90330110036679,1.3217616424481904
-9.836612204068018,1.3490402643490012
-9.769923307769247,1.3771973963607993
-9.70323441147049,1.399905978444634
-9.636545515171719,1.3959002063810593
-9.569856618872947,1.3802415394167824
-9.50316772257419,1.3578284568067704
-9.436478826275419,1.312603489308718
-9.369789929976648,1.3423591003239537
-9.30310103367789,1.3371177691860545
-9.23641213737912,1.2997275603774283
-9.169723241080348,1.2749328191061213
-9.103034344781591,1.2489236154131447
-9.03634544848282,1.2502143499635985
-8.969656552184063,1.2822383854957191
-8.902967655885291,1.2717986990078516
-8.83627875958652,1.204222693564342
-8.769589863287763,1.1985472835095745
-8.702900966988992,1.1938614665066587
-8.63621207069022,1.187113859578593
-8.569523174391463,1.168290024584322
-8.502834278092692,1.1748131970060973
-8.43614538179392,1.1767974304605673
-8.369456485495164,1.1760525210367678
-8.302767589196392,1.1884317618800568
-8.236078692897621,1.1755367771856213
-8.169389796598864,1.1609392070946016
-8.102700900300093,1.2023429057821637
-8.036012004001321,1.2191235680736268
-7.969323107702564,1.2439319499019108
-7.902634211403793,1.2807150874619329
-7.835945315105036,1.2964934128806769
-7.769256418806265,1.324345073254762
-7.702567522507493,1.276964718392654
-7.635878626208736,1.283089334552535
-7.569189729909965,1.2776077806981052
-7.502500833611194,1.3279383034250996
-7.435811937312437,1.3557676693791985
-7.369123041013665,1.336854313655403
-7.302434144714894,1.3480381384112792
-7.235745248416137,1.3530685784147565
-7.169056352117366,1.3666985214093232
-7.1023674558185945,1.3361332473280836
-7.0356785595198374,1.3469337412852302
-6.968989663221066,1.3400892008065832
-6.902300766922309,1.3485626937282513
-6.835611870623538,1.3268311387745861
-6.7689229743247665,1.309279243632688
-6.7022340780260095,1.344494504243689
-6.635545181727238,1.3129480774934843
-6.568856285428467,1.2836154454622228
-6.50216738912971,1.2820680077457556
-6.4354784928309385,1.258911296490177
-6.368789596532167,1.232360437522293
-6.30210070023341,1.2355127166585418
-6.235411803934639,1.1903607409514307
-6.168722907635868,1.1601218739040215
-6.1020340113371105,1.2217447413917308
-6.035345115038339,1.2355289931608011
-5.968656218739568,1.2131320925927038
-5.901967322440811,1.2256785449406897
-5.83527842614204,1.2426984592502885
-5.7685895298432825,1.2725308918529956
-5.701900633544511,1.2687162109692938
-5.63521173724574,1.2980111420524805
-5.568522840946983,1.2368577463060153
-5.501833944648212,1.2051685023917427
-5.43514504834944,1.2100846444438362
-5.368456152050683,1.21997365042807
-5.301767255751912,1.1926201817980109
-5.235078359453141,1.2004027815359057
-5.168389463154384,1.181687574075288
-5.101700566855612,1.173378801248473
-5.035011670556841,1.2041220152684233
-4.968322774258084,1.2313901401750813
-4.901633877959313,1.2014783303541834
-4.834944981660541,1.1697607864935802
-4.768256085361784,1.1574255846269808
-4.701567189063013,1.156623195591793
-4.634878292764256,1.1368862409345508
-4.568189396465485,1.1681055142185408
-4.501500500166713,1.1785272094697974
-4.434811603867956,1.1907097627660304
-4.368122707569185,1.1527135978976812
-4.301433811270414,1.1877323194191947
-4.234744914971657,1.103127254751974
-4.168056018672885,1.128148918307455
-4.101367122374114,1.156178270437578
-4.034678226075357,1.143206234819239
-3.967989329776586,1.1813935413366619
-3.9013004334778145,1.1795006147480314
-3.8346115371790574,1.1813735658478546
-3.767922640880286,1.1915594294699812
-3.701233744581515,1.2871566768243128
-3.634544848282758,1.3274896940668028
-3.5678559519839865,1.3485236300881904
-3.5011670556852295,1.3211394954901545
-3.434478159386458,1.3254471902545393
-3.367789263087687,1.3010534674391476
-3.30110036678893,1.325716792857632
-3.2344114704901585,1.3299308021296778
-3.1677225741913873,1.2961951517412609
-3.10103367789263,1.298628889243816
-3.034344781593859,1.273146365152327
-2.9676558852950876,1.2776828517924534
-2.9009669889963305,1.2519105323014958
-2.8342780926975593,1.2527351613023203
-2.767589196398788,1.275249257160373
-2.700900300100031,1.27365769740262
-2.6342114038012596,1.2619310493874483
-2.5675225075024883,1.2680293360191721
-2.5008336112037313,1.2889448146429576
-2.43414471490496,1.2557293165465049
-2.367455818606203,1.263549001187661
-2.3007669223074316,1.3030752257581828
-2.2340780260086603,1.3202849346564842
-2.1673891297099033,1.322017559056501
-2.100700233411132,1.341209684257468
-2.0340113371123607,1.3547845779405483
-1.9673224408136036,1.3773926112153427
-1.9006335445148324,1.3166746628858543
-1.833944648216061,1.2700709788759563
-1.767255751917304,1.3002158533604535
-1.7005668556185327,1.2550574780756103
-1.6338779593197614,1.2671036371471864
-1.5671890630210044,1.2565421474662177
-1.500500166722233,1.2266564700983378
-1.4338112704234618,1.237145962812762
-1.3671223741247047,1.243176967924259
-1.3004334778259334,1.3064872474871503
-1.2337445815271764,1.2877429113510737
-1.167055685228405,1.3309462149531488
-1.1003667889296338,1.3415189023846783
-1.0336778926308767,1.321688245938397
-0.9669889963321054,1.3456656396639144
-0.9003001000333342,1.362637794797533
-0.8336112037345771,1.3637130936432744
-0.7669223074358058,1.3717019543364932
-0.7002334111370345,1.3537923434051273
-0.6335445148382775,1.3290187296474922
-0.5668556185395062,1.3518019948621698
-0.5001667222407349,1.3450838121327715
-0.4334778259419778,1.3426813221852987
-0.36678892964320653,1.351075970063627
-0.30010003334444946,1.3590346204071413
-0.23341113704567817,1.3161548262779195
-0.1667222407469069,1.3547423888715653
-0.10003334444814982,1.3583778534285855
-0.033344448149378536,1.3522982555439211
0.03334444814939275,1.3652236356990135
0.10003334444814982,1.3723199015074594
0.1667222407469211,1.3953317821921505
0.23341113704569239,1.4114712923566788
0.30010003334444946,1.4330066792265668
0.36678892964322074,1.4735364963983923
0.433477825941992,1.5000452328675216
0.5001667222407491,1.4952306462576648
0.5668556185395204,1.4615436115753597
0.6335445148382917,1.5115775495654953
0.7002334111370487,1.504445848365082
0.76692230743582,1.4902526259642663
0.8336112037345771,1.4381508214313332
0.9003001000333484,1.4483050145906966
0.9669889963321197,1.4527716127093098
1.0336778926308767,1.4073181646218254
1.100366788929648,1.4209163858858207
1.1670556852284193,1.4059706282647775
1.2337445815271764,1.4866800784834382
1.3004334778259476,1.469599242720712
1.367122374124719,1.4565434427547783
1.433811270423476,1.4303001560271473
1.5005001667222473,1.4686364516584065
1.5671890630210186,1.457453177824464
1.6338779593197756,1.435705753211499
1.700566855618547,1.4569144035091153
1.7672557519173182,1.4155038154467197
1.8339446482160753,1.4342571318341881
1.9006335445148466,1.4876991233322139
1.9673224408136036,1.5046973583172665
2.034011337112375,1.5238343078050642
2.100700233411146,1.5499361143122887
2.1673891297099033,1.6012273551725542
2.2340780260086746,1.6375241739731274
2.300766922307446,1.650714265641318
2.367455818606203,1.6778310076603982
2.434144714904974,1.651252959896445
2.5008336112037455,1.6745417676188645
2.5675225075025025,1.6443750884833521
2.634211403801274,1.6333644159244034
2.700900300100045,1.5408875506701063
2.767589196398802,1.5529304404511302
2.8342780926975735,1.5336142801178796
2.9009669889963448,1.5669486365740135
2.967655885295102,1.5786544148921755
3.034344781593873,1.6123772917332242
3.10103367789263,1.579869395393048
3.1677225741914015,1.611020976507837
3.2344114704901727,1.6741966668387367
3.30110036678893,1.6971214158366936
3.367789263087701,1.7208318860974623
3.4344781593864724,1.7259198163893104
3.5011670556852295,1.7101797529723495
3.5678559519840007,1.7330155241533947
3.634544848282772,1.6878330368413326
3.701233744581529,1.675300383093708
3.7679226408803004,1.6221686790235927
3.8346115371790717,1.6010589877041403
3.9013004334778287,1.6203203404609472
3.9679893297766,1.6354821417475611
4.034678226075371,1.6370095526136252
4.101367122374128,1.6421215824354856
4.1680560186729,1.5855456438995592
4.234744914971657,1.5743687754824318
4.301433811270428,1.5539282272893755
4.368122707569199,1.5341564365739393
4.434811603867956,1.552143795408352
4.501500500166728,1.5263285756131926
4.568189396465499,1.5081881501093704
4.634878292764256,1.4455760727380849
4.701567189063027,1.4367523773267998
4.768256085361799,1.4041172508953912
4.834944981660556,1.4064933387560805
4.901633877959327,1.3779600973538066
4.968322774258098,1.3810963647202832
5.035011670556855,1.376755791898013
5.101700566855627,1.4269170450892825
5.168389463154398,1.4418335845028782
5.235078359453155,1.3866444483260092
5.301767255751926,1.3486977830029279
5.368456152050683,1.3503540232726978
5.4351450483494546,1.3224585848209183
5.501833944648226,1.2334075319138427
5.568522840946983,1.273893921328855
5.635211737245754,1.295500641836017
5.7019006335445255,1.3111299480407703
5.7685895298432825,1.2929102566766428
5.835278426142054,1.3057405598069407
5.901967322440825,1.2846097500803142
5.968656218739582,1.290755469086845
6.0353451150383535,1.2631379723117506
6.102034011337125,1.3086266258284311
6.168722907635882,1.2615195262059757
6.235411803934653,1.2984880410913007
6.30210070023341,1.2996555159318206
6.3687895965321815,1.284971506071561
6.435478492830953,1.289981593722433
6.50216738912971,1.3119820339377786
6.568856285428481,1.3529844360386105
6.635545181727252,1.3623787267326164
6.7022340780260095,1.335657844174748
6.768922974324781,1.3373267478877215
6.835611870623552,1.3918305449875927
6.902300766922309,1.4322608875529714
6.96898966322108,1.4595237918967021
7.035678559519852,1.4833944025003738
7.102367455818609,1.50437790521857
7.16905635211738,1.539140550253866
7.235745248416151,1.525441686682209
7.302434144714908,1.4847891047089588
7.36912304101368,1.4868592097310707
7.435811937312437,1.4623317621277399
7.502500833611208,1.4306811394664243
7.569189729909979,1.4090727821687863
7.635878626208736,1.4836321999047968
7.702567522507508,1.4877159389270722
7.769256418806279,1.4985731740179018
7.835945315105036,1.4619022898077743
7.902634211403807,1.4065897010439954
7.969323107702579,1.3820181217504313
8.036012004001336,1.4251639893066936
8.102700900300107,1.4351922532889894
8.169389796598878,1.453150106032321
8.236078692897635,1.4753070872083829
8.302767589196407,1.4575666058144345
8.369456485495178,1.4992055733336356
8.436145381793935,1.4802213453569701
8.502834278092706,1.5224083161348467
8.569523174391463,1.535677380818907
8.636212070690235,1.4820060261915173
8.702900966989006,1.4595657415935013
8.769589863287763,1.406017585607338
8.836278759586534,1.4409160495911644
8.902967655885305,1.4401739869670924
8.969656552184063,1.373323713768599
9.036345448482834,1.3845961202201886
9.103034344781605,1.368481192348539
9.169723241080362,1.3239670166975392
9.236412137379133,1.3743059918066
9.303101033677905,1.3775245677894974
9.369789929976662,1.368721625720098
9.436478826275433,1.3567388822905175
9.503167722574204,1.3113404982157844
9.569856618872961,1.272204031228261
9.636545515171733,1.3107515347745136
9.70323441147049,1.296535048680942
9.769923307769261,1.2971970797090477
9.836612204068032,1.2358671654230156
9.90330110036679,1.1963244043491503
9.96998999666556,1.214618779945393
10.036678892964332,1.2259501327488078
10.103367789263089,1.2785513887105373
10.17005668556186,1.318840078659474
10.236745581860632,1.3119187494849294
10.303434478159389,1.3261073564263275
10.37012337445816,1.3166092531392353
10.436812270756931,1.3782535476983948
10.503501167055688,1.4127239885799667
10.57019006335446,1.4178145413056993
10.636878959653231,1.4238263848519899
10.703567855951988,1.4671718934697842
10.77025675225076,1.4845592288831995
10.836945648549516,1.5313180693953021
10.903634544848288,1.4655086316075359
10.970323441147059,1.4793454794524998
11.037012337445816,1.4638824335120584
11.103701233744587,1.5165737731408981
11.170390130043359,1.562965733756593
11.237079026342116,1.5639508080296323
11.303767922640887,1.6100197373939633
11.370456818939658,1.6635131729937385
11.437145715238415,1.6657453731515228
11.503834611537187,1.7399033863244786
11.570523507835958,1.7389631517443869
11.637212404134715,1.7325275232343096
11.703901300433486,1.7585037008918398
11.770590196732257,1.7478899789575704
11.837279093031015,1.7504501722314172
11.903967989329786,1.7927332049529445
11.970656885628543,1.7933097705194627
12.037345781927314,1.7424592367302034
12.104034678226085,1.7534788183656793
12.170723574524843,1.7325900109941075
12.237412470823614,1.758548145712944
12.304101367122385,1.7794338371877314
12.370790263421142,1.823575847632727
12.437479159719913,1.850801816656508
12.504168056018685,1.8835091451662498
12.570856952317442,1.8634362423621185
12.637545848616213,1.8875558372388335
12.704234744914984,1.9466093759196421
12.770923641213741,1.9259498786605391
12.837612537512513,1.979942027412352
12.90430143381127,1.963461524676312
12.970990330110041,1.937902387324813
13.037679226408812,1.946788400625458
13.10436812270757,1.9682657131093224
13.17105701900634,1.9956182168284904
13.237745915305112,1.9667653442052944
13.304434811603869,1.9798015471229231
13.37112370790264,1.9592349099784179
13.437812604201412,1.9145672422963005
13.504501500500169,1.886705152830317
13.57119039679894,1.8641781418516423
13.637879293097711,1.8798259966622175
13.704568189396468,1.9143924065542777
13.77125708569524,1.8701962076580196
13.837945981994011,1.8807550398842614
13.904634878292768,1.8454540943111342
13.97132377459154,1.8643266565815542
14.038012670890296,1.8456447391514417
14.104701567189068,1.8141048686107433
14.171390463487839,1.8380948040711704
14.238079359786596,1.8204871259078175
14.304768256085367,1.8110082073672364
14.371457152384139,1.7444085347405451
14.438146048682896,1.7728050755832494
14.504834944981667,1.7974323312183227
14.571523841280438,1.797596066546762
14.638212737579195,1.7517686383060893
14.704901633877967,1.7880497136561322
14.771590530176738,1.7680618120653084
14.838279426475495,1.7544612085622908
14.904968322774266,1.8238225302530768
14.971657219073037,1.8027134369298
15.038346115371795,1.824979735802595
15.105035011670566,1.8418425036650734
15.171723907969323,1.8535476694514759
15.238412804268094,1.8620076857281112
15.305101700566865,1.873299342584787
15.371790596865623,1.8814575603130033
15.438479493164394,1.8799000095497214
15.505168389463165,1.9252385032730437
15.571857285761922,1.8858586864490654
15.638546182060693,1.9165024295695268
15.705235078359465,1.9411726985301534
15.771923974658222,1.9621246721700354
15.838612870956993,1.9956340549992393
15.905301767255764,1.9928560731411875
15.971990663554521,1.9367868508663812
16.038679559853293,1.9346180710749468
16.105368456152064,1.9048822445462101
16.17205735245082,1.8829264682504683
16.238746248749592,1.8456538780354959
16.30543514504835,1.8313335322821809
16.37212404134712,1.8134348214626774
16.438812937645892,1.7421077265648643
16.50550183394465,1.763114383903333
16.57219073024342,1.8297240396434795
16.63887962654219,1.8479111554483683
16.70556852284095,1.8418234367523414
16.77225741913972,1.840181044882055
16.83894631543849,1.8275514688416596
16.90563521173725,1.8302527163576683
16.97232410803602,1.8291424735354713
17.03901300433479,1.8039110206235225
17.105701900633548,1.8543976722919575
17.17239079693232,1.8097830452206645
17.23907969323109,1.8313329915164918
17.305768589529848,1.828297062696966
17.37245748582862,1.8853220171489382
17.439146382127376,1.8955479551263847
17.505835278426147,1.8847507890108872
17.57252417472492,1.8773195730578522
17.639213071023676,1.8785167738934452
17.705901967322447,1.8442330530435531
17.772590863621218,1.8212269672900159
17.839279759919975,1.7676786482142601
17.905968656218747,1.7399893412630374
17.972657552517518,1.7428065357128508
18.039346448816275,1.7518117871913865
18.106035345115046,1.6924318963414944
18.172724241413817,1.6883155452501684
18.239413137712575,1.7052178437748324
18.306102034011346,1.7003304779735453
18.372790930310117,1.6813168186002112
18.439479826608874,1.6689519842487648
18.506168722907645,1.6527290835994481
18.572857619206403,1.6336271668262063
18.639546515505174,1.6388418725835519
18.706235411803945,1.7080725194156154
18.772924308102702,1.6857615219084598
18.839613204401473,1.676217242928617
18.906302100700245,1.6746663047473602
18.972990996999002,1.6540456717166114
19.039679893297773,1.6869927458223142
19.106368789596544,1.615866184623121
19.1730576858953,1.5999344095117607
19.239746582194073,1.6244838216013595
19.306435478492844,1.6156609923497005
19.3731243747916,1.5910358235841917
19.439813271090372,1.6042585262173545
19.50650216738913,1.631448823279269
19.5731910636879,1.6377678866357208
19.639879959986672,1.6137312758413342
19.70656885628543,1.6274173754158865
19.7732577525842,1.6153558964076429
19.83994664888297,1.6377115028644578
19.90663554518173,1.6822092694101556
19.9733244414805,1.6040419667394996
20.04001333777927,1.6073739909353686
20.10670223407803,1.5553019728269397
20.1733911303768,1.628555630386833
20.24008002667557,1.6145118943729473
20.306768922974328,1.6369030916277085
20.3734578192731,1.6358435858398617
20.44014671557187,1.61175104841829
20.506835611870628,1.584089457002967
20.5735245081694,1.6316598321959899
20.640213404468156,1.660337974001339
20.706902300766927,1.718645496622666
20.7735911970657,1.720309096677397
20.840280093364456,1.728946685314777
20.906968989663227,1.7209309383451183
20.973657885961998,1.712318472251668
21.040346782260755,1.681061864277347
21.107035678559527,1.6835821700050775
21.173724574858298,1.6599047721584916
21.240413471157055,1.6731620398234177
21.307102367455826,1.678262346392824
21.373791263754597,1.6868928077030956
21.440480160053355,1.7371467058938024
21.507169056352126,1.7360151674008346
21.573857952650897,1.7587169774864375
21.640546848949654,1.820262261409005
21.707235745248425,1.8594607734878563
21.773924641547183,1.8940558644415018
21.840613537845954,1.8848552179758868
21.907302434144725,1.8917445096429208
21.973991330443482,1.8521962208820226
22.040680226742253,1.867163652910955
22.107369123041025,1.8753974582393702
22.174058019339782,1.8760990119940557
22.240746915638553,1.9069148556413416
22.307435811937324,1.8706816109686097
22.37412470823608,1.9197274965034201
22.440813604534853,1.9467804371416286
22.507502500833624,1.9446614177520694
22.57419139713238,1.9401995301175476
22.640880293431152,1.9546178665750056
22.707569189729924,2.0002434035369188
22.77425808602868,2.003291635097619
22.840946982327452,2.0076125621569956
22.90763587862621,2.0081561164857717
22.97432477492498,2.061616839866816
23.04101367122375,2.050550346778705
23.10770256752251,2.049665118820133
23.17439146382128,2.093568188447963
23.24108036012005,2.097978513456349
23.30776925641881,2.1320902792577145
23.37445815271758,2.1047518775506258
23.44114704901635,2.0985931019017703
23.507835945315108,2.143126123054977
23.57452484161388,2.1228359315820704
23.64121373791265,2.118296960388979
23.707902634211408,2.1259975173157235
23.77459153051018,2.096322881775934
23.84128042680895,2.083908578217277
23.907969323107707,2.087287678672046
23.97465821940648,2.0886881306969047
24.041347115705236,2.127098691322019
24.108036012004007,2.1733424071669867
24.174724908302778,2.1476598610069595
24.241413804601535,2.1509979165819844
24.308102700900307,2.171225365834727
24.374791597199078,2.216715789808703
24.441480493497835,2.238270498728217
24.508169389796606,2.246997900775987
24.574858286095377,2.2669941767354658
24.641547182394135,2.2872072417655533
24.708236078692906,2.2593758129970225
24.774924974991677,2.2651597767722107
24.841613871290434,2.3089346065978713
24.908302767589205,2.302713903537051
24.974991663887977,2.3065973028134743
25.041680560186734,2.2993218093276937
25.108369456485505,2.2299060244594875
25.175058352784262,2.230523729776528
25.241747249083033,2.2395774876961143
25.308436145381805,2.2242026859696873
25.375125041680562,2.1895635775031455
25.441813937979333,2.163145383709696
25.508502834278104,2.186071012193763
25.57519173057686,2.2452467553851703
25.641880626875633,2.2867197556123333
25.708569523174404,2.246389375467417
25.77525841947316,2.272028194783938
25.841947315771932,2.2521333235096592
25.908636212070704,2.2346653116343957
25.97532510836946,2.2208060436952572
26.042014004668232,2.24198805219092
26.108702900967003,2.2707656534843914
26.17539179726576,2.2678247213459977
26.24208069356453,2.265392599115757
26.30876958986329,2.2793205114128305
26.37545848616206,2.296360347598558
26.44214738246083,2.331647118801314
26.50883627875959,2.293115959536038
26.57552517505836,2.293716779730159
26.64221407135713,2.2616760484534235
26.708902967655888,2.2601477800815215
26.77559186395466,2.253362521451099
26.84228076025343,2.2519600378340177
26.908969656552188,2.2279677511907017
26.97565855285096,2.1833490573944787
27.04234744914973,2.1205159315930318
27.109036345448487,2.1165805269650866
27.17572524174726,2.1036504937900986
27.242414138046016,2.083372363845984
27.309103034344787,2.1230488177309335
27.375791930643558,2.097265672127074
27.442480826942315,2.1397706945912383
27.509169723241087,2.188486006919316
27.575858619539858,2.1299589929156344
27.642547515838615,2.1327304366856037
27.709236412137386,2.120739541960524
27.775925308436157,2.033385423619006
27.842614204734915,1.9900461860269536
27.909303101033686,2.013294269240208
27.975991997332457,2.0738702468215457
28.04268089363123,2.100950591102523
28.109369789929985,2.1106595652779125
28.176058686228743,2.11001959382898
28.242747582527528,2.1604994812684235
28.309436478826285,2.224946657327153
28.376125375125042,2.2073413769414274
28.442814271423828,2.147341780132119
28.509503167722585,2.084396156233983
28.576192064021342,2.124052585998777
28.642880960320127,2.1226408297755452
28.709569856618884,2.1281380870893067
28.77625875291764,2.0744185573006053
28.842947649216427,2.0518228899169513
28.909636545515184,2.042958465499928
28.97632544181394,2.0491936170008502
29.043014338112698,2.0372358558334374
29.109703234411484,2.006116069884397
29.17639213071024,1.9825790601063213
29.243081027008998,2.018828758684738
29.309769923307783,2.026172297272843
29.37645881960654,2.0445370014815096
29.443147715905297,2.0175707871551896
29.509836612204083,1.9289560825931709
29.57652550850284,1.9132629533866359
29.643214404801597,1.887265836753871
29.709903301100383,1.8977362048127133
29.77659219739914,1.9963079162231685
29.843281093697897,2.0171628967517163
29.909969989996682,2.099241701533221
29.97665888629544,2.1163047923934046
30.043347782594196,2.0974082052662233
30.110036678892982,2.1078456876098497
30.17672557519174,2.161264845594181
30.243414471490496,2.216151723483818
30.31010336778928,2.198891602442526
30.37679226408804,2.206487113313505
30.443481160386796,2.1636091069233707
30.51017005668558,2.1883491656641136
30.576858952984338,2.2349498066357905
30.643547849283095,2.236143790259271
30.71023674558188,2.2161222686284674
30.776925641880638,2.226926197166794
30.843614538179395,2.239449968107689
30.91030343447818,2.2418842830631776
30.976992330776937,2.247245736793256
31.043681227075695,2.242031291279175
31.11037012337445,2.271909939125967
31.177059019673237,2.293996762480921
31.243747915971994,2.2645036680665966
31.31043681227075,2.2341859499718386
31.377125708569537,2.226554717461042
31.443814604868294,2.248659831184197
31.51050350116705,2.2531015536009216
31.577192397465836,2.2338070412972417
31.643881293764593,2.241652599199017
31.71057019006335,2.2317282836133487
31.777259086362136,2.2581428774200725
31.843947982660893,2.2681346304720837
31.91063687895965,2.2586762848485193
31.977325775258436,2.2656218480099133
32.04401467155719,2.305073289795639
32.11070356785595,2.287984387499248
32.177392464154735,2.3000640969486628
32.24408136045349,2.297950286734683
32.31077025675225,2.310759797250546
32.377459153051035,2.291122849002674
32.44414804934979,2.2944329119974554
32.51083694564855,2.3276676104699594
32.577525841947335,2.299557401032576
32.64421473824609,2.2596752479328237
32.71090363454485,2.2209315809982146
32.777592530843634,2.185811705092209
32.84428142714239,2.203671403728989
32.91097032344115,2.1614956131530247
32.977659219739934,2.1525587528107186
33.04434811603869,2.17110743191004
33.11103701233745,2.1836072037264977
33.17772590863623,2.172040434327623
33.24441480493499,2.1777681462802763
33.31110370123375,2.1809825061724033
33.377792597532505,2.174255277505958
33.44448149383129,2.1679302359463204
33.51117039013005,2.234993058989029
33.577859286428804,2.259272386106968
33.64454818272759,2.333691913632332
33.71123707902635,2.318783019644717
33.777925975325104,2.3162340217380724
33.84461487162389,2.276270248779773
33.91130376792265,2.2519832447170858
33.977992664221404,2.3090406391769607
34.04468156052019,2.293379610481708
34.111370456818946,2.350958049486042
34.1780593531177,2.3136571816656453
34.24474824941649,2.282053110643447
34.311437145715246,2.2718161740127445
34.378126042014,2.269903676362369
34.44481493831279,2.297596295135873
34.511503834611545,2.311119407651461
34.5781927309103,2.2986299499311404
34.64488162720909,2.2946304757355973
34.711570523507845,2.285058588142056
34.7782594198066,2.2576189760822842
34.84494831610539,2.2309800879842356
34.911637212404145,2.261816604727238
34.9783261087029,2.206971656889424
35.04501500500169,2.2554924178127758
35.111703901300444,2.2452025910447087
35.1783927975992,2.222027332852944
35.24508169389799,2.244220111573862
35.311770590196744,2.2887766090982757
35.3784594864955,2.3223055823463943
35.44514838279429,2.337361143827191
35.511837279093044,2.369967048518846
35.5785261753918,2.3184721212045303
35.64521507169056,2.3028172049598856
35.71190396798934,2.27548210315914
35.7785928642881,2.3122212650955953
35.84528176058686,2.3007169245278787
35.91197065688564,2.3260791212313405
35.9786595531844,2.3421548295059997
36.04534844948316,2.3162856214210894
36.11203734578194,2.2986768751218007
36.1787262420807,2.3374914058462424
36.24541513837946,2.31422692638571
36.31210403467824,2.3179729546915744
36.378792930977,2.294496716101781
36.445481827275756,2.2850781504943054
36.51217072357454,2.2836932921752062
36.5788596198733,2.2602072968662816
36.645548516172056,2.231393888246765
36.71223741247084,2.2399820883500885
36.7789263087696,2.214639966086353
36.845615205068356,2.190320239415393
36.91230410136714,2.162148645104334
36.9789929976659,2.1598114037143947
37.045681893964655,2.18812245274639
37.11237079026344,2.2333183118357582
37.1790596865622,2.211540769255945
37.245748582860955,2.2760500930558814
37.31243747915974,2.2459089472346774
37.3791263754585,2.2784154029345136
37.445815271757255,2.2567645093140505
37.51250416805604,2.23063681121795
37.5791930643548,2.2082941265144185
37.645881960653554,2.206720695524945
37.71257085695231,2.224119860655953
37.7792597532511,2.2442159017930976
37.845948649549854,2.215896351332661
37.91263754584861,2.1862065727073228
37.979326442147396,2.1587074119064162
38.04601533844615,2.155366779834851
38.11270423474491,2.1490621117091244
38.179393131043696,2.1205568478470305
38.24608202734245,2.128644958668928
38.31277092364121,2.1965220229189875
38.379459819939996,2.181380559063933
38.44614871623875,2.168375204427827
38.51283761253751,2.185165051537558
38.579526508836295,2.168400562785454
38.64621540513505,2.1884694972369996
38.71290430143381,2.1669132160336284
38.779593197732595,2.2218768042609476
38.84628209403135,2.2322200534387164
38.91297099033011,2.213619364966415
38.979659886628895,2.1959586139823366
39.04634878292765,2.1805446214010957
39.11303767922641,2.221727111388562
39.179726575525194,2.1836645811605235
39.24641547182395,2.1636263310467383
39.31310436812271,2.1467765143389754
39.379793264421494,2.1463058753362674
39.44648216072025,2.1381725845568633
39.51317105701901,2.0934357496151494
39.57985995331779,2.0814410691072855
39.64654884961655,2.0784545486117363
39.71323774591531,2.0596116135593427
39.77992664221409,2.080214878230773
39.84661553851285,2.107797131093382
39.91330443481161,2.1054455301015005
39.979993331110364,2.1123617777070223
40.04668222740915,2.0475300977865443
40.11337112370791,2.034897014621689
40.180060020006664,2.0650416653744266
40.24674891630545,2.0523385678790484
40.31343781260421,2.0302207175872895
40.380126708902964,2.0985513853682174
40.44681560520175,2.1531237010740916
40.513504501500506,2.1671509484485565
40.58019339779926,2.201318266792958
40.64688229409805,2.1345402042542156
40.713571190396806,2.1109136610353545
40.78026008669556,2.0968149248401597
40.84694898299435,2.0897355218741516
40.913637879293105,2.0750372012449327
40.98032677559186,1.9985364124994422
41.04701567189065,2.010117151060699
41.113704568189405,2.0264267749091176
41.18039346448816,2.074483738656817
41.24708236078695,2.050834460713568
41.313771257085705,2.0247295659801705
41.38046015338446,1.9443300314012364
41.44714904968325,1.9355230263035097
41.513837945982004,1.962556379735375
41.58052684228076,1.9442033438695934
41.64721573857955,2.0085066884259026
41.713904634878304,2.000808843352217
41.78059353117706,2.0052186118808737
41.84728242747585,1.964325519463426
41.913971323774604,1.9729421298186842
41.98066022007336,1.9135625359731034
42.047349116372146,1.9343734746234977
42.1140380126709,1.9561063199105602
42.18072690896966,1.9968850626406556
42.24741580526842,1.9662860010776249
42.3141047015672,1.9711028646265474
42.38079359786596,1.9880173614081424
42.44748249416472,2.0012858105580515
42.5141713904635,1.975326832304006
42.58086028676226,1.903567375617322
42.64754918306102,1.9139761845238563
42.7142380793598,1.9094011941745588
42.78092697565856,1.8924010763857155
42.847615871957316,1.9153194372971796
42.9143047682561,1.9139718511525465
42.98099366455486,1.8743959995695125
43.047682560853616,1.816452430896626
43.1143714571524,1.782583532942631
43.18106035345116,1.8543739017856344
43.247749249749916,1.8760572050036177
43.3144381460487,1.881715575262868
43.38112704234746,1.876265747447294
43.447815938646215,1.8688439592488708
43.514504834945,1.9038598387496437
43.58119373124376,1.8891419664925408
43.647882627542515,1.9064495788130695
43.7145715238413,1.8959967403043216
43.78126042014006,1.9542014392593736
43.847949316438815,1.9764700944867228
43.9146382127376,2.0138367989272314
43.98132710903636,1.9963045056865842
44.048016005335114,2.028048589063607
44.1147049016339,2.0186712663017663
44.18139379793266,2.0219723110197516
44.248082694231414,2.0710237411383354
44.31477159053017,2.039740489435643
44.381460486828956,2.0458379213748046
44.44814938312771,2.0589780791303665
44.51483827942647,2.0745782105543906
44.581527175725256,2.0610546757615866
44.64821607202401,2.123642598785829
44.71490496832277,2.084794642225621
44.781593864621556,2.1285612038845954
44.84828276092031,2.1650131720523444
44.91497165721907,2.222039835740455
44.981660553517855,2.1743930227792205
45.04834944981661,2.148328078142529
45.11503834611537,2.193086369917378
45.181727242414155,2.136775195278469
45.24841613871291,2.088581428247257
45.31510503501167,2.073932194645912
45.381793931310455,2.07969200830458
45.44848282760921,2.127458760514043
45.51517172390797,2.1219007830661325
45.581860620206754,2.1036536086241964
45.64854951650551,2.112995306755089
45.71523841280427,2.127083201253921
45.781927309103054,2.140320395919029
45.84861620540181,2.134980809680489
45.91530510170057,2.0763282262629446
45.98199399799935,2.0487997465897547
46.04868289429811,2.0914078791477784
46.11537179059687,2.0970199472870763
46.18206068689565,2.0873442837138647
46.24874958319441,2.120889340165084
46.31543847949317,2.0869858411940156
46.38212737579195,2.0802253971826254
46.44881627209071,2.0843581493378465
46.51550516838947,2.0711168242390077
46.582194064688224,2.074139708926056
46.64888296098701,2.068508890983403
46.71557185728577,2.026528599549827
46.782260753584524,2.031972936006199
46.84894964988331,1.992122382260813
46.915638546182066,1.9970908360137145
46.98232744248082,2.038314910738218
47.04901633877961,2.029884214819936
47.115705235078366,1.9947397209208064
47.18239413137712,1.990930086524657
47.24908302767591,1.965970953282301
47.315771923974665,1.9838062233612452
47.38246082027342,1.9793665609355597
47.44914971657221,2.030659458485497
47.515838612870965,2.065549146355817
47.58252750916972,2.060956731221375
47.64921640546851,2.0824250032605676
47.715905301767265,2.070627910985682
47.78259419806602,2.071646617540637
47.84928309436481,2.060803591650128
47.915971990663564,2.0837972704456194
47.98266088696232,2.1267869187469066
48.04934978326111,2.150746364962641
48.116038679559864,2.1784044630012014
48.18272757585862,2.2060954661182732
48.24941647215741,2.2226331437883147
48.316105368456164,2.1884545590120066
48.38279426475492,2.2394837045945017
48.449483161053706,2.2936160293954546
48.51617205735246,2.2865996412960534
48.58286095365122,2.275478703839568
48.649549849950006,2.293851053427029
48.71623874624876,2.3103754384825343
48.78292764254752,2.304317056419944
48.84961653884628,2.266816286752316
48.91630543514506,2.2759873224748093
48.98299433144382,2.2925304186200757
49.04968322774258,2.3143050530612395
49.11637212404136,2.3247838362318656
49.18306102034012,2.3166503817810082
49.249749916638876,2.3464704429661967
49.31643881293766,2.3484458978931744
49.38312770923642,2.3344982074622327
49.449816605535176,2.329078606000861
49.51650550183396,2.2766995350266117
49.58319439813272,2.2712322803012555
49.649883294431476,2.2918853758974955
49.71657219073026,2.3020788665616725
49.78326108702902,2.347698791751108
49.849949983327775,2.339809544330637
49.91663887962656,2.3544289392222364
49.98332777592532,2.3782111445114094
50.050016672224075,2.4484968547600316
50.11670556852286,2.452839819493561
50.18339446482162,2.4215142041276403
50.250083361120375,2.446952066728299
50.31677225741916,2.5029238874073525
50.38346115371792,2.4932474261005537
50.450150050016674,2.5184798722587463
50.51683894631546,2.555341713915614
50.58352784261422,2.5858536802347185
50.650216738912974,2.589620435908926
50.71690563521176,2.5686662231625315
50.783594531510516,2.566227836722124
50.85028342780927,2.579985850338453
50.91697232410803,2.607232526061205
50.983661220406816,2.617250877501176
51.05035011670557,2.605853638504959
51.11703901300433,2.622515028189452
51.183727909303116,2.6483175802217365
51.25041680560187,2.659705881914171
51.31710570190063,2.634620268478021
51.383794598199415,2.6291780874365056
51.45048349449817,2.6576127107288796
51.51717239079693,2.616122176466545
51.583861287095715,2.5533268357948105
51.65055018339447,2.598569321299131
51.71723907969323,2.6139117789497877
51.783927975992015,2.632113679025391
51.85061687229077,2.599809169816579
51.91730576858953,2.6219350117205753
51.983994664888314,2.6301924723476264
52.05068356118707,2.5826626450121744
52.11737245748583,2.62539114744039
52.184061353784614,2.630151647148952
52.25075025008337,2.618269128166574
52.31743914638213,2.6069294357870176
52.38412804268091,2.546472778624046
52.45081693897967,2.564272876612987
52.51750583527843,2.5721285928303588
52.58419473157721,2.566306188860366
52.65088362787597,2.6046607450839163
52.71757252417473,2.563144974514041
52.78426142047351,2.5452418002230126
52.85095031677227,2.519741552580201
52.91763921307103,2.5113777031870543
52.98432810936981,2.513401803944771
53.05101700566857,2.5263022096591117
53.11770590196733,2.515893006065958
53.184394798266084,2.4895723340113114
53.25108369456487,2.540152542504425
53.317772590863626,2.612501748258082
53.38446148716238,2.616800348414543
53.45115038346117,2.594096937403917
53.517839279759926,2.638360561335186
53.58452817605868,2.594957848145332
53.65121707235747,2.584914648404187
53.717905968656225,2.564031136863798
53.78459486495498,2.5292450703502833
53.85128376125377,2.52084434336263
53.917972657552525,2.494919180987411
53.98466155385128,2.495298814911871
54.05135045015007,2.4961141299420446
54.118039346448825,2.477474178236385
54.18472824274758,2.466358777538569
54.25141713904637,2.459433308501458
54.318106035345124,2.483728690335041
54.38479493164388,2.4792758083031154
54.45148382794267,2.5040168605266984
54.518172724241424,2.521591250033338
54.58486162054018,2.5387371709403603
54.65155051683897,2.5803725500507397
54.718239413137724,2.5467908236583625
54.78492830943648,2.532595330469149
54.851617205735266,2.5854942944781363
54.91830610203402,2.577774799460458
54.98499499833278,2.4933210887632824
55.051683894631566,2.487232038468846
55.11837279093032,2.4912802243737433
55.18506168722908,2.412766830850807
55.251750583527866,2.4527849000474453
55.31843947982662,2.4313735261314773
55.38512837612538,2.441230419587103
55.45181727242414,2.434450973226781
55.51850616872292,2.3958004306506595
55.58519506502168,2.363685186611597
55.651883961320436,2.3356327015187706
55.71857285761922,2.36820285879428
55.78526175391798,2.3637767131512755
55.851950650216736,2.3481207476547232
55.91863954651552,2.320082480277016
55.98532844281428,2.3559669869228
56.052017339113036,2.3998930250985073
56.11870623541182,2.4354353420597077
56.18539513171058,2.4502084622343325
56.252084028009335,2.458903363490454
56.31877292430812,2.422425228951177
56.38546182060688,2.4150506551498454
56.452150716905635,2.3945348490494522
56.51883961320442,2.339769485779911
56.58552850950318,2.371480788354872
56.652217405801935,2.350605889963104
56.71890630210072,2.386484147186163
56.78559519839948,2.4129365392089634
56.852284094698234,2.429638078507966
56.91897299099702,2.4480246006608617
56.98566188729578,2.4295651841986503
57.052350783594534,2.4853006887373703
57.11903967989332,2.4865944516659617
57.185728576192076,2.495652402219523
57.25241747249083,2.4761801122125235
57.31910636878962,2.4482451543892148
57.385795265088376,2.4625640346534974
57.45248416138713,2.469089439531661
57.51917305768589,2.445408868554584
57.585861953984676,2.4022560669913218
57.65255085028343,2.3641583743714953
57.71923974658219,2.4000423858842286
57.785928642880975,2.3816447714447264
57.85261753917973,2.3714775150744516
57.91930643547849,2.4149877228372234
57.985995331777275,2.381323205992631
58.05268422807603,2.3595133612211194
58.11937312437479,2.3364503563642987
58.186062020673575,2.38499241079928
58.25275091697233,2.4447939158167524
58.31943981327109,2.4673408125788177
58.386128709569874,2.490842354303445
58.45281760586863,2.4734317042178633
58.51950650216739,2.5318515588249917
58.586195398466174,2.5398824464557515
58.65288429476493,2.5654757543892437
58.71957319106369,2.5623100062261153
58.78626208736247,2.554269028606287
58.85295098366123,2.6041602963941703
58.91963987995999,2.6203520067863195
58.98632877625877,2.663893270618431
59.05301767255753,2.6715531157707826
59.11970656885629,2.64610211967809
59.18639546515507,2.6286018316917352
59.25308436145383,2.6316907889656735
59.31977325775259,2.6128957824843737
59.38646215405137,2.579671940225543
59.45315105035013,2.6157144511791537
59.51983994664889,2.599368349054448
59.58652884294767,2.6035141314881876
59.65321773924643,2.6123981391847555
59.719906635545186,2.5947535454251383
59.78659553184394,2.6382775294144003
59.85328442814273,2.604763276578262
59.919973324441486,2.612612034485685
59.98666222074024,2.6199955656769824
60.05335111703903,2.618367927591058
60.120040013337785,2.5794605491928984
60.18672890963654,2.6055850757488024
60.25341780593533,2.62789039585884
60.320106702234085,2.6076233400011035
60.38679559853284,2.6288479562172644
60.45348449483163,2.640095186806288
60.520173391130385,2.6016768224454547
60.58686228742914,2.576058955008314
60.65355118372793,2.6102073983550014
60.720240080026684,2.619489883909263
60.78692897632544,2.602560795534944
60.85361787262423,2.576806518799765
60.920306768922984,2.5613447048563023
60.98699566522174,2.548010318959971
61.05368456152053,2.5226314279810933
61.120373457819284,2.4703785046095943
61.18706235411804,2.504578903201618
61.253751250416826,2.533697913379961
61.32044014671558,2.4955002498257555
61.38712904301434,2.4995895886926656
61.453817939313126,2.4725224426112224
61.52050683561188,2.4646754259144266
61.58719573191064,2.454332428518217
61.653884628209426,2.441497402046681
61.72057352450818,2.5015858145689696
61.78726242080694,2.488376044028684
61.853951317105725,2.464128129276676
61.92064021340448,2.441250686391765
61.98732910970324,2.4725639950838176
62.054018006001996,2.42300092513303
62.12070690230078,2.4001222376399642
62.18739579859954,2.44352692284331
62.254084694898296,2.4508465084832394
62.32077359119708,2.456604168634323
62.38746248749584,2.520568562438634
62.454151383794596,2.5279590010270887
62.52084028009338,2.5067134161863014
62.58752917639214,2.498251104480011
62.654218072690895,2.464188135209094
62.72090696898968,2.501866246409565
62.78759586528844,2.5191030979356666
62.854284761587195,2.552835522434793
62.92097365788598,2.589225040291274
62.98766255418474,2.5767987168634483
63.054351450483495,2.5484561313031815
63.12104034678228,2.5469047379639402
63.18772924308104,2.520721905840284
63.254418139379794,2.5256706121025547
63.32110703567858,2.5596335185275954
63.38779593197734,2.55458932914612
63.454484828276094,2.559089181843352
63.52117372457488,2.556273813356651
63.587862620873636,2.580355640529782
63.65455151717239,2.5603221687011333
63.72124041347118,2.49442878085184
63.787929309769936,2.5085548466331016
63.85461820606869,2.538189879272341
63.92130710236748,2.5515811066150973
63.987995998666236,2.5323741917510567
64.05468489496499,2.4983238288054745
64.12137379126375,2.513158754758884
64.18806268756254,2.517403123346924
64.25475158386129,2.5136293445171742
64.32144048016005,2.568303244806988
64.38812937645883,2.539899241981548
64.45481827275759,2.5931503526153716
64.52150716905635,2.594103869761491
64.58819606535513,2.539036755455365
64.65488496165389,2.5336606758257907
64.72157385795265,2.5624455581237737
64.78826275425143,2.5514939071396245
64.85495165055019,2.5072505509024725
64.92164054684895,2.5023151149485874
64.98832944314773,2.476599943731836
65.05501833944649,2.491354375764475
65.12170723574525,2.5145563702465035
65.18839613204403,2.48286825801406
65.25508502834279,2.461694136360591
65.32177392464155,2.484393410313799
65.38846282094033,2.45862808196483
65.45515171723909,2.42616333788999
65.52184061353785,2.3908026039361023
65.58852950983663,2.401363762324846
65.65521840613539,2.4106384939103696
65.72190730243415,2.390117112998998
65.78859619873293,2.390269674882845
65.85528509503169,2.436083646407499
65.92197399133045,2.4068618416999525
65.98866288762923,2.348309563429639
66.05535178392799,2.36196183070125
66.12204068022675,2.3586497957842023
66.18872957652553,2.3373490431797492
66.25541847282429,2.3569114503003963
66.32210736912305,2.38208820464046
66.3887962654218,2.315839864044057
66.45548516172059,2.2962619267641124
66.52217405801935,2.365787413700018
66.5888629543181,2.3832895611739637
66.65555185061689,2.403572670322878
66.72224074691565,2.4387594986818226
66.7889296432144,2.4392715634378144
66.85561853951319,2.463172088240563
66.92230743581194,2.484713949555679
66.9889963321107,2.5008851944582617
67.05568522840949,2.4912248353397395
67.12237412470824,2.4963866030107273
67.189063021007,2.478735756081524
67.25575191730579,2.4791201852185187
67.32244081360454,2.444065458455541
67.3891297099033,2.420346738717352
67.45581860620209,2.411877377459604
67.52250750250084,2.383566214516702
67.5891963987996,2.3684156963943463
67.65588529509839,2.363497917091681
67.72257419139714,2.3755657874316123
67.7892630876959,2.4040435064871994
67.85595198399469,2.390129975345856
67.92264088029344,2.4301831138639147
67.9893297765922,2.4583414462226796
68.05601867289099,2.473464261180998
68.12270756918974,2.4780737350598967
68.1893964654885,2.487647360315953
68.25608536178729,2.5232588948359447
68.32277425808604,2.559966284628723
68.3894631543848,2.6000146864802325
68.45615205068358,2.6012544914365425
68.52284094698234,2.617903506386501
68.5895298432811,2.6582099015851623
68.65621873957986,2.6394984205376706
68.72290763587864,2.6299459149261213
68.7895965321774,2.630427014816526
68.85628542847616,2.657414976955908
68.92297432477494,2.6848701414774667
68.9896632210737,2.6779442181415285
69.05635211737246,2.632685934510137
69.12304101367124,2.6400714528390163
69.18972990997,2.612521968719164
69.25641880626875,2.5678238825799573
69.32310770256754,2.529907735757946
69.3897965988663,2.5396991659933126
69.45648549516505,2.580530286821297
69.52317439146384,2.5816971223083844
69.5898632877626,2.588038541947763
69.65655218406135,2.623525390114101
69.72324108036014,2.5771917428415945
69.7899299766589,2.592797035489603
69.85661887295765,2.5924493419600383
69.92330776925644,2.6094310657250004
69.9899966655552,2.594926548472886
70.05668556185395,2.5703884297600914
70.12337445815274,2.5746036968886594
70.1900633544515,2.6240794365886932
70.25675225075025,2.649906739724937
70.32344114704904,2.6346759566195344
70.3901300433478,2.594446795540096
70.45681893964655,2.5439847770291624
70.52350783594534,2.5834677605846768
70.5901967322441,2.554815291940602
70.65688562854285,2.545049889550754
70.72357452484164,2.5846862233330814
70.7902634211404,2.536269179668712
70.85695231743915,2.5810371149529634
70.92364121373791,2.5734279013361885
70.9903301100367,2.5389704018790265
71.05701900633545,2.531549874064559
71.12370790263421,2.5098719706225148
71.190396798933,2.5230965645896863
71.25708569523175,2.503652591573053
71.32377459153051,2.4463033252454816
71.3904634878293,2.439686449213212
71.45715238412805,2.398990097644616
71.52384128042681,2.4051196941642656
71.5905301767256,2.369505784195766
71.65721907302435,2.354865400100603
71.72390796932311,2.360343034227033
71.7905968656219,2.353969272476005
71.85728576192065,2.3614821809660365
71.92397465821941,2.381890795937569
71.99066355451819,2.3471527849456297
72.05735245081695,2.3452208587268886
72.1240413471157,2.2453357448016447
72.19073024341449,2.2527557438521204
72.25741913971325,2.243731319940875
72.324108036012,2.214227827036536
72.39079693231079,2.2236994097054317
72.45748582860955,2.2588803370209836
72.5241747249083,2.2445998045930153
72.59086362120709,2.2162553698857637
72.65755251750585,2.2212061277589252
72.7242414138046,2.1811379277595346
72.79093031010339,2.1613264866434685
72.85761920640215,2.1979985514929834
72.9243081027009,2.199863928387352
72.99099699899966,2.143479919468967
73.05768589529845,2.089570170050585
73.1243747915972,2.0944327408299883
73.19106368789596,2.120304458107519
73.25775258419475,2.0717758143487344
73.3244414804935,2.0852671925736295
73.39113037679226,2.125177497798321
73.45781927309105,2.1818132674370805
73.5245081693898,2.1917499502328766
73.59119706568856,2.206954028069451
73.65788596198735,2.1429584952406064
73.7245748582861,2.205951071680486
73.79126375458486,2.1886863652876025
73.85795265088365,2.160682230534851
73.9246415471824,2.1530260465016626
73.99133044348116,2.1983762489272256
74.05801933977995,2.264617630353532
74.1247082360787,2.2683798907378074
74.19139713237746,2.298322415915917
74.25808602867625,2.299618537376482
74.324774924975,2.2684846731859367
74.39146382127376,2.3127869833095853
74.45815271757255,2.2941231588988935
74.5248416138713,2.34018908210005
74.59153051017006,2.3791453219931222
74.65821940646885,2.3975664099118386
74.7249083027676,2.452435652599469
74.79159719906636,2.519406033595041
74.85828609536514,2.514148732706112
74.9249749916639,2.489884909153619
74.99166388796266,2.4339568140359247
75.05835278426144,2.5012972816988324
75.1250416805602,2.4881068214312787
75.19173057685896,2.522157927144331
75.25841947315772,2.4999202661190467
75.3251083694565,2.5460682353464077
75.39179726575526,2.5250647075919455
75.45848616205402,2.4893131335834253
75.5251750583528,2.483057940654813
75.59186395465156,2.4671046696259635
75.65855285095031,2.4849936631897998
75.7252417472491,2.483451815374024
75.79193064354786,2.5022828872105816
75.85861953984661,2.493552243018023
75.9253084361454,2.4735990218874586
75.99199733244416,2.4560922054505765
76.05868622874291,2.5174403693915073
76.1253751250417,2.524195497358315
76.19206402134046,2.464682631074724
76.25875291763921,2.4490763606711012
76.325441813938,2.4519823416453774
76.39213071023676,2.507344332082889
76.45881960653551,2.538205293559586
76.5255085028343,2.5105537584651287
76.59219739913306,2.5831044310723024
76.65888629543181,2.582169620128258
76.7255751917306,2.6195595144605064
76.79226408802936,2.5849092595385095
76.85895298432811,2.5129643666809827
76.9256418806269,2.470711421969932
76.99233077692566,2.373201417684061
77.05901967322441,2.4365640975016483
77.1257085695232,2.443000085068241
77.19239746582195,2.4152607645148
77.25908636212071,2.4288394854142035
77.3257752584195,2.4345195064996084
77.39246415471825,2.453147508368028
77.45915305101701,2.489433450402116
77.52584194731577,2.4807358158113657
77.59253084361455,2.454340636628336
77.65921973991331,2.4791738930594938
77.72590863621207,2.5032438763960276
77.79259753251085,2.506265950639668
77.85928642880961,2.571592576300091
77.92597532510837,2.5584579126142417
77.99266422140715,2.531462173465184
78.05935311770591,2.544004916290382
78.12604201400467,2.523756780582977
78.19273091030345,2.538622276307324
78.25941980660221,2.5136320286321405
78.32610870290097,2.501624760144184
78.39279759919975,2.558349972745359
78.45948649549851,2.546182352042929
78.52617539179727,2.52221680572241
78.59286428809605,2.557337169383605
78.65955318439481,2.525805910875004
78.72624208069357,2.5050176139705917
78.79293097699235,2.5223144475858614
78.85961987329111,2.5504667903020604
78.92630876958987,2.5870810820344925
78.99299766588865,2.564664427067878
79.05968656218741,2.5825446872574616
79.12637545848617,2.568561441271136
79.19306435478495,2.550391772265817
79.25975325108371,2.5864881557345853
79.32644214738247,2.5700015238587977
79.39313104368125,2.578347661739427
79.45981993998001,2.5830150458163463
79.52650883627877,2.5508924145261913
79.59319773257752,2.5798752001868808
79.65988662887631,2.5966836269972493
79.72657552517506,2.5370949086411367
79.79326442147382,2.545417541978257
79.85995331777261,2.5222283389532585
79.92664221407136,2.555140598145637
79.99333111037012,2.5117786030422145
80.0600200066689,2.501084293983328
80.12670890296766,2.511945030512982
80.19339779926642,2.513575239337238
80.2600866955652,2.536463987038657
80.32677559186396,2.4909113274583783
80.39346448816272,2.5404687575644
80.4601533844615,2.556223097328048
80.52684228076026,2.597014643718075
80.59353117705902,2.623241848795072
80.6602200733578,2.622893545361421
80.72690896965656,2.584367599034086
80.79359786595532,2.567461003596625
80.8602867622541,2.6151479035825025
80.92697565855286,2.656711037032194
80.99366455485162,2.638123037629083
81.0603534511504,2.553573909043018
81.12704234744916,2.5471932170138643
81.19373124374792,2.5385621303699906
81.2604201400467,2.5310689520087792
81.32710903634546,2.5469251280637213
81.39379793264422,2.5732115054433713
81.460486828943,2.602920491856357
81.52717572524176,2.616291766060418
81.59386462154052,2.562268645002739
81.6605535178393,2.55203265302194
81.72724241413806,2.6211553465284156
81.79393131043682,2.63238184857249
81.86062020673558,2.6434164356258063
81.92730910303436,2.654201013819022
81.99399799933312,2.6666624024942016
82.06068689563187,2.595169037061624
82.12737579193066,2.5879833075542917
82.19406468822942,2.586846522600451
82.26075358452817,2.625291384578053
82.32744248082696,2.6267215714167222
82.39413137712572,2.577326229818664
82.46082027342447,2.5902289045038165
82.52750916972326,2.566114165056534
82.59419806602202,2.5296105958240913
82.66088696232077,2.504585824422594
82.72757585861956,2.520860951312529
82.79426475491832,2.558623788505331
82.86095365121707,2.573111686860659
82.92764254751586,2.5920723835691697
82.99433144381462,2.6062637417543097
83.06102034011337,2.609303557060124
83.12770923641216,2.6302114761090065
83.19439813271092,2.557648212096924
83.26108702900967,2.560980862636069
83.32777592530846,2.5296331115974016
83.39446482160722,2.564520188773726
83.46115371790597,2.56010552961722
83.52784261420476,2.5610339722652546
83.59453151050351,2.5158818160376404
83.66122040680227,2.546386742708026
83.72790930310106,2.56520658631624
83.79459819939981,2.581915022786455
83.86128709569857,2.5575243372213903
83.92797599199736,2.5343151418732464
83.99466488829611,2.5410231255066233
84.06135378459487,2.5201881731991818
84.12804268089363,2.533234962079502
84.19473157719241,2.4684075839965005
84.26142047349117,2.4537812473043026
84.32810936978993,2.5076838512670974
84.39479826608871,2.5208684261069703
84.46148716238747,2.5258722360429
84.52817605868623,2.5854290321130406
84.59486495498501,2.5153504235489974
84.66155385128377,2.4908910901053543
84.72824274758253,2.4788558949529325
84.79493164388131,2.504606431943094
84.86162054018007,2.530876122839941
84.92830943647883,2.504895921570462
84.99499833277761,2.5348345512347383
85.06168722907637,2.522735108215087
85.12837612537513,2.559084296984562
85.19506502167391,2.5281050160409007
85.26175391797267,2.524405668068916
85.32844281427143,2.509700648607619
85.39513171057021,2.5413815597545906
85.46182060686897,2.5256981232576052
85.52850950316773,2.5244246673872524
85.59519839946651,2.5396290093171436
85.66188729576527,2.555986763807927
85.72857619206403,2.582595342032122
85.79526508836281,2.5889290853374622
85.86195398466157,2.5763816178790675
85.92864288096033,2.565890655518305
85.99533177725911,2.5666608249745333
86.06202067355787,2.5741485992567648
86.12870956985662,2.5697334498213116
86.19539846615538,2.570309552450278
86.26208736245417,2.5247919366331146
86.32877625875292,2.544812595166755
86.39546515505168,2.550245963833438
86.46215405135047,2.5803020762396707
86.52884294764922,2.580306891461883
86.59553184394798,2.5281549641062298
86.66222074024677,2.5174015784270294
86.72890963654552,2.5114036807334768
86.79559853284428,2.5336907798964847
86.86228742914307,2.471582573561083
86.92897632544182,2.472817959069551
86.99566522174058,2.48822821554335
87.06235411803937,2.4683835789849047
87.12904301433812,2.47062241927941
87.19573191063688,2.4518113240049146
87.26242080693567,2.429924136008303
87.32910970323442,2.4176715405043634
87.39579859953318,2.3963507807303532
87.46248749583197,2.4168593300884433
87.52917639213072,2.394810773783382
87.59586528842948,2.367723473571944
87.66255418472826,2.42076133357713
87.72924308102702,2.4495835339318512
87.79593197732578,2.393738133112075
87.86262087362456,2.370795084416499
87.92930976992332,2.37806897356818
87.99599866622208,2.387781625585125
88.06268756252086,2.343066839613018
88.12937645881962,2.377823804397688
88.19606535511838,2.4025805369731366
88.26275425141716,2.417037585934347
88.32944314771592,2.4577394406557107
88.39613204401468,2.4713081404328383
88.46282094031343,2.4847655668103936
88.52950983661222,2.531495944965061
88.59619873291098,2.564532532386892
88.66288762920973,2.539287308619546
88.72957652550852,2.5582831639797035
88.79626542180728,2.538355128030946
88.86295431810603,2.5534797645594542
88.92964321440482,2.567778169770049
88.99633211070358,2.526274150396369
89.06302100700233,2.522618782057038
89.12970990330112,2.53057649276445
89.19639879959988,2.5174877870346255
89.26308769589863,2.526929085306348
89.32977659219742,2.5511060186163803
89.39646548849618,2.5501882266894578
89.46315438479493,2.5569262109907056
89.52984328109372,2.598428933347385
89.59653217739248,2.6126248308441418
89.66322107369123,2.618649559534376
89.72990996999002,2.5899071781451353
89.79659886628878,2.6100379584868008
89.86328776258753,2.619942456968559
89.92997665888632,2.658454639979601
89.99666555518507,2.6598609962787005
90.06335445148383,2.6053730012746805
90.13004334778262,2.554369375209833
90.19673224408137,2.576439798122625
90.26342114038013,2.5593339901916803
90.33011003667892,2.572437022724995
90.39679893297767,2.5758640020600656
90.46348782927643,2.570858812029248
90.53017672557522,2.5679679734616014
90.59686562187397,2.5420062883102448
90.66355451817273,2.5415329576432546
90.73024341447149,2.523998154659423
90.79693231077027,2.512830459055652
90.86362120706903,2.503120987714377
90.93031010336779,2.4963201896174154
90.99699899966657,2.523985393312628
91.06368789596533,2.5200916684364874
91.13037679226409,2.5508027385341903
91.19706568856287,2.5969383870739846
91.26375458486163,2.622586726605669
91.33044348116039,2.6386207826577244
91.39713237745917,2.64842574894223
91.46382127375793,2.6743865102137323
91.53051017005669,2.6770673323716196
91.59719906635547,2.7066044277503356
91.66388796265423,2.725027601909026
91.73057685895299,2.7142323880856143
91.79726575525177,2.7411079144886985
91.86395465155053,2.7438523146680254
91.93064354784929,2.7406683544396557
91.99733244414807,2.7263823796276863
92.06402134044683,2.7313629450639234
92.13071023674559,2.761256823526313
92.19739913304437,2.787925023694104
92.26408802934313,2.7985268376178727
92.33077692564189,2.8165161468396236
92.39746582194067,2.8546670505853005
92.46415471823943,2.850168061850175
92.53084361453818,2.8167054617442684
92.59753251083697,2.8557393573096257
92.66422140713573,2.839846009748704
92.73091030343448,2.819135866048387
92.79759919973324,2.7652499333883505
92.86428809603203,2.7823884249832793
92.93097699233078,2.733744846246713
92.99766588862954,2.711237082015961
93.06435478492833,2.7288841858514123
93.13104368122708,2.7505418234236636
93.19773257752584,2.7309906989771164
93.26442147382463,2.726966099167344
93.33111037012338,2.7007882633751596
93.39779926642214,2.6843363597408243
93.46448816272093,2.6923228175454117
93.53117705901968,2.677273417181518
93.59786595531844,2.669946965976248
93.66455485161723,2.626005765527721
93.73124374791598,2.659994450471905
93.79793264421474,2.6752964482670367
93.86462154051353,2.6990836094221526
93.93131043681228,2.7377963691606584
93.99799933311104,2.713039982894287
94.06468822940982,2.702288148403446
94.13137712570858,2.64544311737598
94.19806602200734,2.739655804679047
94.26475491830612,2.7351682452195254
94.33144381460488,2.7663300822169727
94.39813271090364,2.729185247886909
94.46482160720242,2.7590769006561993
94.53151050350118,2.8148046269556892
94.59819939979994,2.81299620448485
94.66488829609872,2.782669759587162
94.73157719239748,2.778505867558796
94.79826608869624,2.711703021810079
94.86495498499502,2.710566420779424
94.93164388129378,2.7351954349588135
94.99833277759254,2.734122705627608
95.0650216738913,2.725598518986939
95.13171057019008,2.7414255624703
95.19839946648884,2.7595463078787867
95.2650883627876,2.7097491410036314
95.33177725908638,2.712413829871995
95.39846615538514,2.785493383598872
95.4651550516839,2.7454428962294313
95.53184394798268,2.7428803312444394
95.59853284428144,2.8011327149059904
95.6652217405802,2.8342579696023007
95.73191063687898,2.8188560691790188
95.79859953317774,2.825040130567697
95.8652884294765,2.8249767801681522
95.93197732577528,2.802534626038502
95.99866622207404,2.8003070628137094
96.06535511837279,2.7919080788295134
96.13204401467158,2.795290546971816
96.19873291097034,2.772839051551085
96.26542180726909,2.734540505543745
96.33211070356788,2.733302082341974
96.39879959986663,2.7847556288873374
96.46548849616539,2.787221716675221
96.53217739246418,2.777273903307275
96.59886628876293,2.7998964774584296
96.66555518506169,2.795146889080568
96.73224408136048,2.8511878768293415
96.79893297765923,2.851070501550489
96.86562187395799,2.872085413445234
96.93231077025678,2.8494472819734358
96.99899966655553,2.8645399595735355
97.06568856285429,2.872792763881848
97.13237745915308,2.871097580142072
97.19906635545183,2.8560448473069804
97.26575525175059,2.836903942337409
97.33244414804935,2.8453745222567983
97.39913304434813,2.8642426955476927
97.46582194064689,2.8604278116588686
97.53251083694565,2.869045849532492
97.59919973324443,2.867908409188509
97.66588862954319,2.870864189935671
97.73257752584195,2.864850840455354
97.79926642214073,2.865390017836403
97.86595531843949,2.946331231540926
97.93264421473825,2.9556802605051486
97.99933311103703,2.9750391692580798
98.06602200733579,2.9881798774179225
98.13271090363455,2.9802953727190107
98.19939979993333,3.0191150491177607
98.26608869623209,3.0103801360049705
98.33277759253085,3.042031772473247
98.39946648882963,3.0320055625312534
98.46615538512839,3.0032063869569323
98.53284428142715,3.0141682732040183
98.59953317772593,2.9810282225209552
98.66622207402469,2.9970974292714536
98.73291097032345,2.961272669588714
98.79959986662223,2.9517024286745284
98.86628876292099,2.9087505377787863
98.93297765921974,2.9934755480608684
98.99966655551853,2.9438567612723787
99.06635545181729,2.9441511734842707
99.13304434811604,2.978450301714171
99.19973324441483,3.0095418789717816
99.26642214071359,3.0350821426369756
99.33311103701234,3.0255652909903312
99.3997999333111,3.0660979593804414
99.46648882960989,3.093499692104507
99.53317772590864,3.099868680634321
99.5998666222074,3.107086103366119
99.66655551850619,3.0979684239376577
99.73324441480494,3.0706788631626667
99.7999333111037,3.1077933924270282
99.86662220740249,3.1471596322350743
99.93331110370124,3.1206363580041767
100.0,3.116022803049791
